756301054
756302242
756509184
756503186
756302012
756305205
756306213
756304029
756305094
756509048
756312117
756307089
756515127
756601155
756305105
756313017
756304175
756308021
756511141
756307143
756601132
756602090
756602031
756602042
756316160
756601100
756306080
756315136
756313046
756311228
756602092
756503135
756603102
756603095
756602114
756305023
756505047
756316155
756602021
756502151
756316210
756302023
756311113
756601091
756314066
756502054
756509168
756512025
756603211
756306229
756603196
756603186
756601094
756503193
756601084
756316045
756601047
756516138
756506169
756601106
756601107
756506196
756308219
756601146
756601117
756316138
756601134
756303114
756605057
756601145
756605069
756602179
756605072
756602004
756605073
756309144
756601196
756601169
756307091
756601147
756601215
756601092
756601083
756602088
756605243
756601127
756602036
756601174
756605175
756605143
756605185
756307067
756313209
756602018
756307130
756601173
756602115
756602111
756602075
756605229
756602025
756602175
756602097
756605215
756601104
756602125
756610051
756601066
756610025
756610010
756601245
756602214
756602050
756605191
756602220
756610060
756610155
756610079
756603026
756603002
756602246
756603047
756602123
756602133
756601072
756603051
756602188
756603007
756602193
756610147
756610062
756610150
756610208
756603012
756610230
756610218
756603058
756603077
756603088
756603073
756610083
756610154
756614084
756603103
756603049
756610166
756603091
756603059
756614079
756603115
756603165
756603098
756601248
756610250
756603174
756603096
756603176
756614014
756614087
756603185
756603124
756614145
756603194
756603197
756614013
756614093
756603159
756614189
756614054
756610247
756603220
756614108
756603201
756603210
756614080
756614069
756614132
756603105
756509047
756702169
756614127
756614172
756614184
756702146
756603239
756605026
756605040
756603216
756603189
756605020
756701002
756605012
756614206
756614138
756605055
756605027
756707050
756605058
756614217
756702207
756706118
756605063
756605064
756605075
756711141
756605060
756708027
756703017
756710214
756710023
756711080
756603228
756605114
756706099
756605151
756708093
756710216
756605217
756605170
756605232
756603217
756610004
756605128
756707188
756605235
756714070
756610006
756605093
756605228
756714076
756610045
757001216
757001240
757001174
756610047
757003030
756610040
756610020
756605156
756715003
756610059
757003054
757003063
756610015
757003216
756610027
757003042
757001173
757001194
756610066
756610067
757003178
756610107
757003229
756610074
757003234
756610214
757004048
757004038
756610106
756610073
756610068
757004086
756610117
756610182
757004103
756610233
756610229
756610236
757003102
757005035
757003211
756610222
756610244
756610234
757005081
756610101
756614049
757004013
757005036
756610245
756610215
756610224
757005043
756614031
757005127
756614058
756614131
757005028
757005188
756614146
756614157
757004150
756614085
757007115
757007039
756614139
756614142
756614182
757007143
756614200
757005118
757008012
756614185
756703240
756614204
756614180
757008031
757007134
756614231
757007179
756614236
756614237
757007064
756704076
756614246
757008004
756610044
757008028
756704239
756706036
756707200
757008120
756707202
756708165
756710020
757008245
757007075
757003032
756706229
756711073
757008074
757008147
757010101
757008145
756702036
756707229
756711101
757010029
757010067
756711190
756714013
756714247
756710188
757014100
756714184
757014026
757001152
756714220
757010071
757014054
756715019
757014103
757001166
757014105
757008200
757001071
757014094
757014232
757001025
757015004
757001170
757001169
757014204
757001149
757014184
757014013
757014135
757014226
757015007
757001231
757015021
757003116
757003109
757001239
757014131
757003141
757007022
757003105
757003077
757015045
757015039
757015026
757003083
757015017
757003103
757003152
757003121
757015233
757016030
757004052
757016169
757016111
757016242
757005038
757004110
757016159
757004032
757003222
757003181
757102099
757016078
757016025
757103047
757003239
757001172
757015146
757004115
757005164
757110068
757007129
757007068
757110100
757110173
757110217
757005165
757103243
757008088
757007078
757007189
757102196
757007018
757115184
757008027
757115008
757008029
757008035
757202036
757008019
757114202
757007131
757208042
757114192
757008050
757008076
757103127
757008089
757204132
757114108
757201097
757010094
757008109
757206166
757212089
757207111
757008079
757010046
757007213
757010175
757211115
757008155
756708169
757212202
757209143
757010104
757212245
757014080
757214010
757010239
757213173
757213108
757014032
757301002
757014069
757301029
757014127
757214038
757209215
757010019
757014218
757015010
757010108
757301053
757301077
757215129
757014125
757301104
757301038
757301157
757014185
757015085
757015097
757014148
757301145
757301172
757015038
757015149
757015029
757303193
757015088
757303135
757015019
757014221
757302177
757016181
757016213
757301188
757014247
757301230
757016109
757015115
757016102
757301243
757103066
757104091
757115067
757110207
757016203
757303109
757114189
757304159
757104042
757015121
757114238
757104094
757201214
757115157
757304091
757305170
757206114
757115192
757104155
757206186
757102191
757301191
757205207
757208048
757210224
757306043
757215053
757302044
757301215
757302081
757301039
757302016
757208240
757008158
757301176
757302088
757302083
757301202
757302047
757302106
757211126
757302147
757302171
757302099
757302130
757303030
757302082
757303046
757302113
757303016
757303095
757302163
757303102
757302168
757303142
757303053
757303144
757303048
757303139
757303076
757303100
757303153
757303147
757303182
757303177
757303183
757303187
757303159
757303223
757303154
757308053
757303215
757303207
757308029
757303170
757308143
757304013
757303178
757303166
757303228
757304031
757303250
757308088
757304012
757308153
757303229
757309033
757304030
757304037
757304173
757309133
757304017
757304099
757304081
757304036
757305018
757304053
757304167
757305040
757305064
757305041
757304024
757305158
757305038
757305047
757309226
757310207
757305236
757305120
757309238
757305141
757305204
757305092
757310124
757310040
757305233
757306031
757305180
757305150
757306135
757311046
757310127
757306099
757115078
757306055
757306067
757306189
757306190
757306208
757306109
757307009
757306187
757307001
757306054
757306216
757306235
757306241
757307074
757307072
757306201
757307080
757306197
757306246
757307131
757307042
757311180
757307103
757307095
757307073
757308013
757307142
757307134
757311228
757307181
757307165
757307177
757307121
757307101
757307185
757313006
757308036
757307197
757308212
757308126
757308131
757307218
757308201
757307231
757308188
757309142
757308016
757313093
757308226
757309193
757309121
757309007
757309014
757309157
757309177
757309195
757309051
757309159
757309217
757309209
757308198
757309218
757309225
757313148
757310075
757310106
757309235
757313198
757313240
757310084
757310113
757310149
757310079
757310074
757310150
757309245
757310242
757310017
757310167
757309232
757310103
757310213
757310085
757310222
757310208
757314071
757311031
757311036
757311063
757311045
757311037
757311176
757311153
757311091
757311175
757311109
757311177
757311187
757311206
757311024
757311158
757311190
757315068
757315108
757312031
757315100
757312016
757312026
757312017
757311197
757311124
757312133
757312114
757312057
757312107
757312211
757312055
757312111
757311223
757316028
757312147
757312245
757313004
757312072
757316025
757313005
757312246
757316095
757312168
757313013
757313020
757313022
757312234
757313030
757313054
757313015
757313040
757316182
757313136
757312015
757313100
757313079
757401034
757313051
757313146
757313120
757313068
757401124
757313174
757313144
757313157
757401197
757313214
757403193
757313155
757313179
757313217
757313233
757313237
757314020
757310239
757314066
757314038
757314041
757313235
757313195
757313199
757314058
757314093
757404231
757314088
757314064
757314070
757314110
757314099
757314128
757314127
757314108
757314094
757314126
757314139
757408078
757314225
757314196
757314192
757315020
757314136
757314138
757315064
757314131
757408052
757407205
757314207
757314197
757315071
757315077
757315107
757315057
757312214
757315072
757314075
757315052
757315146
757315130
757315194
757315234
757315170
757315022
757315208
757315181
757315209
757315198
757316010
757315099
757316016
757409242
757316153
757316119
757316051
757315214
757316106
757316085
757316078
757316049
757401051
757401021
757316185
757401141
757402074
757412193
757401232
757411190
757316084
757402093
757403053
757413050
757402165
757402098
757402231
757403068
757403095
757413143
757413073
757414125
757403179
757402025
757412233
757413121
757413144
757402016
757404068
757403151
757403145
757413104
757403166
757413147
757404059
757403195
757404097
757411167
757415213
757404122
757412098
757403229
757316152
757415083
757405061
757404133
757404123
757404105
757404084
757414011
757415151
757405051
757405065
757501189
757403096
757416031
757406023
757405093
757405229
757416220
757507139
757416238
757508006
757406063
757415093
757406044
757405163
757406074
757506228
757603069
757405196
757405099
757416023
757405146
757416188
757608207
757407071
757507058
757406067
757604124
757407024
757407026
757608038
757408048
757608088
757603202
757408125
757603222
757407219
757408022
757603097
757409058
757604107
757415167
758304165
757615133
757409033
757409069
757408179
757408082
757408171
757408234
757409120
758313046
758315177
757408030
757409097
758312147
757409123
757409147
757409042
758401043
757409185
757409169
758312079
757409168
758401047
757409217
758401074
757406091
757409226
757409234
758401124
757410148
758401192
757410126
757410222
757411045
757410014
758306138
757410128
757411070
758401203
758401182
758401201
757411109
757409198
757411165
757412020
758401121
758401181
758402035
757412010
758401117
757411031
758402038
757411178
757410244
758402072
757411084
758402114
758401200
758402147
757413029
758402044
757413077
757413003
757414097
758402129
757413070
757413172
758402171
758402219
758402189
757416157
757415063
757414165
758403140
757416052
758403022
758402213
757413075
757505245
758402138
758402241
757416196
757413117
758403100
758403123
757416217
757416202
757408102
758403029
758403213
758403156
757511065
757416223
757510162
757508048
757510172
758403208
758403170
758404031
758404102
758404118
758403215
757603011
757603232
758404064
757608017
758307006
757416027
757603122
757516025
758404081
757604140
757604051
758402248
758403232
758404112
757511201
757514222
758405014
757615003
757615017
758404144
757608142
758304114
758303112
758404175
757615228
758301160
758405144
758303232
758301183
758404232
758406013
757615041
758405061
758401037
758306174
758405170
758405185
758305105
758308142
758315115
758406042
758405160
758315012
758312069
758406075
758405194
758401059
758406011
758401143
758406035
758401048
758401015
758401101
758401154
758406021
758401113
758406050
758406062
758406104
758401111
758406155
758402020
758406162
758401191
758406041
758406232
758401236
758401134
758405209
758406189
758307168
758406184
758401128
758401166
758401197
758401245
758402040
758402078
758401132
758407024
758407049
758406091
758402152
758402140
758407068
758406221
758402144
758402119
757414131
758402032
758402160
758407023
758402079
758407070
758402093
758407016
758402181
758403081
758402215
758407127
758402029
758407116
758407012
758408037
758407098
758407192
758403151
758407099
758403094
758403063
758403089
758407227
758402204
758408048
758407142
758403057
758402236
758408076
758408071
758403166
758403159
758408062
758404018
758404029
758408061
758408055
758408089
758408128
758404036
758404062
758404088
758403222
758408181
758402131
758404093
758408086
758408081
758408172
758409013
758408174
758408242
758405062
758404033
758404167
758405058
758409008
758404227
758405138
758405176
758409073
758404121
758405083
758407207
758405032
758409085
758408205
758405106
758409245
758404248
758406010
758405140
758405089
758409138
758410005
758406012
758409232
758405186
758409126
758409234
758406002
758406080
758406072
758406054
758410001
758406126
758406218
758409193
758406110
758405202
758410053
758406185
758410014
758410183
758406234
758410022
758410091
758407069
758406207
758406174
758406233
758406240
758410173
758411001
758407018
758407043
758410107
758406160
758410204
758410093
758411003
758410220
758407006
758407141
758407126
758407131
758407130
758411070
758407156
758411065
758411080
758407117
758411084
758411057
758407230
758411211
758410149
758411154
758406097
758407107
758408012
758411185
758411156
758411078
758407162
758407189
758411208
758411228
758407224
758407240
758408058
758411232
758412046
758408031
758408063
758412056
758408080
758412020
758409061
758412072
758408120
758408038
758408185
758411221
758412113
758412166
758408232
758412130
758409003
758412106
758407159
758409072
758408210
758412151
758409031
758412127
758409107
758412076
758412111
758412198
758409157
758412222
758409088
758409184
758409195
758413095
758412170
758409136
758409133
758413080
758409196
758409135
758412168
758409090
758409215
758409198
758409153
758415128
758413037
758413062
758413068
758409188
758409247
758408017
758415139
758413167
758410007
758413145
758409139
758410027
758415080
758409233
758410017
758413157
758415120
758409140
758410108
758415148
758406045
758410112
758415194
758410162
758415036
758410083
758410177
758410031
758410148
758410054
758416152
758410180
758410049
758410178
758410094
758410150
758416024
758415186
758416120
758416142
758416168
758411077
758410039
758410223
758410133
758611070
758410201
758410211
758411166
758411177
758416250
758410121
758411018
758411143
758616219
758416224
758611132
758412061
758411098
758416243
758411075
758411019
758412001
758412052
758411037
758412063
758410187
758416056
758606096
758412118
758701167
758701197
758412027
758416237
758612211
758412207
758412214
758703108
758701103
758702065
758704137
758412178
758412193
758705109
758411202
758413035
758703203
758704062
758704006
758413043
758413030
758413051
758709184
758706065
758413042
758708223
758702066
758413028
758706012
758413067
758413016
758707092
758707200
758413097
758707082
758413040
758413138
758413126
758704012
758413012
758413246
758709122
758710123
758715078
758415053
758415054
758413141
758415077
758413221
758713117
758415085
758716180
758711044
758415114
758413219
758415145
758413029
758801074
758415207
758709246
758416027
758416037
758413124
758801042
758415240
758716221
758415230
758710169
758716075
758711137
758415221
758801125
758801103
758801092
758415220
758801052
758801155
758801037
758416189
758415064
758416049
758416054
758801172
758802051
758802044
758801243
758416114
758416045
758416138
758413110
758801160
758416159
758802118
758802095
758802107
758801179
758613047
758416231
758606138
758802119
758603165
758802064
758416233
758703141
758802201
758604238
758701172
758411127
758704039
758702035
758802138
758702175
758704051
758803007
758802168
758705100
758802202
758704094
758704164
758802056
758708135
758706052
758803156
758803092
758705105
758803109
758708004
758709061
758803138
758802206
758707043
758709057
758709078
758804032
758803218
758711163
758710189
758804102
758804008
758804100
758712035
758803053
758712065
758802189
758711114
758704008
758804093
758712238
758713136
758707030
758804122
758804137
758715039
758712042
758716174
758715122
758804167
758716005
758710082
758713103
758716211
758805024
758801016
758801010
758415081
758805046
758805025
758716197
758805088
758801022
758716248
758801167
758801149
758805119
758801072
758805175
758805159
758805143
758801098
758801046
758801150
758801214
758805110
758805075
758805246
758801130
758801231
758801213
758801193
758805201
758805232
758801104
758806185
758806111
758802045
758801237
758806122
758806054
758802084
758806175
758806090
758801173
758802135
758806031
758805061
758807021
758802029
758802123
758806197
758802116
758806238
758802140
758807022
758802103
758416102
758802096
758802083
758807065
758807093
758802150
758802149
758802162
758807116
758806237
758802054
758802175
758802184
758807169
758808155
758807223
758807079
758807181
758808020
758808039
758802236
758802161
758808181
758802214
758807208
758807234
758807160
758802219
758808162
758807239
758807198
758802176
758808243
758802170
758808233
758808245
758802166
758803063
758808232
758803073
758803096
758803112
758809201
758809050
758803200
758803050
758809170
758803144
758707133
758803186
758803176
758809226
758809121
758809190
758804030
758803140
758810009
758810045
758809215
758809159
758804128
758810018
758803241
758810055
758804129
758803197
758804035
758804159
758810109
758810056
758804023
758810036
758805014
758804250
758810123
758804036
758810100
758810179
758810124
758810210
758810172
758805026
758810126
758810177
758810084
758805107
758805116
758805032
758810060
758805069
758805120
758805042
758805130
758810203
758805151
758805200
758811013
758805161
758811054
758811070
758805182
758811131
758811086
758812042
758812112
758811174
758805183
758811167
758811176
758811234
758811188
758805207
758812096
758806133
758812166
758811160
758806147
758812243
758812151
758813021
758812114
758806170
758806055
758813038
758806240
758811184
758806209
758812195
758807007
758802178
758811223
758813167
758812222
758813119
758807001
758807015
758815028
758813044
758813092
758813187
758813211
758807025
758815115
758807071
758806239
758802215
758812233
758807100
758815037
758807005
758807108
758807098
758803047
758815042
758807083
758815061
758807161
758815113
758807119
758815156
758807171
758807117
758815216
758816042
758815170
758816152
758807091
758807210
758807197
758807216
758815145
758816213
758815058
758807200
758808022
758807241
758816025
758816107
758816203
758808182
758808156
758808031
758816250
758903097
758904166
758903108
758808060
758816172
758809130
758809010
758804164
758902093
758809163
758909170
758903141
758903105
758809154
758904064
758809152
758809009
758809214
758805036
758906041
758809087
758908221
758809204
758810057
758906233
758810023
758810027
758906210
758810067
758911145
758910156
758809183
758810110
758912184
758912209
758810155
758810227
758810011
758913216
758810103
758810173
758811214
758911029
758806035
758810147
758810237
758810180
758912239
758810222
758811033
758810188
758806120
758915120
758810247
758913130
758913232
758811037
758811110
758811044
759003217
759004054
758811089
758811145
758811052
758812022
758811077
759103207
758811177
758811137
759203214
758812135
758915131
758811225
759303045
758812236
758812200
758813054
759303217
758813041
759315214
758813112
758813022
758915083
759003197
758813217
758815127
758813127
758813209
758813073
758813180
759604159
759701042
759701052
758815053
759403207
758815078
759701092
759701213
758815134
759701173
758815240
758815167
759701150
759701172
758815213
759701130
758815227
758816006
759702130
758815189
758815221
758816111
758816128
759702046
759702044
759702029
758816031
759702051
758816188
759702166
758816095
758816236
759702103
758816205
758904093
758816044
759701160
759702107
759702045
759702189
758904128
759702153
759702138
758905145
758905065
759702149
758901059
758909177
758906063
759702178
759702214
758907035
758907233
759702170
758911174
758907191
758905025
759703004
759703053
759703028
759702215
758903168
758911209
758912216
759703047
758908050
759703052
759703073
759702175
758913212
759703140
758915010
758910247
758913214
758909013
758911054
759703144
759703176
758906241
758915147
759703109
759203174
759004232
759003045
759315019
759701022
759203231
759304054
759704100
759703241
759703218
759701037
759704030
759703200
759704023
759304232
759604116
759701010
759701016
759704250
759705110
759701097
759705025
759704167
759704124
759705046
759701072
759315235
759701134
759701125
759204185
759701104
759705026
759203127
759701149
759705159
759705151
759705200
759701167
759701231
759705246
759701193
759705182
759706055
759701214
759701237
759701243
759706054
759706170
759701103
759706133
758815006
759701179
759702056
759706031
759702083
759701232
759702118
759702084
759706239
759702161
759706237
759707022
759702116
759702054
759702176
759707079
759702063
759702162
759702123
759707065
759702168
759707001
759702202
759702135
759702219
759707100
759702200
759707091
759706187
759707083
759702201
759702184
759703007
759702206
759707119
759707161
759703096
759702236
759707197
759707169
759707116
759703138
759703050
759703092
759702095
759707181
759703112
759703063
759707200
759707216
759707213
759703186
759703156
759707171
759704032
759704026
759703088
759703197
759704027
759704008
759703188
759707241
759708162
759704036
759707234
759708060
759708020
759708022
759704105
759704139
759704129
759704035
759303197
759704102
759704093
759704159
759708232
759709050
759704137
759709014
759705032
759703190
759705075
759708245
759705014
759709016
759709159
759710011
759709201
759709127
759705069
759708182
759704164
759705024
759705119
759708233
759705015
759705042
759705088
759710036
759705116
759705036
759709204
759709154
759705130
759710055
759705120
759705183
759705107
759705175
759705232
759706090
759705207
759710123
759706035
759710100
759705201
759706185
759705143
759710188
759705161
759711121
759705248
759710173
759710210
759711167
759707005
759711131
759706120
759707021
759706122
759705239
759711089
759707007
759711246
759711044
759710179
759706111
759706197
759707098
759707093
759711188
759706225
759706238
759707071
759711225
759707117
759712180
759707108
759712013
759707160
759707025
759711160
759711174
759712042
759707015
759707198
759707223
759707188
759707239
759712135
759707208
759712077
759707210
759712093
759708031
759707190
759708033
759711223
759712097
759708243
759708156
759708181
759712222
759713021
759708041
759714026
759708209
759712095
759712072
759709061
759708155
759709044
759714020
759708039
759709121
759712243
759709039
759713022
759709009
759712233
759709128
759709130
759709170
759714054
759713112
759713054
759713127
759714058
759709152
759709160
759714062
759714028
759709183
759714128
759714071
759709194
759714085
759704128
759710023
759714157
759710045
759714173
759710018
759709163
759714070
759714232
759710027
759710009
759709215
759710103
759714198
759714169
759714201
759710109
759714231
759714193
759714221
759710060
759710124
759710067
759710057
759714238
759710084
759710147
760401061
759710177
759715127
759710056
760401039
759710126
759715240
759709226
759715078
759710222
759714204
759715213
759710172
759715145
759710247
760401125
759711054
760401080
759715189
759715113
759710227
759711013
759711052
760401095
759715115
759710155
759711137
759711110
759711176
759710237
760401177
760401169
759711037
759711077
759711177
760401103
759711086
760401138
759711214
759711039
759711070
760401183
759711184
760401221
759712112
760402066
759711145
760401174
760402124
759712096
760402030
760402078
760402113
759712022
760402091
759712114
759712151
759713041
759713044
759711234
760402083
760401215
759713180
759712231
759713038
759712166
760402152
760401171
759713073
759714083
759713228
759714045
759713167
760402166
760402134
760402142
760402208
759713211
759714086
760402123
760402188
760402163
759714046
760403008
759713119
760403011
760402178
760403069
759714096
759714064
759714121
760402199
760403081
759714192
759714163
760403114
760403076
759714107
759714125
759714191
759714250
760403131
760403077
760403223
760403153
759714159
759715014
760403104
760403042
759715029
759715028
760403105
759715167
759715006
759715042
759715221
760404017
760402215
760403165
759715058
760403134
759715156
759715227
760403176
759715190
760403229
760401025
760401055
760403218
760303207
759714229
759715216
759715053
760401085
760404025
760401098
760401140
759715134
760402181
760401150
760401099
760404006
760401102
760401111
760404024
760401051
760401113
760404076
760401178
760401144
760404094
760404041
760404034
760401191
760401205
760404159
760402025
760404140
760404114
760401152
760405061
759714174
760402116
760405046
760402187
760402131
760404110
760402038
760402039
760404131
760405131
760401214
760405071
760402077
760402118
760401234
760402219
760402111
760402193
760404230
760405151
760402151
760405077
760402150
760403005
760403006
760404175
760405245
760403026
760403025
760403049
760405157
760403048
760405191
760403052
760406091
760403098
760405174
760405158
760403024
760403056
760405214
760403111
760406055
760405167
760406098
760403100
760403093
760406122
760403116
760406068
760403159
760406052
760406171
760406135
760403156
759710180
760403110
760406133
760403096
760406132
760403183
760403166
760403175
760403232
760403191
760406174
760403211
760403216
760407089
760403199
760406231
760403225
760407035
760403182
760404019
760403214
760404026
760407067
760403226
760407078
760404029
760405030
760404235
760407047
760403172
760404122
760404018
760404059
760404037
760404048
760407070
760407146
760404044
760404079
760408092
760407160
760407200
760404139
760408046
760404049
760407214
760408169
760408088
760408016
760404133
760404130
760407205
760404156
760409041
760408192
760404161
760404105
760408244
760404173
760404162
760404128
760404170
760408069
760404183
760409049
760408206
760405170
760407091
760404250
760409061
760409099
760405080
760405116
760405086
760409128
760409026
760409121
760405164
760409129
760405185
760405068
760409164
759709007
760409087
760410005
760409234
760409073
760405109
760405171
760409170
760409150
760410113
760405248
760409153
760409195
760410133
760406069
760405199
760405239
760405204
760410041
760410020
760410006
760405234
760405226
760406103
760410120
760410140
760410057
760410204
760406062
760406168
760406120
760410177
760410173
760410194
760410188
760406022
760406107
760410167
760406213
760410147
760406175
760411011
760407048
760411057
760411125
760406238
760406079
760411177
760411111
760407132
760407059
760407038
760411185
760407097
760411093
760407206
760406109
760406230
760410213
760407189
760412001
760407211
760407172
760407233
760407194
760412039
760406111
760411079
760408045
760408021
760412157
760407143
760408148
760408058
760412211
760408181
760412104
760408193
760408070
760408015
760408197
760409197
760413023
760408224
760408189
760413028
760408232
760412164
760409012
760406003
760413056
760409035
760413104
760408182
760413111
760409104
760409001
760413115
760409134
760409160
760409166
760409133
760409116
760412250
760410009
760413117
760409225
760413145
760413173
760410004
760410022
760413085
760410059
760413227
760409082
760409211
760410172
760414065
760410116
760410036
760410169
760410058
760410174
760407135
760410163
760410208
760414064
760410084
760410248
760410205
760414067
760410232
760414105
760414112
760414094
760411045
760413243
760414090
760414165
760411001
760411014
760410175
760411065
760411023
760411076
760414185
760408141
760414204
760411052
760408136
760414236
760414219
760410226
760411116
760411103
760414250
760415003
760415009
760414243
760411122
760412209
760415037
760414220
760415045
760411184
760411143
760411164
760415059
760411247
760411160
760411193
760412055
760415066
760411244
760411234
760411120
760415122
760412090
760412024
760411208
760412011
760415092
760415067
760415054
760415068
760412078
760412056
760415087
760412170
760411132
760412077
760412123
760415126
760415100
760415135
760412176
760415071
760412129
760412136
760415078
760415159
760415142
760415190
760415120
760412151
760415206
760415149
760412107
760412069
760412183
760412207
760412241
760413016
760412230
760415145
760412184
760413078
760415147
760415246
760415216
760413065
760415168
760415143
760415178
760415188
760413011
760413024
760412242
760413112
760413088
760415215
760416033
760413079
760415240
760413124
760416041
760415183
760416036
760413048
760416044
760413121
760416006
760416042
760413160
760413228
760413179
760416082
760416080
760416032
760413161
760416074
760416047
760409077
760416088
760416051
760413126
760413235
760416037
760413033
760416112
760413158
760416175
760416161
760414029
760414139
760416149
760416217
760416060
760413238
760416207
760414069
760416129
760416192
760414013
760413247
760414107
760416218
760416181
760416102
760414135
760416162
760416220
760413222
760414163
760416224
760416238
760414149
760414058
760416233
760416242
760503134
760414249
760503127
760414140
760414008
760503030
760503231
760415019
760413244
760415038
760503190
760416221
760414168
760415002
760516182
760516166
760415052
760414228
760503065
760414218
760415048
760415136
760416247
760516153
760415197
760415049
760504185
760415127
760415198
760415199
760415204
760414239
760416021
760701008
760416126
760703203
760416063
760702175
760415072
760701172
760416164
760415094
760701201
760702065
760701103
760416024
760416153
760701197
760416117
760704137
760416176
760415139
760704006
760416241
760704012
760704094
760416234
760503064
760705029
760503055
760503173
760604159
760503214
760704051
760503101
760416179
760416232
760704164
760604116
760707082
760416225
760416231
760516228
760504035
760416151
760707030
760711114
760705105
760709057
760516234
760710189
760709058
760701007
760706012
760710169
760701167
760516210
760709184
760603235
760503174
760604235
760603102
760715122
760702035
760702066
760712065
760503238
760702114
760715039
760701186
760712042
760714246
760707043
760714196
760703108
760704039
760805180
760504170
767302025
760706052
767302145
760714247
767314031
760716248
760705100
760706065
760716075
767502043
767413040
760705038
767406010
760704062
767312235
760707092
760416152
760708004
767416155
767304187
767405225
760711044
767503005
760708188
767503217
760710082
760708135
760711137
760709246
767413133
767503091
760709122
760708223
760712035
760713136
767507207
760711163
767508109
767507065
767507060
767510040
760713166
760712238
767511191
767512026
767508034
767507218
760710123
760713245
760716035
767514010
767511044
767503072
760714096
760713117
760714195
760715078
760716005
760716174
767510047
767512227
760716197
767514231
767514032
760716180
760716221
760713103
760801103
760801098
767513176
767515108
767514163
767304009
767301178
767703189
767308016
767516061
767712172
767310033
767706011
767305208
767710155
767305159
767810233
767805242
767712228
767803189
767311110
767810155
767404114
767406052
767303112
767810117
767404064
767901101
760716211
767906166
767406175
767316149
767903222
767907127
767416124
767311167
767415231
767901036
767915208
767502074
767903027
767914158
767502145
767501009
767503089
767406104
767415189
767913003
767413165
767501243
767505175
767503105
768008014
767916221
767503096
768105161
767506094
767503154
767910229
767914071
768105038
767502051
760604017
767915107
767504128
767505103
767510233
768104155
767508120
767506177
768111092
768106229
767505164
768107054
767506232
768110084
767504107
768008168
768101143
768115106
768203189
767510237
767509108
768112021
767511218
768110108
767509158
767509202
768215063
767511219
768202127
767515142
767514197
768116103
767710117
767515199
767515083
767711135
768309141
767516070
768212028
767515234
767705242
768207181
768306011
767515002
767710233
767512057
767514246
768310155
768310117
767903049
768306091
767809034
767514121
767802127
767715063
767714071
767901061
767813084
768309034
767809141
767903073
768312228
768314071
768401025
767908121
768401013
768401065
768209136
767702127
767901107
767902143
768401205
767907030
767905233
768101080
767509020
768401077
768402129
768401092
767912236
768103061
767904126
767907036
768008033
768402143
768402249
768101219
768008174
768402191
768104183
768402188
768104133
768102028
768403125
768106213
768104067
768108190
768403072
768403245
768108118
768404104
768404019
768403011
768404077
768111138
768404049
768114049
768405015
768103228
768403241
768404155
768110062
768116188
768401005
768406123
768111156
768113132
768112107
768111132
768405082
767514037
768405092
768111218
768405152
768407119
768406072
768114057
768406126
768202215
768407136
768407027
768201060
768407045
767303106
768407198
768205029
767705029
768205242
768408059
768116098
768114233
768209141
768408199
768210155
768408017
768406145
768211135
768407118
768407229
768303109
768407209
768302127
768408018
768303189
768408206
768409011
768405019
768406124
768305029
768210117
768206011
768410055
768309136
768408182
768408118
768210233
768408082
768410159
768408105
768409135
768408045
768402078
768409195
768401175
768402111
768402038
768406033
768407042
768410224
768410014
768214071
768409099
768313084
768310233
768411185
768305242
768405018
768410146
768410094
768311135
768411105
768403032
768411008
768409233
768410236
768409049
768409149
768411046
768411163
768411016
768411023
768415106
768411150
768407048
768411093
768411014
768413172
768413103
768415185
768416246
768412029
768416125
768411234
768411211
768412113
768412072
768415143
768413037
768501094
768412017
768414121
768505228
768413038
768506175
768412143
768507094
768508216
768411135
768508186
768506052
768413239
768413092
768412201
768413173
768511150
768413220
768413221
768510028
768510224
768510240
768414031
768509129
768413190
768413031
768506027
768414169
768710023
768413232
768513155
768413241
768415122
768416249
768415055
768415127
768501194
768414067
768501006
768502010
768414221
768710002
768606117
768415156
768502038
768501087
768614133
768504047
768504079
768503125
768503234
768604095
768503061
768501169
768503241
768504084
768504113
768504086
768506119
768504155
768505080
768505183
768505136
768506245
768505131
768507140
768508053
768507207
768811080
768506206
768508019
768506028
768504248
768510236
768512245
768508218
768901116
768511185
768509057
768510146
768510007
768509011
768901134
768512166
768509195
768512072
768512013
768511163
768512195
768513101
768513078
769007134
768513173
768901246
768511008
768513147
768514139
768513022
768514113
769008219
768515200
768516125
768516214
768514236
768516113
769008133
768514067
768513177
768516246
768516249
769011056
769009007
768515228
768614236
768615220
769013217
768516243
768604117
768609086
769008035
768608232
768607042
769016084
768710028
768710041
768611084
768710014
769105029
769111135
768710140
768710059
768710031
768710087
768710099
768710120
768710194
768710129
769301030
768505234
768710144
768710090
768710145
768801161
768710210
768710165
769301037
768710200
768710168
768806038
768807023
768901047
768808118
768807030
768901009
768414113
768901096
768901104
768901071
768901038
768901093
769301237
769302023
768901100
768901129
768901145
768901133
768901193
768901101
768901173
768901197
769003197
769004166
769302046
769003023
769008063
769003099
769005152
769008080
769302193
769007122
769005151
769006181
769007190
769011122
769008134
769101025
769008145
769302236
768710086
769014070
769101060
769008236
769302220
769011006
769012053
769014084
769103189
769105242
769109136
769114071
769109141
769107181
769109128
769201149
769106011
768710188
769110155
769110233
769110117
769202127
769207181
769203189
769209136
769206091
768710181
769213084
769206011
769209034
769210155
769212228
769303174
769210233
769211135
769301011
769301034
769301007
769301052
769301051
769301023
769301091
769301040
769214071
769301046
769301083
769301121
769210117
769301117
769304020
769301077
769301104
769304035
769304086
769301157
769301151
769301186
769301205
769301152
769301175
769301215
769301195
769301134
769302039
769302036
769301243
769301236
769301213
769302050
769301147
769302045
769102127
769302051
769301242
769302065
769302134
769302038
769302116
769302071
769302128
769302138
769302133
769302169
769305068
769305124
769305142
769302188
769302196
769302094
769302141
769305130
769302189
769305201
769302216
769305200
769205029
769306091
769306035
769303011
769302241
769302171
769302206
769302248
769302218
769302239
769302224
769303014
769305244
769303028
769303027
769306245
769303033
769303050
769303047
769307038
769303069
769303051
769305241
769306166
769303108
769303088
769303103
769303071
769303128
769303164
769303089
769303112
769303165
769303207
769303004
769303134
769308026
769303182
769303065
769303197
769303217
769307130
769307233
769303225
769303216
769303228
769303249
769303190
769308156
769308084
769304036
769303215
769304099
769304034
769303213
769303229
769304116
769304073
769304017
769303242
769304137
769304043
769309161
769304129
769304113
769304128
769305016
769304154
769304239
769304187
769304229
769304166
769304150
769305047
769305043
769305038
769304250
769305018
769305141
769309150
769305188
769305088
769305060
769305202
769305215
769305121
769305120
769306015
769305203
769305140
769306026
769305246
769305233
769305191
769306213
769305101
769306109
769306114
769306074
769306155
769306183
769307063
769307004
769310181
769307096
769307037
769306214
769307145
769307129
769306231
769310140
769311024
769307128
769307158
769311076
769307156
769307029
769310130
769307001
769307165
769311125
769307060
769308034
769307224
769307217
769307205
769308047
769308055
769308039
769308070
769307166
769312015
769308063
769308121
769312211
769310216
769308181
769308191
769312056
769311211
769308021
769308206
769308187
769313017
769312112
769308220
769308073
769308114
769312096
769308185
769308250
769309041
769308197
769308244
769308208
769313051
769314013
769314031
769313157
769309152
769314009
769309008
769309111
769312145
769309162
769309124
769309074
769314033
769308150
769313238
769309168
769310018
769309039
769309205
769312043
769309207
769309209
769309128
769309155
769309136
769309237
769310025
769310072
769314057
769313231
769314034
769310004
769309195
769309202
769314018
769310019
769310099
769310045
769310093
769310052
769314050
769314152
769310091
769314093
769310086
769314085
769310069
769310120
769310127
769314049
769310112
769314107
769314140
769314103
769314110
769310123
769310034
769310125
769310155
769310117
769314132
769310126
769314201
769310129
769314213
769310213
769314170
769314173
769314073
769314236
769314212
769315009
769310233
769310118
769314238
769314220
769315052
769310151
769315125
769310188
769314219
769310186
769310242
769311075
769311097
769315001
769311103
769311094
769311126
769315064
769316011
769315207
769311123
769311142
769315160
769315174
769316045
769316074
769315187
769312107
769311046
769315040
769316027
769312042
769312141
769311166
769315143
769315104
769311034
769313060
769313007
769315248
769316229
769316194
769316217
769311159
769313138
769312020
769316164
769315246
769316077
769316219
769402095
769401134
769316248
769313032
769313193
769402218
769312144
769313140
769401037
769313245
769401213
769313149
769403151
769313156
769314015
769313227
769314021
769309196
769401183
769401014
769314086
769314090
769314142
769314218
769314186
769314222
769316218
769401055
769315004
769315105
769405018
769314035
769310241
769404131
769401088
769404088
769310217
769314023
769401104
769401100
769316133
769401069
769401077
769401174
769401126
769314163
769401162
769401160
769401117
769405130
769401231
769401171
769401216
769405104
769401212
769401195
769405190
769405143
769402017
769401242
769405175
769402040
769402020
769402063
769401157
769406097
769313040
769402078
769405164
769407099
769402124
769407076
769402125
769402169
769402079
769402189
769402082
769402172
769402193
769402216
769402192
769402210
769402223
769402197
769402224
769407190
769402196
769402220
769402221
769402240
769408026
769403016
769403024
769403011
769403061
769403047
769403050
769314182
769403070
769403069
769403025
769403065
769403103
769403190
769403106
769403225
769403217
769403125
769403071
769408125
769403147
769404017
769403197
769404116
769404008
769404129
769404020
769404024
769404140
769404126
769401236
769409016
769404135
769402044
769404157
769404030
769405012
769405029
769404224
769404239
769405032
769409178
769402064
769405064
769404159
769409116
769410025
769405036
769402141
769405080
769405016
769405043
769405115
769405188
769405159
769404128
769404250
769405207
769405211
769406035
769406109
769405186
769405163
769405120
769407122
769405221
769405198
769406245
769407093
769406186
769407037
769406169
769407044
769405145
769411024
769406110
769407110
769407107
769406152
769407184
769411013
769407126
769407063
769407140
769411068
769407233
769407217
769408037
769408018
769407176
769407241
769407247
769408009
769408043
769407191
769411073
769408063
769408039
769408021
769405088
769408057
769408121
769408071
769413096
769408094
769408143
769408133
769412145
769408136
769408171
769407200
769408219
769408197
769408230
769408055
769413231
769408181
769408191
769409103
769408070
769408242
769408250
769409041
769408224
769409049
769409168
769408243
769409074
769409129
769409152
769409128
769409195
769409143
769409087
769410069
769414113
769414103
769409148
769409111
769410072
769409187
769410052
769409176
769410125
769410116
769410147
769410129
769409203
769410216
769410167
769410148
769410159
769410149
769414250
769410023
769410163
769415092
769410223
769410188
769410232
769411072
769411001
769410185
769410150
769410020
769411012
769415072
769411027
769415087
769411011
769411094
769410236
769411046
769411168
769411190
769411125
769411184
769411153
769411220
769412023
769411097
769411243
769411214
769411178
769411123
769412046
769411245
769411250
769411206
769412157
769413031
769416164
769412144
769411180
769413078
769413017
769413060
769412164
769413173
769412111
769413240
769413245
769413238
769414023
769413208
769414028
769414038
769414033
769414061
769413156
769416219
769413236
769414021
769414101
769505129
769414049
769414073
769414068
769505055
769414060
769414114
769414051
769414142
769506245
769507185
769414099
769414140
769510250
769414177
769508182
769414117
769414115
769509167
769414085
769516236
769414190
769414131
769507128
769414186
769414189
769506100
769512179
769510006
769414107
769414192
769414236
769510099
777606031
769414247
769414160
777613127
769414214
777609049
769512249
769414237
769415052
769415009
777611224
769414191
769415064
777701069
777616036
769414182
769415129
769415127
769415080
769516250
777610194
777604172
769415187
769415207
769415214
769416009
769415132
777705037
769415020
769415190
777709002
777615152
769415105
777714052
769416028
769416031
769416004
777713003
769416036
777709156
777707160
777705020
769416065
769415199
769416027
769416032
777801138
769416048
777805050
777801129
777802038
777805151
769416077
769416114
769416060
769416121
777806165
777806155
777806101
777714220
769416075
777801234
777805197
769416070
769416053
769416176
777803102
769416133
777811135
777809018
769416204
769416218
777710066
769416149
777813143
777812030
777901133
769416125
777814027
769416113
777816121
769416237
777902149
777909018
777907172
769416193
777808069
777815092
769416224
769416247
777901197
769416221
769414219
769501181
777802032
769504117
769506048
769503047
769502093
777901234
769503229
778008078
769503215
778010202
769504084
778010033
778012101
769507053
769505177
769507071
769508056
769506140
777604135
777709018
769508032
769516219
769504008
769515174
769515098
769416006
777615122
777613112
777710085
769510112
777710194
777616142
777709129
777714198
777714072
777711131
778201016
777802143
777616153
777801205
777712235
777801197
778110202
777713224
777805030
778201037
777804230
778201023
777815038
777805130
778201022
778116011
777807077
777816088
777806138
777716012
777813093
777901134
777902032
778116161
777814115
777905030
778201155
777904069
778201214
778201210
777903106
777813138
778202028
777906147
777906138
777906101
777903042
778202103
777909044
777907046
777907077
778202095
777902143
777909178
777913076
777913089
777807046
778202138
777913099
777913058
777907099
777909068
778202169
778202166
777913193
777911011
777914189
777915038
778003024
778202178
778202176
777916121
778002038
777913100
778003103
778008080
778007209
778202215
777915092
778011216
778005131
778011005
778012221
778203112
778010245
778016084
778015105
778013057
778103084
778203241
778016228
778015007
778203197
778102038
778101205
778103103
778104052
778015003
778105246
778204093
778106231
778110014
778201010
778201046
778204159
778106051
778111187
778111197
778201053
778201052
778201072
778201074
778205024
778201103
778201092
778205026
778201104
778201125
778205032
777814189
778205042
778201144
778201167
777902038
778201150
778201160
778205088
778201231
778205116
778201149
778201172
778201232
778205175
778201237
778205182
778205207
778201130
778201193
778201173
778205143
778205161
778201179
777903048
778202002
778201243
778201213
778205200
778206133
778202054
778202072
778205246
778202106
778202019
778202064
778202056
778206120
778202107
778206128
778202135
778202044
778207001
778207025
778202116
778202119
778202084
778205201
778207108
778207091
778206209
778202149
778202123
778206158
778207071
778202083
778207160
778202161
778207117
778202140
778207188
778202201
778202170
778207093
778207169
778207141
778207098
778202206
778207021
778202096
778003084
778207110
778203047
778207161
778202189
778202175
778203007
778207171
778207181
778202217
778202236
778203053
778202184
778202200
778208033
778203050
778203164
778207210
778208020
778202168
778203052
778203186
778208031
778208039
778203063
778208156
778208056
778209050
778203200
778203073
778209009
778208223
778209152
778203096
778208232
778203218
778203176
778202219
778204030
778209154
778203088
778204023
778207223
778209194
778209159
778209183
778209163
778209126
778209215
778204128
778209204
778209226
778210123
778204036
778204129
778204035
778210036
778204008
778204068
778210023
778210100
778210110
778210173
778210175
778210147
778204137
778204139
778210237
778205014
778211044
778210180
778210187
778210055
778205069
778204250
778205110
778210177
778204167
778211037
778211077
778210247
778211089
778204164
778205061
778205130
778205119
778211160
778205205
778205151
778204100
778211013
778205107
778211131
778205019
778211184
778206122
778210179
778206147
778206164
778205036
778212112
778206237
778211177
778211214
778211176
778212022
778206055
778211167
778212166
778212114
778212200
778206197
778212231
778213119
778207076
778212195
778206031
778212151
778207079
778213054
778213021
778212233
778206185
778207022
778213211
778213187
778206238
778213209
778206225
778214058
778207015
778207065
778213073
778214014
778212093
778213228
778207119
778207197
778207200
778207208
778207083
778207190
778214045
778214064
778208060
778213180
778214020
778214163
778214121
778214107
778214070
778207116
778207216
778214157
778208022
778214128
778208155
778215028
778208243
778214173
778214250
778214054
778207198
778215061
778208181
778215037
778209007
778214241
778209121
778215058
778215042
778209214
778215029
778209201
778210045
778207100
778214229
778215078
778215113
778210103
778215227
778210126
778215170
778210009
778210109
778215213
778207225
778216031
778216128
778216188
778304174
778210011
778203109
778210172
778215216
778210084
778211052
778210027
778216213
778405157
778210210
778301100
778406112
778315220
778211033
778304095
778211054
778210203
778210222
778408022
778408102
778406113
778210155
778315143
778211137
778410213
778503140
778211070
778211086
778212042
778507162
778212096
778210188
778314133
778210227
778504017
778211225
778211145
778216095
778503181
778508108
778212222
778507207
778211174
778212168
778601038
778213167
778213041
778212135
778214046
778213038
778507111
778601018
778601054
778213092
778601021
778601117
778503185
778214086
778214085
778601074
778601150
778601120
778214192
778214071
778214028
778214198
778601083
778601094
778214193
778213127
778214096
778215014
778601118
778601130
778601167
778601138
778601192
778601200
778215115
778601179
778215008
778213217
778215145
778214232
778214169
778601216
778601232
778602021
778214231
778602029
778215156
778215127
778215134
778216006
778214221
778208162
778216172
778602004
778215189
778602074
778602103
778602063
778215221
778602031
778216250
778216152
778602150
778602023
778215190
778215240
778602113
778602091
778216044
778602116
778602145
778216042
778410173
778314236
778314008
778411018
778304117
778406207
778602163
778602229
778401102
778216025
778602250
778603014
778402140
778503218
778504032
778603048
778315178
778503173
778603050
778603025
778602123
778507033
778603047
778601101
778602196
778603100
778601214
778603075
778603031
778603098
778603202
778603033
778601198
778601002
778601116
778508081
778601142
778603186
778602117
778603144
778603239
778601220
778603154
778504238
778604033
778213022
778604114
778604183
778603216
778602015
778603172
778602135
778601042
778602056
778602161
778602185
778602027
778604006
778601246
778603187
778602077
778604232
778602147
778604235
778602071
778601230
778604119
778604096
778604240
778603250
778605028
778604099
778602043
778602166
778605027
778604248
778603080
778605042
778605129
778604116
778602178
778605130
778602124
778603149
778603042
778601159
778603171
778602181
778603022
778603163
778603168
778605050
778605055
778605109
778605086
778605146
778605119
778605131
778603233
778604031
778603245
778605171
778605176
778604142
778605248
778603152
778605144
778604153
778604117
778603208
778604086
778606035
778606182
778603024
778606183
778606186
778605043
778605071
778606032
778606189
778606028
778605093
778606216
778605197
778605073
778605014
778607009
778606010
778605244
778606228
778604238
778605060
778605213
778606210
778604229
778606015
778607058
778607030
778605132
778607014
778607015
778607048
778607104
778607044
778605149
778606234
778605163
778607097
778607094
778606226
778607149
778607039
778607161
778607046
778607195
778606152
778607080
778607027
778606232
778607234
778608179
778607205
778608171
778608115
778607162
778608124
778607099
778607188
778607107
778607228
778608180
778607207
778608200
778609081
778608031
778605185
778609008
778607132
778607181
778607122
778609101
778608070
778608109
778608198
778607232
778608032
778608220
778609043
778609087
778609133
778608172
778608181
778609141
778608076
778609157
778609085
778609188
778608028
778609155
778609037
778608125
778609233
778609220
778608199
778608204
778609124
778609002
778608064
778608226
778610033
778610017
778609202
778609239
778610018
778609134
778609122
778610031
778609203
778609250
778609014
778610062
778610189
778609247
778609115
778610156
778609140
778610129
778610093
778610128
778610168
778609051
778608132
778609168
778609020
778610154
778609162
778610234
778610180
778610204
778610068
778611037
778611012
778609102
778611024
778610150
778611175
778611075
778610083
778611006
778611094
778610240
778610179
778611009
778611147
778612012
778610244
778610172
778611029
778612016
778611105
778611170
778611001
778611218
778612035
778610238
778611013
778611137
778611067
778611216
778611153
778610246
778611097
778611141
778611131
778612105
778612057
778611122
778611140
778612098
778612114
778613011
778612006
778611221
778611158
778613033
778611200
778612122
778612078
778612005
778613238
778612039
778612216
778612007
778613218
778613146
778612036
778613039
778613224
778615130
778613095
778614168
778612141
778614008
778614013
778614138
778612091
778615041
778615150
778614202
778615112
778615137
778612166
778614233
778614039
778612151
778613028
778614139
778612240
778613204
778614075
778614077
778615181
778615206
778614049
778613230
778615250
778616039
778615149
778616058
778613080
778614126
778616238
778614084
778614127
778616137
778616049
778616102
778614088
778614232
778614093
778615248
778616191
778614098
778613127
778614064
778615199
778616130
778616242
778616035
778705118
778616042
778614239
778614250
778614222
778615017
778702140
778701221
778711181
778708073
778615098
778706155
778615189
778615072
778614190
778615227
778713145
778615038
778805014
778615009
778802250
778809044
778615100
778809031
778616031
778801171
778805213
778806240
778616075
778809140
778812024
778805236
778616041
778616089
778813222
778812154
778813060
778810066
778812151
778815106
778616233
778614218
778616155
778815074
778816133
778815129
778813245
778616131
778616183
778616164
778616152
778905032
778909044
778614242
778616117
778816219
778707202
778701175
778915223
778910066
778913245
778906223
778814038
778709068
778912154
778909211
778912137
778708039
778710185
778616168
778711167
778711250
778816207
778616044
779005109
779004155
778706112
778715143
779014144
778903127
778805032
779013204
779001041
778801152
778802115
778803232
779111149
778801232
778715189
779110180
779106009
778803127
779016191
779012075
778806223
779111141
779110244
779110140
778611044
779111205
779202146
778814031
778812236
778805194
778813031
778809166
778816108
779105197
779202192
779111241
778807001
778805163
779113045
778814246
778814245
779205223
778815029
778901132
778613184
779211077
779203014
779213145
779207224
778902250
779213247
778907097
778907135
778906240
778909140
778909031
778703082
779216120
779302039
779303052
779215238
778916207
779210248
778913110
778907115
778905117
779305058
778912036
778706115
778914038
779007240
779313117
779012145
779211226
778616103
779308136
779314114
779008124
779005094
779012104
779313180
779007024
778911068
779015107
779102085
779203194
779506050
779105165
779402191
779106243
779107118
779506197
779110203
779110204
779511195
779512076
779112097
779113043
779109199
779113248
779109152
779202082
779515136
779512088
779204080
779603030
779113166
779203175
779205138
779116194
779202210
779206011
779513103
779114222
779206145
779205051
779603015
779603047
779603106
779209193
779603114
779208059
779202098
779213141
779207220
779211012
779603179
779216196
779302083
779210081
779603121
779603163
779603048
779603176
779301242
779303215
779213231
779603181
779314149
779211241
779312065
779603187
779603188
779606028
779603194
779606053
779314072
779313145
779305194
779316021
779606128
779511034
779303093
779606103
779409015
779603224
779515046
779606132
779511096
779606121
779606033
779311088
779504131
779409080
779606152
779606190
779606173
779311073
779311089
779204247
779516142
779516180
779603002
779606214
779401103
779606133
779603051
779603070
779603152
778906075
779603113
779608004
779603172
779606184
779608020
779603150
779608009
779603159
779603165
779603243
779608110
779603212
779608042
779603116
779606177
779603173
779608037
779608160
779606020
779608045
779608180
779608212
779606106
779606086
779606176
779606091
779608202
779305018
779606183
779608048
779608164
779606051
779606206
779606052
779606123
779311052
779615114
779606238
779615028
779615049
779615152
779606212
779615204
779606021
779608034
779608190
779615216
779701189
779615167
779606213
779315103
779701059
779702101
779615234
779615037
779608125
779608049
779606246
779703173
779608126
779701197
779608046
779608155
779615104
779608150
779704073
779702213
779704113
779608114
779702003
779702015
779704055
779608142
779705170
779615081
779703014
779702152
779608151
779705069
779705120
779615026
779706227
779615160
779204084
779615043
779707131
779705246
779615093
779706067
779707101
779615195
779615235
779707206
779615133
779615248
779615230
779708047
779615192
779708207
779704116
779615231
779705108
779708042
779708199
779701121
779709093
779710242
779608226
779712089
779701138
779701141
779702232
779703098
779701010
779713154
779714095
779708135
779715208
779703070
779615239
779714072
779702017
779703171
779801178
779715233
779803135
779704128
779702183
779704044
779704104
779704163
779705038
779705159
779810154
779814058
779815190
779803180
779803066
780002030
779814193
779707180
780008118
779705131
779710021
779708008
779707059
779705072
780012236
780008062
779707117
780013003
780011013
780007182
779708057
779708200
780013143
779706187
779709014
779706097
779703208
779710059
779710096
779708230
780105117
780013102
780014152
780106096
780101169
780102111
779710074
780103181
779709158
779711120
780106214
780107129
779711087
780102215
780110250
780107131
779712024
779710044
780111040
780110199
780112089
780106119
780111018
779711248
779711160
780109087
779711097
780113049
779712037
779714104
780112123
779713006
780111031
779712018
779713064
779713234
780113062
780112194
779715092
779711138
780114230
780115133
779801216
779801099
779803053
780114214
780112240
780112201
780114138
779806114
779813010
779807040
779805121
779714214
780202230
780115207
780001054
779815181
780209239
780301002
779808118
779714206
780003080
779814064
780210240
780214189
780001134
780210235
780213182
780007038
780002185
780011115
780203008
780013193
780302151
780303166
780013023
780007046
780301054
780301236
780011125
780006094
780116095
780014013
780116250
780015058
780302053
780012171
780305055
780104228
780103124
780305106
780103202
780013196
780103048
780102232
780303228
780304157
780305134
780101175
780108046
780302124
780305019
780305211
780106044
780305244
780307097
780308059
780107037
780309201
780107014
780306054
780106109
780105048
780309009
780310157
780110043
780109024
780309113
780107145
780313044
780312204
780303093
780112231
780311084
780108187
780109097
780316224
780113124
780401104
780312161
780313242
780112164
780313108
780114159
780403030
780112147
780405055
780115200
780405199
780103093
780116136
779711238
780406053
780203099
780308048
780411024
780501201
780202091
780204129
780413059
780114231
780502229
780115067
780108110
780206127
780410247
780506231
780506155
780207050
780207116
780210174
780502236
780506053
780209122
780208168
780214068
780501055
780412183
780205129
780507162
780215016
780301115
780511199
780508039
780303014
780301020
780508230
780303239
780304227
780304139
780512249
780304092
780511029
780601201
780303047
780601008
780601172
780304118
780307043
780305124
780506022
780308167
780604137
780603203
780515049
780604012
780307140
780306040
780308057
780604094
780604006
780605038
780604164
780608004
780605105
780304170
780606173
780607082
780308075
780609057
780309050
780306131
780610189
780606012
780608223
780103008
780311091
780609183
780309117
780609184
780610169
780312141
780308198
780611044
780312013
780612042
780612035
780612065
780311114
780312104
780313050
780312164
780111058
780614247
780613136
780313141
780313073
780613103
780313248
780615078
780614104
780309003
780315145
780314172
780613245
780314122
780613117
780316109
780616174
780310207
780314108
780314113
780316213
780401216
780403091
780616180
780701037
780701113
780410129
780402074
780701125
780401023
780414063
780404135
780411092
780414100
780616075
780415106
780701179
780701213
780701231
780411053
780413227
780701210
780507056
780702051
780507160
780702074
780702029
780701072
780701167
780507111
780702044
780507192
780702095
780702116
780506185
780506055
780501116
780702056
780702123
780512126
780701214
780512090
780307082
780513130
780511115
780702161
780508186
780505109
780601103
780702170
780601197
780514145
780702215
780602035
780601007
780515098
780702189
780601167
780516110
780702214
780601186
780602175
780702168
780702200
780702232
780702201
780702219
780604039
780703007
780604062
780605029
780703050
780607043
780703063
780607200
780606052
780604082
780703053
780607030
780607092
780703140
780604051
780608135
780610082
780703200
780612238
780703197
780704023
780703218
780703186
780703240
780610123
780704102
780703112
780611114
780313176
780605100
780703241
780615122
780611163
780704032
780616005
780704159
780704030
780704137
780614248
780702236
780616221
780704167
780616248
780704129
780705042
780701010
780701023
780612064
780701022
780704250
780705026
780615039
780705061
780609122
780705024
780705019
780701074
780701016
780705069
780705232
780705130
780705119
780701052
780701046
780705175
780705151
780701092
780701149
780705143
780705201
780705207
780706120
780706128
780701160
780701173
780701155
780706031
780706164
780706054
780701103
780701130
780707015
780706055
780701172
780701104
780707001
780701243
780701193
780701237
780706225
780707021
780707022
780706239
780706238
780413193
780702083
780706185
780707065
780707117
780702053
780702002
780706187
780702106
780702064
780707116
780702054
780707093
780702103
780707160
780707079
780707119
780707007
780707188
780702072
780707169
780702084
780707197
780708060
780702119
780707210
780702107
780707161
780707200
780702169
780702135
780707216
780707234
780707208
780702178
780702179
780709009
780709050
780701150
780703028
780708155
780708162
780702166
780702175
780702176
780702184
780708245
780702149
780703047
780709152
780702118
780702217
780702130
780703088
780707171
780702140
780702138
780709201
780702206
780709226
780710023
780703073
780703176
780710055
780710036
780704036
780704093
780703109
780703096
780710110
780704124
780704164
780710179
780704128
780704139
780704100
780705032
780710180
780710123
780710155
780710109
780704035
780703156
780710175
780705200
780705014
780705161
780705088
780705036
780705120
780705110
780711070
780711110
780705116
780705159
780711013
780710203
780711052
780710187
780705239
780705246
780706133
780614096
780706111
780711176
780706035
780706122
780711086
780711145
780706147
780711131
780712166
780704008
780707025
780706197
780707100
780707083
780712112
780616211
780711037
780712233
780711177
780712097
780713112
780707108
780711184
780707071
780707076
780707091
780707181
780713022
780712236
780713021
780713038
780713180
780707223
780708022
780713127
780708039
780708056
780713217
780713211
780707213
780713187
780708114
780708181
780714045
780714026
780712096
780714058
780708156
780708031
780714054
780707239
780714163
780714173
780714192
780714198
780708209
780708223
780714121
780709154
780706175
780709039
780708020
780708243
780709194
780709159
780707198
780709204
780709163
780709130
780709215
780715042
780715028
780715189
780710018
780709183
780710009
780716025
780710045
780710188
780707175
780715167
780710011
780715058
780710084
780715115
780715156
780710210
780716042
780710027
780715145
780715213
780715221
780710126
780710237
780715127
780711033
780711077
780710227
780710173
780710177
780710103
780710222
780716188
780810244
780711054
780711223
780710247
780711044
780716128
780716213
780715092
780813045
780711174
780806243
780712135
780711167
780813248
780712093
780712151
780914133
780712042
780711225
780712222
780713012
780805197
780713167
780712114
781003191
780713041
780811141
780915220
780713073
781004248
780713209
780714020
780710172
781006014
780816194
780714064
781015067
781004038
780811149
781009135
780714021
780712195
780714085
781008186
780714096
781015098
781104102
781101041
780714070
780714086
781103231
780714071
780714174
780714128
780714221
780714028
780711137
780714169
781201092
781213047
780714229
780714231
781216159
781110241
781208096
781303100
781202126
781215129
780715008
781313143
781206188
780715014
780714107
781302030
780714193
781302146
781304181
781315042
781310101
781315067
781401197
781308021
780715053
781401172
780715037
781404082
780715029
781402035
780707190
780715134
781404094
780714250
781401103
781402175
780715113
781404062
781405106
780715227
781405105
781404012
781405100
780713119
780715190
781405114
780715216
780715240
780715061
780715233
781407092
781406052
781405029
781407082
781409184
781406012
780711160
781408004
780802085
780716031
780716095
780716152
781408135
781409033
780712022
780716250
780807118
781413103
781413117
780715078
781413245
780809199
780807098
781409178
781410169
781412035
781414096
781411137
780810204
780813043
781409183
780813166
781414247
781416005
780811205
781416075
780805165
781415039
781416180
781415078
780812097
781415122
780906117
780810203
781416248
780915143
780806009
780914236
781004024
781004134
781504064
780904174
780714097
781507089
780904117
781416221
781603203
781512097
781015153
781503198
781008173
781508185
781504155
781502250
781513221
781106208
781006176
781614226
781110058
781601152
781207010
781115099
781210148
781608185
781701167
781701103
781206049
781108115
781416211
781701172
781210232
781302065
781616159
781208197
781702175
781702035
781215197
781216196
781208194
781108187
781305076
781703203
781703108
781309021
780714232
781702168
781211110
781311074
781303127
781302170
781703233
781216181
781312131
781701197
781704051
781704062
781315201
781313205
781316210
781404006
781704094
781404039
781402143
781702065
781403108
781402066
781305040
781706012
781704164
781403203
781705038
781404137
781705029
781707030
781404051
781407200
781405038
781705100
781213220
781702114
781407030
781401167
781707082
781402065
781409057
781704012
781708223
781410082
781707092
781707043
781706065
781707200
781709033
781705105
781407043
781709045
781410123
781708135
781410189
781710123
781709057
781416174
781709133
781710082
781411163
781412238
781412065
781401201
781709122
781709184
781412042
781408223
781711137
781711044
781413136
781414195
781509235
781511135
781712042
781710169
781409122
781710189
781704006
781706052
781712035
781713136
781709081
781712238
781714196
781704137
781716180
781711114
781801046
781714096
781801052
781713117
781711163
781801104
781702086
781714104
781802029
781802045
781712065
781801072
781709178
781714246
781713103
781713186
781802107
781716005
781713166
781715122
781802149
781802123
781715078
781802103
781802044
781802116
781802054
781716221
781716174
781715093
781716197
781802170
781715039
781802175
781802178
781802169
781716211
781802206
781802168
781801010
781801074
781716248
781801016
781801037
781802189
781802200
781801130
781803028
781801125
781802217
781802219
781803063
781802215
781801150
781803004
781801113
781801179
781801022
781802166
781803156
781803052
781801172
781801173
781801103
781803140
781801160
781803050
781803176
781801193
781801092
781801149
781801167
781803190
781708004
781801213
781803240
781804093
781801214
781802214
781803007
781801231
781802051
781801232
781804023
781804035
781801243
781804032
781802019
781804128
781801237
781805042
781804008
781804036
781801192
781804159
781802056
781805069
781802083
781804102
781802072
781802095
781805120
781802084
781805130
781802097
781805100
781805151
781804167
781802096
781802053
781802138
781805170
781802140
781805088
781802161
781805182
781805200
781802236
781805061
781806035
781802176
781805116
781714247
781802135
781716075
781805207
781802130
781805159
781806147
781803053
781806133
781806128
781802184
781806187
781802201
781806121
781803096
781807083
781806054
781803073
781803109
781807076
781806031
781803112
781802232
781803186
781807091
781806170
781804026
781807110
781803218
781803138
781803047
781807160
781807116
781804129
781803197
781807117
781807025
781806237
781805014
781807001
781807100
781802063
781804030
781803241
781803200
781807188
781807216
781805025
781804122
781807198
781802064
781807098
781805015
781807210
781804124
781808041
781805024
781805019
781807223
781804250
781805032
781807161
781805046
781805119
781805026
781805036
781808182
781808020
781805143
781807239
781404164
781805075
781807171
781805161
781808060
781805205
781808243
781807197
781808245
781808233
781805246
781805175
781809032
781808156
781808155
781808209
781805232
781809009
781804100
781806185
781809007
781806111
781808181
781809029
781805239
781807015
781806225
781809066
781806122
781809050
781806238
781809039
781809194
781806164
781809113
781809016
781806055
781809130
781809044
781807093
781807065
781807108
781807005
781809160
781809214
781807021
781807007
781809215
781809222
781807071
781807181
781809154
781810009
781807169
781810011
781809201
781806197
781810057
781807079
781809204
781809226
781810060
781810036
781810027
781807141
781807190
781810018
781810100
781807200
781810126
781810110
781810147
781807208
781807241
781810204
781808031
781808162
781811052
781810155
781808039
781810172
781809152
781804164
781809159
781811137
781807234
781810247
781811077
781809183
781811013
781810067
781808033
781811160
781810180
781810177
781810045
781810103
781811177
781811234
781810084
781811176
781808223
781810055
781809163
781805110
781810109
781811223
781812135
781811145
781810203
781810237
781812236
781810188
781812151
781812222
781810173
781812096
781811033
781810123
781811037
781813119
781811131
781812200
781812195
781810179
781810210
781813127
781809014
781811167
781814054
781813180
781813038
781812022
781813209
781811054
781814046
781811214
781811225
781811089
781813211
781814058
781814028
781814064
781813167
781812042
781814169
781814096
781811070
781812168
781812093
781812166
781812114
781814227
781814192
781814221
781813041
781814107
781815078
781807022
781814241
781815053
781813022
781813112
781815037
781814204
781812233
781814250
781813073
781813092
781814157
781815042
781815113
781813021
781814086
781815189
781815127
781814045
781814071
781815156
781815213
781814163
781812112
781815134
781815216
781814193
781814128
781807119
781810023
781814121
781814238
781815227
781813107
781814070
781816006
781814085
781814198
781815058
781814173
781815029
781816172
781816075
781815170
781901157
781815145
781902054
781903116
781816095
781815190
781814201
781816128
781815167
781815061
781913079
781814232
781815221
781814231
781816188
781815115
781816203
781905039
781816213
781816250
781815135
781816025
781814229
781903227
781916089
781816044
781903145
781815240
781816031
781816042
781906154
782002115
781902035
782305165
781903045
781815008
781909204
781914185
781906135
782306243
781816152
782308198
781912025
781914060
782310180
782309199
781907067
781907168
782307118
782002111
782002068
782307098
782310204
782310203
782313043
782312097
782305197
782311205
782311141
782313166
782302181
782302085
782314043
782310244
782411078
782313248
782401016
782410108
782311241
782504005
782507072
781907033
782313045
782403175
782601016
782402232
782413226
782503116
782313060
782601010
782601097
782504183
781811184
782314222
782601130
782601092
782506015
782316194
782601052
782513070
782601022
782601179
782601149
782514237
782601173
782601150
782601074
782506213
782601103
782601232
782601072
782602019
782601104
782601172
782601167
782601037
782602002
782601160
782601193
782408215
782601046
782602086
782601155
782602054
782601125
782601214
782601144
782602029
782602095
782601210
782601243
782602084
782601231
782602044
782601113
782602072
782602116
782602103
782602166
782602051
782602135
782602083
782602201
782602123
782602140
782602149
782602178
782602175
782602056
782603047
782602200
782602169
782602138
782602236
782602214
782602168
782601213
782602189
782602096
782602206
782602064
782602176
782602170
782603007
782602184
782602161
782604090
782602217
782603050
782603112
781811174
782603176
782603004
782603073
782603197
782603096
782603200
782603052
782603218
782604129
782604122
782603140
782601237
782604250
782603088
782604128
782603186
782604100
782604102
782603109
782602215
782605026
782603164
782605151
782603053
782604167
782603063
782605056
782602219
782604124
782605130
782604032
782605110
782605119
782605042
782604093
782604023
782606035
782605161
782606185
782604030
782604036
782604008
782605246
782604035
782606238
782605024
782604159
782606133
782606055
782606197
782603241
782607005
782605025
782606225
782607007
782607071
782605019
782605014
782604137
782604164
782607015
782605107
782605061
782605143
782605175
782607091
782606031
782607198
782605032
782607100
782605069
782607079
782605033
782607098
782605116
782605120
782606090
782607188
782606120
782607181
782607171
782608039
782607116
782606164
782606128
782607234
782605200
782606122
782608155
782606187
782609016
782605207
782609130
782607216
782605159
782609163
782608031
782609160
782606209
782607106
782609183
782606237
782609154
782607001
782610055
782607093
782607021
782607076
782610103
782608223
782607065
782609009
782610009
782610018
782610155
782610110
782607119
782607025
782607141
782610177
782609201
782607108
782607083
782610175
782610109
782602107
782610179
782607197
782607200
782610180
782607117
782610227
782610247
782607169
782607175
782609226
782607161
782610222
782607210
782610172
782607160
782610173
782607208
782611177
782610123
782611070
782611225
782608232
782608181
782611028
782611167
782608162
782602205
782607223
782607239
782609050
782611184
782611176
782608233
782609152
782608245
782612096
782608243
782612114
782610023
782611137
782612166
782608022
782612097
782609204
782613054
782612042
782609121
782613022
782608156
782611054
782612135
782610027
782609159
782609215
782605088
782610011
782611086
782613180
782614021
782613217
782610036
782608020
782614070
782614064
782613209
782613112
782614054
782614086
782610147
782610045
782610188
782610003
782614046
782614163
782613073
782614121
782614174
782610084
782614192
782615058
782614229
782614173
782614238
782615028
782615061
782610203
782615190
782616044
782611131
782611077
782611145
782613127
782610126
782611013
782610237
782610210
782611160
782616107
782701030
782616042
782614198
782616213
782615145
782612013
782612222
782616095
782616250
782612112
782612151
782615029
782613021
782611089
782701053
782616188
782615127
782612200
782616025
782613092
782612233
782701169
782702023
782611052
782611174
782701188
782613119
782702017
782702064
782612022
782701065
782702122
782614020
782613041
782613012
782702082
782701152
782702091
782614062
782612168
782702085
782613167
782613038
782702192
782702065
782703050
782614028
782703085
782701134
782613211
782614045
782702099
782702228
782614169
782703094
782614144
782614085
782703033
782703180
782702045
782703184
782614157
782703191
782614250
782704044
782614232
782703024
782703239
782614096
782614193
782614241
782703187
782703224
782703154
782615042
782701114
782704005
782703228
782615053
782615037
782615113
782614107
782614221
782704053
782615073
782704062
782703185
782704052
782705117
782704240
782615134
782705134
782705129
782615167
782704113
782615078
782615240
782615213
782706100
782704177
782704080
782706047
782615189
782616140
782615221
782616006
782706134
782705156
782615156
782706227
782706189
782706121
782616172
782706235
782615170
782616152
782707073
782707077
782706177
782701098
782706182
782616179
782705033
782616031
782707071
782615227
782702019
782706233
782706223
782701149
782701198
782701147
782707145
782707129
782707136
782707096
782707195
782702067
782707133
782701157
782702072
782707148
782616128
782707050
782707198
782702133
782707209
782701242
782708022
782702138
782614071
782702130
782708108
782702127
782702165
782708067
782702135
782702112
782708012
782703114
782708168
782708062
782708031
782703049
782614058
782703166
782703189
782702168
782708039
782708230
782708123
782708245
782708080
782707247
782708034
782708038
782708185
782709009
782703168
782708181
782703178
782708205
782709033
782704009
782702196
782703198
782708234
782704103
782709041
782703194
782709121
782704161
782704068
782615216
782704033
782704106
782704124
782704055
782709151
782709044
782704119
782704230
782709039
782709008
782705025
782709070
782705092
782704148
782705056
782710003
782705023
782705071
782705060
782709197
782705030
782710207
782705167
782705109
782705016
782710009
782705088
782705151
782710200
782706002
782705212
782705121
782705214
782706074
782705185
782706063
782705172
782706179
782706038
782706109
782706183
782707022
782707012
782712111
782712117
782707023
782706193
782711130
782707056
782707121
782707092
782707040
782707142
782706212
782707059
782707117
782706151
782707159
782707146
782707175
782707185
782707176
782706213
782713047
782708027
782712129
782708045
782713158
782706221
782708006
782708068
782708043
782708029
782708007
782708087
782708224
782708186
782713036
782708237
782708250
782713225
782714008
782709134
782709103
782709087
782709068
782714036
782709034
782709176
782714134
782708037
782709117
782709227
782714165
782709178
782710226
782710222
782709119
782710208
782710156
782711006
782709200
782711060
782709050
782711030
782711039
782711018
782709171
782711092
782714207
782711073
782711078
782715104
782711081
782714233
782711120
782715073
782711046
782715108
782715122
782711231
782712047
782711175
782712029
782712039
782711235
782711233
782712042
782711247
782712060
782712064
782712080
782712091
782716103
782712108
782712118
782712114
782716110
782712136
782712022
782711226
782712208
782712201
782712164
782716129
782712200
782712143
782712226
782716237
782712229
782713007
782713011
782712214
782712222
782713005
782713026
782713009
782712177
782706228
782713057
782712203
782713033
782713070
782713102
782713080
782713128
782713164
782802016
782713169
782713131
782802013
782713245
782713199
782713180
782713172
782713162
782713248
782714026
782802081
782714043
782714127
782714038
782714050
782714128
782714061
782713228
782803089
782714169
782714152
782714135
782714197
782714177
782714232
782714108
782715028
782714201
782715087
782714182
782803152
782715016
782715116
782715045
782715182
782715148
782715205
782715149
782714213
782716009
782715129
782715120
782803217
782715157
782803232
782715200
782715199
782716065
782804035
782715193
782804008
782716028
782716121
782716119
782804026
782716032
782712187
782716159
782716151
782716176
782716234
782716169
782805019
782801011
782716226
782805029
782716185
782801052
782801098
782801047
782801101
782801030
782801072
782713053
782801107
782801113
782805211
782801127
782801099
782713029
782801064
782801102
782805217
782801133
782801111
782805198
782801132
782802017
782801151
782801092
782801184
782801195
782801159
782802092
782802140
782802099
782802126
782801154
782802090
782802093
782802192
782802130
782806118
782806145
782802183
782802245
782802193
782807010
782802241
782803052
782802207
782806175
782803073
782803048
782803051
782803057
782803096
782803147
782803111
782803087
782803088
782803102
782803168
782803099
782803124
782803196
782803149
782803249
782803211
782803199
782803189
782807191
782807165
782804020
782803201
782804059
782803220
782804054
782716139
782804048
782804053
782804130
782808062
782804123
782807104
782804140
782804118
782804156
782804155
782804146
782804144
782808186
782805023
782804231
782805015
782804150
782804185
782805013
782804172
782805028
782804238
782809049
782805024
782805016
782805033
782805079
782805094
782805070
782805136
782805108
782809061
782805075
782805083
782805121
782805223
782806024
782806034
782805164
782806104
782809142
782805212
782809212
782806065
782806081
782805185
782806111
782806055
782806201
782807040
782807045
782806128
782806139
782807023
782806126
782807043
782807061
782806149
782806114
782807049
782806226
782809175
782807073
782806109
782807047
782807075
782807136
782807141
782807054
782807129
782807159
782807158
782807153
782807082
782807171
782810045
782807149
782807184
782810205
782807140
782808012
782807059
782808053
782808013
782807205
782807185
782811044
782808055
782808048
782808151
782808102
782807186
782811062
782811125
782808084
782808119
782808076
782811031
782808195
782808164
782808210
782808184
782808129
782808212
782808235
782808204
782808110
782809005
782808200
782808208
782808220
782809015
782812006
782808171
782809029
782809044
782809064
782809057
782809107
782809081
782809070
782809141
782809154
782809103
782809051
782811206
782809163
782809186
782809120
782807070
782812164
782812154
782809090
782809198
782809121
782809167
782809157
782809177
782812179
782809171
782809217
782809239
782809232
782810016
782810022
782809203
782810074
782810044
782809199
782810081
782810102
782813020
782810048
782813073
782810106
782810189
782810146
782810098
782810154
782810169
782810194
782810208
782810172
782810231
782808198
782810237
782811060
782811063
782810145
782811058
782811067
782810242
782814145
782811068
782811114
782811040
782811078
782811117
782814094
782802072
782811181
782812010
782811190
782811138
782812007
782814158
782811229
782811209
782811191
782811185
782811224
782812036
782812011
782812020
782811235
782812012
782809086
782815087
782812055
782812066
782812043
782812047
782812044
782812079
782812039
782812046
782815107
782815108
782812117
782812097
782812128
782809104
782815127
782812134
782812139
782812177
782815152
782812160
782815160
782815197
782815199
782815220
782812168
782815187
782815113
782812182
782815215
782812188
782812129
782815158
782812146
782812144
782812199
782813019
782812211
782816078
782813014
782813023
782815213
782816080
782816159
782812087
782816086
782816164
782813078
782812228
782813036
782813101
782813039
782813115
782813044
782813070
782813102
782816242
782813024
782812249
782816238
782816200
782901010
782813169
782816026
782813173
782901055
782813152
782813119
782813168
782810211
782813167
782901021
782901015
782810229
782813177
782813195
782901107
782901022
782813189
782901080
782813247
782813235
782813105
782901121
782813231
782901102
782901058
782816147
782901048
782814057
782901145
782901231
782814024
782814031
782901157
782814023
782901134
782814070
782901138
782814055
782814080
782813248
782901152
782901153
782902082
782814063
782901123
782902035
782814182
782814118
782902026
782814117
782902064
782814110
782902122
782902102
782814208
782813170
782901234
782902094
782814184
782902146
782902167
782902089
782814168
782814148
782814187
782902130
782902215
782814249
782815066
782902088
782815048
782902134
782814216
782901172
782815009
782814051
782902177
782902206
782814232
782902175
782815120
782815136
782815115
782815111
782816013
782815100
782815148
782902180
782903046
782903034
782815146
782903042
782816023
782815072
782903029
782816154
782903054
782903032
782903113
782815137
782903012
782902229
782903124
782816040
782816009
782903080
782903182
782816039
782816077
782816249
782903193
782903213
782816155
782903159
782816182
782903202
782903165
782903219
782903153
782903140
782901186
782903142
782903199
782901214
782903227
782904110
782901002
782903065
782903226
782903225
782901166
782901182
782903222
782902012
782904018
782903008
782903015
782903250
782905012
782903245
782902249
782903013
782903039
782904234
782904116
782904025
782904175
782905027
782904167
782905040
782903186
782905070
782904044
782905035
782905023
782904173
782904043
782905043
782905074
782905094
782903027
782904041
782905047
782905186
782905151
782904113
782905081
782906015
782906004
782904102
782905241
782906039
782905121
782905116
782904097
782906006
782906058
782906081
782905111
782905077
782905128
782906125
782905149
782905188
782906183
782905157
782906097
782906094
782906175
782906139
782905129
782905073
782905172
782905165
782905181
782906155
782906119
782905171
782905223
782906208
782906216
782906241
782906067
782906223
782906031
782906109
782906108
782906201
782906035
782906226
782906145
782906189
782906177
782907035
782906210
782907018
782907096
782907091
782907068
782907010
782907089
782906073
782907074
782907040
782906065
782907078
782815098
782907090
782907139
782907118
782907148
782907186
782907111
782906124
782907159
782907075
782906184
782907211
782907166
782907217
782907183
782907133
782907188
782907248
782907226
782907085
782907192
782908059
782908020
782907223
782908022
782908046
782908056
782907061
782908160
782908072
782907182
782907026
782908063
782908094
782908071
782908125
782908096
782908027
782909026
782909020
782908186
782908209
782908178
782908234
782901188
782907220
782908089
782909022
782908050
782908227
782909007
782909054
782909074
782908179
782909097
782908244
782908219
782909028
782909023
782909148
782904027
782909046
782909120
782909124
782909186
782910023
782908115
782909065
782910043
782909205
782909157
782910025
782910026
782910058
782909123
782909206
782910066
782910034
782905060
782910059
782909113
782910108
782910054
782910069
782910081
782910107
782910072
782910145
782910119
782910209
782910140
782910111
782910235
782910096
782910157
782910133
782911028
782910131
782910217
782910176
782910223
782910141
782911040
782910236
782910240
782910247
782910154
782911001
782910179
782910220
782911109
782910087
782911101
782911031
782910095
782911122
782911014
782911090
782910185
782910152
782911071
782911131
782911045
782911142
782911157
782911178
782912006
782911091
782911063
782911176
782911098
782911093
782911191
782912093
782912087
782912019
782911184
782911158
782912035
782907240
782912024
782912117
782912010
782907171
782912011
782912013
782911140
782912042
782912107
782912016
782912029
782912073
782912170
782912181
782912127
782912131
782912040
782912141
782912120
782912083
782912142
782912163
782912151
782912026
782912090
782911247
782912171
782912177
782912091
782912041
782912183
782913011
782913006
782912169
782912195
782912101
782912221
782912136
782913034
782912166
782913019
782913103
782913007
782912156
782913033
782911159
782913042
782912250
782913064
782913039
782913151
782913009
782913030
782912176
782913012
782913044
782913247
782913080
782913036
782912111
782913170
782913199
782912184
782912168
782913122
782913051
782913222
782914009
782914049
782913072
782913094
782913104
782914027
782914026
782913131
782913112
782914079
782914118
782913182
782914083
782913166
782914169
782914013
782913234
782913149
782913167
782913220
782913202
782914186
782914144
782913141
782913237
782914185
782914045
782914151
782915010
782913160
782914189
782914015
782914241
782914112
782914157
782914117
782914012
782914095
782914149
782913110
782915103
782914226
782915041
782915129
782915194
782914121
782915162
782914114
782915120
782914093
782915134
782914145
782914132
782914216
782914048
782913213
782915107
782914058
782914245
782914233
782914221
782916018
782914231
782914238
782915233
782914191
782916131
782914219
782916095
782916063
782916139
782915133
782916144
782916159
782915040
782914061
782915100
782914250
782916138
782915158
782915156
782916220
782916130
782915190
782915148
782916179
782916189
782916180
782915221
782915008
783003075
782916027
782916183
782916207
782915198
782907045
782915108
782915214
783007232
782915119
782916233
782915225
782916204
783015064
783003174
783008162
782915213
782916200
783214236
783003113
783003243
783206117
783413168
782916248
783410241
782916243
783204117
783514062
783008186
783406159
783211177
783514198
783207042
783214008
783516221
783206131
783404159
783513044
783402085
782916234
782916013
783604163
783403197
783603083
783602194
783214133
783008149
783606104
783403042
783204174
783407007
783401213
783407235
783408218
783604048
783602131
783611161
783607103
783605120
783405176
783411147
783605229
783401022
783609227
783411009
783514199
783612233
783603039
783406043
783410221
783610033
783215220
783410033
783411116
783614021
783411128
783702085
783412124
783615009
783611092
783702180
783701209
783615054
783702181
783701225
783412061
783415029
783414165
783416021
783609141
783614029
783711141
783413138
783710203
783706243
783416129
783502240
783501102
783416157
783413207
783709199
783413035
783501027
783710204
783503099
783705197
783504081
783711149
783501168
783501234
783705165
783506029
783712097
783713045
783504137
783504133
783506178
783714222
783716194
783505050
783713248
783711205
791602094
783713060
783711241
783713043
791602054
783507018
783507010
791602169
783508221
783504025
791603072
783513079
791603017
783507211
791604027
783512042
791604030
783506187
783508012
783609156
791604153
783512044
783603097
791607018
783506115
791605014
783702095
791607090
791606241
783510066
791604052
783509035
783615208
791603232
791607194
791607154
791605082
783616182
783505025
791608116
783709147
783707118
791609109
783609111
791610152
791601020
791603222
791601030
783705034
783505167
783612022
791605201
791610019
791610043
791609186
791609167
791614114
791610166
791611086
791608129
791609155
791607142
791610209
791615104
791701198
791615030
791608038
791608148
791704153
791611173
791612023
791703218
791611111
791615063
791708027
791611087
791611094
791611116
791611212
791611054
791611056
791708047
791709115
791613146
791612112
791613112
791612126
791612135
791801092
791612115
791801103
791609150
791801072
791614035
791715030
791801074
791613050
791716010
791616051
791704018
791614108
791801172
791610231
791614123
791608190
791614246
791801130
791612162
791615042
791802029
791801149
791801144
791801179
791801210
791801104
791802051
791801167
791610175
791702129
791705211
791801243
791801214
791802116
791706243
791710074
791802095
791801173
791802138
791802084
791716009
791802118
791802217
791802123
791614033
791714236
791801016
791801052
791802176
791705143
791802236
791802161
791802140
791801010
791802169
791704086
791802168
791801125
791802019
791803088
791801037
791801237
791803096
791803052
791802053
791802219
791803047
791801213
791804023
791803109
791802103
791804032
791801193
791801231
791802083
791802056
791803050
791802096
791803176
791802054
791804008
791802135
791804159
791802072
791802184
791802175
791802170
791804250
791802107
791805019
791802178
791804139
791804124
791804105
791802149
791805046
791802201
791802214
791805032
791804093
791805036
791802206
791803007
791802189
791608119
791802200
791805015
791803138
791805100
791805116
791805088
791805069
791709130
791805159
791803073
791803140
791803053
791803218
791805175
791805110
791803241
791805042
791805130
791805119
791805151
791805205
791803112
791806120
791803197
791805246
791804030
791803188
791615130
791806055
791803200
791616119
791803156
791805161
791804027
791806147
791803186
791803063
791805248
791806029
791804128
791615194
791806225
791801232
791805014
791804100
791806187
791805107
791804035
791805026
791807001
791805061
791804036
791805024
791807015
791804137
791804129
791805200
791805239
791806031
791806054
791805143
791806133
791807079
791805201
791806240
791804167
791806128
791805120
791807007
791806164
791807071
791806226
791807169
791806185
791807025
791806197
791807141
791807117
791807161
791807100
791807216
791807160
791807116
791807065
791807091
791807108
791807175
791807076
791807119
791807171
791807198
791807093
791807200
791808060
791807197
791808232
791807234
791804102
791807190
791806178
791807188
791808031
791809044
791808020
791808244
791808039
791809050
791808155
791807223
791807210
791807239
791808033
791808245
791808181
791809121
791808056
791808209
791807181
791809087
791809163
791809183
791809152
791809215
791809204
791809007
791808243
791809159
791807208
791808156
791810023
791809039
791810045
791810173
791809214
791808233
791809201
791810011
791810055
791810109
791810084
791810126
791809226
791810018
791811077
791810123
791810172
791811037
791810124
791811137
791810179
791811086
791810103
791810147
791810210
791810027
791810110
791810227
791812042
791811225
791811223
791811052
791811184
791812095
791810188
791810155
791810177
791812237
791810180
791812096
791812112
791811110
791812114
791812195
791811033
791813167
791811054
791810237
791812233
791813038
791813119
791810247
791810203
791811131
791811160
791813211
791813180
791811174
791813209
791811145
791811246
791813092
791811176
791814054
791813127
791814062
791811167
791813217
791811177
791813187
791812097
791812093
791814071
791814085
791812222
791812135
791814028
791814070
791814121
791814198
791813022
791814086
791812013
791812151
791813012
791812022
791814046
791814142
791814128
791814096
791814174
791815008
791815042
791814107
791814192
791813073
791814064
791802044
791814201
791815078
791814173
791814193
791814221
791815127
791814068
791815145
791815189
791815191
791806122
791814163
791815029
791814058
791814238
791814232
791815028
791815156
791816213
791815233
791816025
791816188
791815221
791815134
791815014
791815037
791816095
791815113
791814045
791815058
791815061
791905197
791910014
791909199
791815190
791815240
791901209
791815053
791910140
791911205
791912097
791815213
791815216
791910244
792003007
791816044
791814169
791816031
791816172
791815170
791913043
791814114
791816042
791815227
791816152
791913060
792003011
792003095
791905034
791816128
792003088
791907118
792003228
791816179
792003091
792003184
791910203
791906217
791910094
792101106
791910204
791816250
791902181
792003098
792003244
791902085
792103166
791911141
792015081
791911241
792015201
792003063
792104013
792106049
792015168
791913045
792106181
791913248
792003052
792108180
792003089
792109200
792116058
791914222
791906243
792003227
792003081
792003061
792113107
792015145
792211033
792113220
792003183
792003080
792003093
792003231
792206033
792207163
792202222
792003235
792003238
792015066
792212172
792415066
792015189
792409199
792003242
792306197
792015162
792405166
792015221
792015188
792409196
792501103
792104024
792102207
792502168
792105237
792208096
792103027
792110093
792114210
792403234
792107176
792501197
792206024
792503203
792206004
792502065
792501172
792502175
792505029
792507043
792507200
792206186
791813021
792507082
792507030
792509177
792208242
792203166
792206117
792206241
792015192
792504094
792506065
792510169
792107112
792514113
791814020
792208215
792210242
792512238
792209178
792207181
792212025
792214124
792113166
792509122
792516075
792308204
792216075
792604029
792509178
792302091
792213085
792309186
792516221
792308222
792304020
792516174
792316059
792513245
792515132
792603135
792512042
792308166
792604120
792308006
792516180
792216152
792608033
792608228
792611029
792405239
792313144
792814027
792413172
792501167
792403170
792416121
792503108
792505038
792803172
792604080
792501166
792506012
792805096
792803157
792906107
792403093
792816125
792907116
792906232
792504137
792505100
792908110
792505105
792504062
792507092
792914160
792505114
792611205
792910055
792508135
793004005
793006139
792506052
793006098
792909041
792509057
792510082
791808162
792508004
792510189
792504012
793103051
792510123
792510168
793104174
792509183
792509058
792509184
793104117
793010146
793013109
792511044
793201139
792512066
793203102
793202044
793011115
793204161
792511137
792512065
793201149
792513103
793205181
793207089
793014234
793203029
793204095
792513117
792511163
793205110
792514195
793210074
793206246
793208134
792515039
792514247
792513166
793207144
793213039
792515078
793205111
792515122
793210218
793211128
793202053
793211201
793213028
792514096
793214169
793210172
792916139
793215067
793213198
792516005
793216075
792516248
793209093
792607100
792604139
793216137
793211075
792607208
793213224
792615088
793214133
792604245
793213065
793309205
792803045
792815114
793215098
793216180
793215149
792610245
793314032
793313100
793309140
792611123
792906005
793315129
792816139
793310002
793402039
793301136
792814186
792816178
793314234
793402017
793402026
792909223
792904232
792914220
793402076
792912141
793402140
793003118
793402093
792911225
793402011
793004163
793402047
793402125
793402175
793402130
793008059
793004181
793007090
793402184
793402199
793402181
793402131
793316016
793013016
793009148
793410026
793402170
792915227
793505167
793114236
793014101
793111244
793505211
793114133
793102130
792912137
793109086
793505021
793414241
793201154
793203014
793201054
793205035
793506100
793505072
793203141
793206224
793206059
793204118
793207235
793206229
793209207
793210108
792502035
792901103
793211089
793213225
793203203
792504051
793403168
793402248
793212108
793402217
793410045
793308209
793403030
793410069
793410016
793410055
793410022
793410085
793410074
793410103
793410115
793410122
793410087
793410107
793410106
793506175
793313047
793410104
793403099
793410179
793410137
793410227
793410190
793414036
793410204
793414026
793414121
793414123
793414122
793414185
793612046
793704185
793414032
793414186
793414192
793414124
793701117
792512035
793703220
792516211
793701099
793414212
793414048
793704142
793704123
793414232
793502004
793502246
793414236
793414237
793414225
793503031
793503112
793503082
793502128
793707043
793504067
793503176
793504110
793505226
793507062
793707153
793706182
793506181
793508004
793507010
793509121
793505096
793509148
793504240
793709012
793510229
793510165
793510027
793710148
793510239
793508042
793511052
793513024
793710233
793513048
793511225
793511205
793512134
793513126
793512190
793513091
793711233
793511190
793508086
793712156
793513112
793711181
793516040
793514034
793514198
793514220
793606166
793516009
793604140
793608034
793516242
793603187
793712246
793713003
793713013
793712248
793607139
793714034
793714055
793614179
793607007
793701015
793615111
793713060
793609217
793614163
793714064
793610182
793713094
793713204
793714166
793701102
793714159
793701113
793701084
793715041
793701213
793701083
793701039
793715120
793403118
793702194
793715129
793608232
793714184
793702161
793716012
793703063
793703056
793702169
793703116
793715043
793703123
793716153
793715158
793703135
793702138
793703178
793703202
793703157
793703216
793703206
793910086
793814026
793902171
793705234
793705207
793705188
793706039
793915120
793901054
793703207
793706029
793707101
793506208
793907117
793912059
793705172
793912229
794002184
793708035
793706208
793709026
793912069
794001021
794006063
793908171
794005239
793709128
794009115
793709068
793709149
794012098
794011162
793709086
794103191
794104094
794204135
793709153
794215197
794206020
794214201
794108228
793709199
793709129
793716204
793709154
794208114
793709207
794301064
794204142
793710017
793514033
794309128
794306012
794304013
793711058
793710098
793710220
794309140
793710218
793710025
794310216
794208015
794306055
794309146
794314090
793711062
794314132
794308056
794312104
793711059
794304159
793712018
793712023
793711150
793711023
793711247
793712042
793712193
794403072
794314240
793712108
793712029
794401167
794406213
793712216
794405196
793712079
793712244
794501043
794412089
794406021
793713015
793712249
793714165
793715055
793713145
794501099
793713176
793715125
793715214
794415145
793715234
794503144
794503218
794507026
793716182
793713019
794501175
794507053
793715002
793716224
794510146
793716016
794509012
793715231
794506032
794514073
794507130
794511122
793809135
793802204
794509176
793901027
794515191
793704049
793816203
794514110
793715108
794515098
793810207
793704247
793812017
793908002
793902146
793801053
793806028
793901042
794516005
794601101
794601064
793910113
794601037
793908145
794601236
793915209
794601176
794514196
794601087
793902250
793907171
794001022
794601010
794602039
793914063
793707176
794602005
794602248
794014210
794602102
794602046
794602067
794603061
794007023
794602040
793708057
794602236
794016142
794602175
794602123
794206131
794603073
794603036
793911162
794603084
794007246
794001222
794216218
794304039
794213068
794603091
794212165
794108179
794307233
794305050
794603095
794603135
794603205
794304240
794305071
794603118
794304113
794603186
794314094
794308146
794313084
794604038
794603045
794313096
794315100
794316072
794402012
794402161
794604018
794603231
794406043
794604079
794604009
794407176
794314222
794604124
794314165
794406233
794604230
794604228
794604068
794604142
794604232
794412024
794604174
794604098
794413219
794408136
794414108
794412120
794501167
794605186
793715053
794605177
794501096
794605063
794415233
794605159
794415201
794503109
794503166
794411042
794506158
794506179
794506234
794507055
794606035
794509197
794511071
794515066
794514160
794606131
794512010
794601114
794606106
794601147
794601142
794515213
794607069
794602012
793912129
794601161
794601093
794607145
794601178
794601249
794607131
794607226
794602146
794602176
794602089
794602218
794602223
794603024
794603046
794607229
794608017
794602185
794603047
794607176
794603053
794603075
794603071
794603089
794603077
794608191
794605055
794608181
794603087
794206012
794603052
794603168
794603088
794603141
794608153
794608201
794603224
794603235
794608232
794603216
794603207
794609022
794603175
794603165
794603219
794603215
794603226
794603247
794603243
794407139
794609047
794608053
794609034
794609086
794603208
794609032
794609154
794604029
794604027
794604049
794604041
794609087
794608132
794609123
794609200
794604055
794609089
794610010
794604053
794609168
794609197
794604129
794604131
794604106
794604115
794604161
794609250
794610085
794610026
794604183
794604042
794604176
794610216
794604059
794604105
794604170
794605248
794605221
794610045
794605129
794605050
794610159
794605058
794606034
794605184
794604239
794610183
794611038
794611001
794611106
794611074
794611078
794606152
794606043
794606033
794606046
794611105
794611160
794606053
794606076
794611062
794611247
794611220
794606037
794606122
794606183
794611184
794606171
794606230
794607096
794607074
794612208
794607108
794611202
794607072
794611180
794612091
794612127
794607175
794612143
794607185
794612044
794607136
794607207
794607199
794607118
794612234
794613013
794607155
794613128
794607233
794608057
794608115
794613109
794608071
794608022
794613151
794608197
794613004
794608039
794612239
794608214
794613112
794612189
794608221
794613190
794613157
794613237
794613164
794607194
794609064
794614060
794608151
794613143
794613233
794608219
794607089
794608155
794614095
794613239
794614013
794613191
794609189
794609051
794609109
794609096
794610039
794614124
794614140
794609220
794613230
794609157
794609202
794613180
794614237
794610062
794614225
794614158
794615074
794613207
794615101
794614187
794608250
794610011
794615115
794610180
794610201
794610113
794610224
794610211
794610228
794615122
794611009
794611058
794615234
794611056
794611024
794610242
794611054
794611137
794611093
794611068
794611248
794611172
794610102
794616028
794616005
794612131
794615232
794612079
794611141
794612022
794612167
794612103
794610093
794612211
794612040
794612226
794612177
794612240
794613048
794612227
794613023
794612222
794616160
794612179
794613156
794613129
794613051
794613009
794612246
794613238
793811223
794613241
794613205
794704134
794704240
794613172
794614072
794613228
794613219
794614076
794613202
794614073
794614062
794707235
794614096
794614107
794614011
794614084
794614114
794614189
794607184
794614144
794614141
794614185
794614165
794614116
794901130
794712161
794614239
794901018
794615120
794614244
794615127
794615116
794615140
794901152
794615145
794901183
794615177
794615170
794615142
794615157
794615201
794615149
794615134
794902168
794615206
794615220
794615174
794615248
794615039
794902088
794615181
794616036
794615204
794616041
794616025
794616082
794616054
794903103
794616106
794903083
794616078
794903145
794903081
794616103
794616086
794616109
794903163
794616056
794616112
794903175
794903139
794903110
794903078
794616121
794616135
794616133
794616155
794903222
794616180
794616174
794616047
794616182
794903203
794616162
794903206
794903178
794904036
794616200
794903218
794616196
794903212
794616207
794904033
794616188
794616175
794616168
794616231
794904106
794616233
794616189
794903224
794904038
794616235
794904099
794708109
794904142
794701037
794904161
794904187
794706049
794904093
794616247
794701092
794709209
794905045
794905027
794904077
794905053
794616151
794711199
794708131
794714101
794710178
794905111
794713021
794710055
794711165
794713070
794905103
794905162
794716078
794716151
794716125
794905050
794716210
794905113
794905108
794905201
794901100
794903215
794906104
794901071
794901007
794905181
794901101
794905215
794906010
794905186
794901033
794905138
794906106
794901150
794901173
794901149
794901129
794901147
794901099
794906232
794907045
794712058
794614113
794901216
794906188
794907022
794907047
794906208
794901200
794905234
794905188
794901154
794901142
794902102
794907088
794902135
794906028
794901159
794902146
794903022
794907080
794614171
794902199
794902074
794903056
794902223
794907160
794907099
794903039
794907095
794902145
794903016
794907056
794902236
794903010
794907161
794907104
794907178
794907094
794905013
794904160
794907200
794907162
794907190
794908053
794902111
794907060
794907105
794904172
794907169
794908134
794907067
794908160
794904073
794904177
794909026
794908212
794907152
794904175
794907116
794907191
794907233
794907188
794909088
794908203
794907143
794907176
794905242
794907223
794909159
794907126
794907122
794909087
794908082
794910054
794909113
794907214
794909151
794910108
794903217
794909196
794908191
794908222
794908048
794903187
794909120
794908214
794908218
794910159
794907192
794911056
794908185
794911069
794908248
794616075
794909091
794909080
794911001
794909007
794909055
794908172
794911131
794909163
794909160
794909155
794909104
794911105
794911195
794911030
794910237
794911166
794911128
794910161
794909169
794909174
794910074
794910210
794911211
794910224
794910090
794912057
794911202
794912134
794911093
794910214
794910189
794911014
794912092
794912124
794912039
794911086
794911094
794911046
794911212
794912019
794912029
794912129
794912136
794911096
794913154
794911080
794913151
794913011
794911110
794911109
794912227
794912221
794913108
794913105
794913008
794912182
794914064
794911111
794914174
794913145
794913227
794914008
794914055
794913142
794911147
794913164
794910204
794914077
794915080
794914237
794914128
794915038
794911162
794915138
794915136
794911165
794911163
794915143
794915114
794911135
794916040
794911157
794915157
794916039
794916106
794914132
794911174
794915167
794911199
794916135
794916079
794911181
794916210
794911220
794916061
794912022
794916240
795004025
794911167
795001125
794911187
794916120
794912040
795002197
794916247
795003247
795004062
794907239
794911235
795001227
794912060
795004097
794912077
794907216
795004146
795005121
795006155
794912123
794912143
795007017
795005223
795007004
795004039
795007006
795001010
794912161
794912199
795008080
795008245
794912075
794912207
794912218
795009065
794912209
795008173
794910247
795010011
795009161
794912235
794911059
794912195
794913046
794912030
794911060
795006164
795011069
795007030
795010034
794913177
795010099
795005035
794913117
794913079
795010048
794913158
794913161
794913199
795011176
794914159
794913202
795012010
795011250
794914230
794914070
794915051
794914236
795012241
794914101
795013040
794915010
795013073
795011080
795012084
794914206
795013031
795011209
795014145
794915209
795015146
794915144
794916074
794915231
794915117
795016027
794916060
795016191
794915204
795015195
794915158
794912171
795014057
794916103
795104128
794916042
795016248
795107192
794916098
794916088
794916238
795114086
794916095
795109194
794915156
794916151
794916188
795001184
795109146
795202047
794916243
795001092
795205029
795112240
795001230
795001033
794916192
795209175
795003135
795207182
795001160
795002185
795002189
795202250
795205244
795004116
795004009
795211239
795213180
795110247
795004046
795215101
794916137
795214084
795005134
795004121
795209145
795308128
795004155
795209146
795307188
795004232
795305071
795006037
795003024
795007040
795308208
795005023
795005113
795006177
795009041
795315137
795007247
795401098
795310214
795302050
795009246
795007093
795005094
795008194
795309140
795315216
795007082
795407101
795010066
795312089
795404250
795008081
795010111
795408202
795010023
795009104
795412044
795410241
795401047
795012067
795007205
795010096
795404106
795013177
795404099
795414062
795012211
795010095
795413092
795502220
795413238
795502250
795504080
795014073
795011173
795009166
795013225
795014180
795011241
795510084
795011147
795015091
795014117
795015058
795601197
794916142
795601103
795014204
795601172
795505035
795505162
795014172
795014239
795602065
795015214
795016015
795016217
795604094
795603108
795601201
795015063
795603141
795102168
795107240
795604039
795603203
795104039
795604012
795111229
795110187
795608004
795016243
795203061
795015233
795602035
795605105
795607043
795104038
795607082
795015009
795208032
795613117
795206241
795105160
795609184
795205024
795605087
795210055
795211176
795612238
795210229
795202004
795613136
795616174
795216135
795214171
795609122
795609057
795211181
795616075
795206214
795214180
795212064
795203173
795701010
795307245
795307239
795611163
795301175
795309066
795614247
795701113
795701072
795403185
795701092
795307154
795207156
795214012
795312129
795403061
795310240
795313227
795701167
795404155
795405038
795701232
795701193
795407049
795316176
795408126
795408039
795701237
795615078
795403239
795416072
795702030
795701214
795701213
795407075
795702002
795413008
795702095
795412196
795409209
795512211
795416178
795410084
795701144
795702107
795702130
795503173
795513050
795702072
795409193
795410204
795702083
795508226
795702116
795702140
795702020
795601167
795702051
795702065
795502247
795502188
795702166
795702176
795514048
795605100
795602168
795702053
795601007
795602175
795604137
795702178
795702169
795508042
795605038
795702201
795606052
795702184
795607030
795702175
795702222
795601186
795608135
795607092
795604062
795606012
795608223
795610169
795703007
795702179
795613103
795703028
795703052
795703087
795612042
795610189
795702200
795611137
795613166
795702247
795610123
795610082
795613186
795615039
795605029
795616197
795703141
795703004
795612065
795614096
795616211
795615122
795616180
795703241
795614195
795703218
795703197
795616005
795704026
795612035
795616248
795703096
795703214
795704036
795701074
795309189
795701093
795701052
795616221
795701037
795701103
795704139
795704054
795701022
795704068
795704129
795701098
795704102
795704053
795704250
795705014
795701125
795704159
795701172
795701149
795704128
795704105
795701210
795701150
795701179
795705116
795701016
795705119
795705032
795705024
795701231
795705069
795705161
795702044
795702054
795702029
795702039
795702056
795701173
795705143
795701130
795701243
795705201
795706133
795702084
795702138
795702074
795702057
795702135
795706122
795702103
795706120
795702123
795706031
795706035
795706197
795702189
795702217
795702161
795702149
795702168
795702170
795707007
795707091
795707079
795702206
795702214
795703053
795706237
795702162
795706238
795702096
795707093
795707100
795702208
795703047
795702232
795707117
795702219
795703050
795707239
795702236
795707208
795703098
795703109
795707119
795707001
795707175
795703088
795705159
795703073
795703076
795708031
795707225
795703112
795708022
795703138
795703092
795703176
795708156
795708060
795703063
795709050
795703144
795709121
795703186
795703188
795709039
795703200
795703140
795709154
795704008
795703240
795708209
795704027
795708162
795704032
795704030
795709159
795709201
795704023
795710023
795704035
795704100
795704082
795703208
795709163
795704047
795709226
795710055
795704142
795704124
795709016
795710103
795705015
795705036
795704167
795701104
795710177
795710018
795704137
795710126
795705061
795710203
795705019
795704093
795710247
795709214
795710147
795710237
795705088
795711037
795705151
795705110
795705026
795705246
795705207
795705175
795710204
795711054
795711145
795711176
795706225
795707015
795711086
795711223
795711110
795711052
795706185
795705130
795710188
795707025
795712042
795704062
795712112
795705120
795712135
795707169
795707108
795705042
795713022
795707160
795712200
795707071
795712233
795713041
795707197
795713021
795712151
795712096
795707216
795707188
795707065
795713038
795707161
795712222
795713073
795713112
795713187
795707200
795713180
795707198
795708155
795713092
795713209
795707181
795707223
795713211
795707171
795708020
795713167
795714014
795708181
795708223
795707076
795714046
795707210
795708233
795714020
795713217
795713127
795714085
795714169
795714173
795714045
795709087
795708243
795715014
795708033
795714083
795709152
795715029
795714198
795709160
795714250
795709194
795709215
795714163
795708232
795715156
795714201
795708245
795710011
795709204
795714221
795715037
795715113
795714174
795703102
795714232
795709007
795715078
795710067
795715170
795705046
795715127
795715042
795716113
795710155
795715213
795716179
795710045
795710084
795716031
795710123
795716188
795710172
795710027
795715189
795710210
795716044
795716128
795801034
795801014
795801025
795710175
795710124
795710180
795710110
795711033
795715240
795803140
795715227
795803135
795801139
795711131
795804033
795710179
795711013
795710227
795801136
795710173
795716153
795803200
795803033
795711039
795711137
795802170
795711184
795711225
795804035
795804073
795711177
795711167
795801125
795806243
795711174
795711077
795803103
795807015
795807053
795708039
795807199
795804046
795807226
795805234
795712013
795804179
795712195
795712114
795713008
795713119
795712022
795808114
795713054
795807054
795712093
795810015
795714086
795714070
795810074
795808184
795808131
795808032
795714058
795714054
795809025
795714064
795809197
795809155
795810002
795810238
795710109
795810104
795714096
795811106
795714062
795714193
795714107
795714128
795811040
795714121
795810140
795810221
795714192
795715028
795811094
795810239
795811226
795715134
795715190
795714229
795715221
795812006
795715053
795810082
795715216
795715058
795715061
795716042
795812169
795716107
795812077
795715145
795716193
795716036
795812142
795812235
795812222
795716025
795812211
795802118
795716152
795813076
795811170
795801158
795716250
795803182
795716213
795813131
795803216
795812248
795716095
795814098
795812234
795804027
795813169
795805073
795814071
795813164
795814134
795805062
795814057
795814131
795815021
795806220
795806227
795815149
795805037
795805047
795814149
795815043
795804128
795807093
795815053
795814187
795808125
795815207
795815074
795815227
795806212
795815213
795815093
795816095
795807143
795807246
795815246
795816049
795808227
795816153
795815214
795807223
795816242
795816226
795809047
795816196
795808222
795816228
795816103
795808150
795807102
795816249
795901040
795901087
795809081
795901037
795809135
795809109
795714026
795901064
795901145
795901157
795809089
795810011
795810072
795809168
795901166
795901174
795901094
795901184
795810084
795901239
795810026
795810124
795810098
795811020
795810232
795902017
795901193
795811071
795901213
795902189
795901243
795811058
795901104
795902174
795811160
795811064
795811235
795810249
795811202
795902230
795903032
795902205
795811181
795811245
795902221
795813160
795812089
795903061
795811194
795903098
795903180
795812027
795812125
795812021
795903099
795903013
795903075
795903086
795903101
795903159
795903229
795813184
795805209
795813117
795812184
795904027
795814058
795903235
795903190
795904134
795802199
795814072
795814020
795904137
795904029
795904023
795812227
795904130
795814221
795905112
795814128
795814118
795905094
795815162
795814117
795905113
795816136
795813050
795903116
795816221
795815029
795816163
795816117
795905197
795816162
795904162
795904181
795905202
795815240
795905189
795905209
795816125
795812115
795901010
795901038
795901002
795906011
795905207
795905131
795905237
795901039
795906080
795906110
795906029
795901046
795816236
795901175
795901113
795901212
795902038
795906086
795906177
795901133
795906132
795902129
795907059
795906042
795902028
795906169
795907001
795901005
795907066
795902236
795907089
795907173
795907127
795907133
795907104
795902166
795903006
795907185
795903089
795902233
795903046
795907202
795903168
795907194
795907045
795903122
795903102
795907138
795904096
795812151
795908010
795903121
795907206
795907195
795907077
795903170
795907239
795904106
795904088
795907229
795903187
795908079
795903179
795904077
795904114
795904103
795908156
795908133
795903240
795904166
795908131
795904112
795908084
795908094
795905025
795905023
795908073
795908189
795904167
795904170
795908172
795904240
795909080
795905040
795908023
795909028
795905074
795905047
795908190
795904250
795908197
795905101
795909122
795909041
795905082
795909115
795909034
795905157
795905132
795905127
795910016
795910006
795905146
795909130
795905213
795909129
795906014
795906067
795905221
795910033
795910172
795906059
795905086
795910062
795910107
795910074
795906089
795906081
795906050
795910149
795906091
795910204
795906213
795906157
795906154
795910188
795906158
795906226
795910182
795910210
795910208
795910241
795911172
795911058
795907058
795911162
795906243
795911201
795906233
795906190
795911086
795907060
795907014
795912020
795907100
795911215
795911080
795911178
795912111
795907128
795911218
795911121
795910222
795911241
795907143
795911217
795912049
795907061
795912076
795907166
795907140
795907093
795907158
795912142
795912137
795912135
795912193
795912234
795913024
795908026
795907211
795907227
795912162
795907230
795906231
795912187
795913043
795908032
795904155
795908031
795913038
795907181
795908057
795913065
795912146
795908236
795908089
795913059
795908195
795908124
795908181
795913149
795909121
795914009
795908219
795908187
795913216
795914058
795908250
795913167
795913121
795909064
795908191
795914077
795914078
795913148
795914122
795909089
795909068
795913238
795909188
795911037
795909128
795914174
795914109
795909207
795909163
795914142
795909154
795909239
795914172
795909247
795909120
795914088
795909202
795910002
795914224
795914250
795910100
795909220
795907027
795914204
795909199
795914202
795915152
795914236
795915182
795910125
795915201
795915113
795910099
795910112
795910146
795910207
795910072
795915216
795910163
795910161
795916043
795910216
795916048
795911053
795915244
795910213
795910238
795916223
795916054
795910203
795915195
796003139
795910201
795915183
795911068
796004135
795916234
795911131
795911159
795911130
796003096
795911181
795911084
795916153
795911109
796007058
795911224
795911115
795911206
795911202
795912067
796008036
795916207
796008242
796008100
795912021
795912013
795911229
795912118
796006005
796006099
795911250
795912127
795912078
796010113
795912057
796007163
796014222
795912154
796011158
796014219
795909123
796012112
795913026
795910069
796101248
796014214
796012065
795912247
796101179
795913015
796102020
796102129
795913040
795913124
796103012
795913110
795912241
796103085
796102144
795913054
795914063
795913126
795913103
795913207
796103051
795913079
796104175
796105171
795914086
795914024
796104053
795914016
795914118
795913226
796104238
795914200
796105211
796104227
795914108
795914091
796106086
795914231
795914238
795914138
795914099
795915038
796107101
795914112
796108082
796108174
795914185
796107100
795915043
796106132
795914132
795915107
795915099
795915003
796109243
796109233
796110233
795915162
795916024
795915111
795915200
796108223
796110150
796111145
796111036
795915125
795915194
796110185
795915055
795915204
795915227
795915129
796111105
795916016
795916042
796110017
796111201
795916119
795916142
796111014
796114062
795916225
795916053
796111173
796111243
796001126
796004230
795916180
796001087
796112112
796115239
796113225
796114034
796003211
796001246
795916194
796115220
796112248
796008008
796002232
796003159
796115083
796004009
796009167
796012053
796116191
796115120
796201013
796008026
796009210
796114139
796201022
796201120
796013200
796009018
796201132
796014021
796007209
796102035
796007112
796116086
796008210
796010131
796202050
796014148
796202017
796202181
796201107
796204044
796103096
796011181
796102145
796104095
796203122
796203025
796203172
796104170
796116053
796015120
796105188
796204129
796203140
796103024
796202216
796105215
796101197
796106103
796204154
796202213
796204079
796107028
796104014
796206055
796208080
796107014
796105186
796110165
796206108
796207134
796106234
796209138
796209051
796101018
796205113
796107093
796116155
796113033
796207075
796211069
796107181
796110045
796106228
796208141
796111110
796207103
796115145
796211121
796210163
796205038
796109151
796211201
796201175
796201024
796111078
796211105
796112022
796211008
796204047
796205241
796116223
796211009
796208119
796204088
796212120
796213091
796206081
796116164
796212210
796213248
796209039
796212199
796211073
796216009
796213238
796208187
796208206
796209142
796209065
796205001
796208180
796212066
796206106
796302085
796214122
796212096
796211111
796310140
796211187
796216161
796216139
796211156
796210194
796209162
796210175
796309199
796212248
796309152
796213125
796203091
796212074
796310203
796313045
796313060
796212031
796207127
796215146
796214086
796213028
796311241
796310204
796210248
796402138
796215215
796214196
796402152
796316194
796216193
796401117
796216196
796215216
796401167
796401218
796215149
796307118
796216245
796402020
796403049
796403037
796403095
796403145
796402232
796305197
796301209
796216160
796215184
796306243
796403239
796214091
796310094
796403007
796401193
796312097
796406166
796415238
796311205
796403216
796311141
796404232
796407153
796406065
796214005
796502163
796313166
796313167
796506091
796313248
796415133
796505179
796415145
796313043
796510104
796415053
796401201
796314222
796315046
796401114
796510202
796515137
796315117
796504104
796401061
796401212
796607025
796401072
796601071
796606069
796402081
796402147
796606029
796403006
796403175
796403240
796612016
796402207
796609238
796403047
796610173
796403105
796605164
796613240
796403093
796614185
796611110
796403189
796616072
796704239
796606034
796406106
796407027
796704160
796406135
796407145
796615040
796408153
796408190
796702146
796501023
796707195
796415003
796706173
796714005
796708202
796408180
796705221
796709033
796711068
796507061
796504005
796505082
796707223
796513165
796503156
796713193
796501176
796602236
796714013
796606183
796807128
796507178
796714141
796805121
796716162
796716242
796507110
796808071
796415004
796809108
796612011
796809046
796716157
796608226
796605038
796809050
796811191
796615230
796611030
796610242
796811135
796609239
796812080
796804247
796813186
796608141
796812248
796616236
796809189
796705109
796814201
796815099
796702074
796703183
796703180
796816095
796812070
796707060
796903081
796908033
796702056
796704024
796815057
796903144
796607172
796903179
796903025
796710223
796812025
797010183
797012120
796711074
796903008
796915204
796707159
797002117
796908128
796706209
796709200
796208179
796711118
797107195
796709008
797103182
797103015
797009117
797113148
796711212
797203083
796714096
796805049
797204055
797014060
797109210
796510094
796714140
797206104
796713036
796809188
797205120
796811167
797202194
796808062
796812162
796816010
796816036
797204163
797211161
796813015
797209202
797005248
797001116
796908039
797115198
797113017
797207103
797210033
797007045
797007016
796816109
797209215
797211092
796805232
797013226
797301202
797303094
796814179
797114133
797208039
796813202
797214029
797212022
797106108
797013202
797104014
796908158
797016168
797306056
797301206
797304085
797012168
797005036
796908192
797102015
797109023
797308061
797302230
797110240
797308084
797303083
797106123
797305141
797305116
797112226
797110156
797112242
797313016
797305047
797109035
797312044
797313199
797315029
797312037
797112026
797112145
797107217
797404174
797314208
797113218
797114033
797113095
797312201
797404117
797115017
797412228
797203039
797405174
797316248
797205229
797406021
797309111
797415143
797204048
797306020
797315040
797208190
797207119
797115046
797209235
797209111
803201037
803201076
797406019
797202131
797105124
797111034
803201167
803201215
797414236
803202094
803202176
803202085
797209146
797216155
803202145
797304106
797212233
797305215
803202047
797216182
797301013
803202017
803201214
797306225
803202039
797306162
797307232
797307153
803202208
797306147
797301118
797309232
797307091
803203093
797304084
797308020
797313036
803203235
803203088
797310111
803203086
797310055
797314134
797313095
797312103
797306071
797313221
803205197
803206039
797315038
797402130
803206006
797315128
803205163
797312120
797316072
797316164
803205176
803205242
797316144
797404095
797403051
797411084
797316182
803201034
797411177
803201084
803201106
803201150
797414133
797316044
803202003
797415220
803207141
797309157
803202113
803202088
803202220
803201221
803202004
803202201
803202144
803202168
803202169
803203042
803202221
803202222
803202103
803202205
803203012
803208135
803203091
803203153
803203163
803203056
803203098
803208084
803203138
803203105
803207160
797001183
803203124
803203216
803203219
803203166
803203205
803203224
803204039
803203196
803204041
803202148
803209110
803204018
803204139
803204142
803204044
803204177
803204184
803204103
803211016
803204107
803209166
803204248
803203228
803205013
803205035
803205159
803205034
803205160
803205126
803205116
803205188
803205076
803205164
803204043
803211088
803206054
803206070
797114027
803206067
803202165
803206063
797303097
803206185
803206131
803206089
803206177
803206223
803207012
803206148
803206178
803206113
803207078
803207099
803207163
803207102
803206188
803207095
803207154
803207045
803212027
803208016
803212043
803212047
803207169
803211226
803208046
803207143
803207190
803208069
803207202
803208126
803208173
803212055
803206193
803212074
803208079
803208198
803208174
803208180
803208220
803208132
803209103
803209104
803209006
803209026
803209148
803213158
803208228
803210022
803212198
803209123
803213166
803209068
803209154
803213164
803213058
803209174
803202124
803210006
803209223
803210090
803210033
803210018
803209212
803209244
803210148
803210034
803210095
803209159
803210236
803214204
803210197
803210187
803210227
803209158
803210239
803210052
803210021
803210233
803209162
803211087
803215043
803210238
803211065
803211017
803211078
803211035
803211075
803211103
803211089
803212016
803211096
803210248
803211131
803211163
803211091
803212018
803212029
803212073
803212058
803212053
803212067
803211109
803212089
803212080
803211110
803212041
803212035
803212136
803215076
803212135
803211145
803212131
803211174
803212127
803212123
803212079
803215150
803213023
803212241
803212250
803212227
803213147
803213174
803213098
803212146
803213196
803215158
803213040
803213218
803216121
803216110
803213120
803213216
803213193
803216175
803213177
803213211
803213244
803213043
803213235
803213223
803213219
803214031
803214057
803214116
803216182
803415140
803214094
803214113
803214085
803214029
803214011
803213224
803413198
803214133
803214058
803214100
803404250
803214166
803214187
803215041
803414242
803214220
803214237
803215017
803214212
803215050
803505103
803215063
803214118
803504171
803215049
803215067
803215057
803215045
803215004
803215059
803215074
803215064
803215055
803215078
803215121
803507232
803215100
803215115
803215132
803215137
803215106
803215114
803215136
803215143
803216023
803215203
803216030
803215139
803215148
803216059
803216028
803216063
803216142
803216037
803216016
803216161
803216049
803706240
803216040
803704105
803216058
803216178
803216151
803216125
803216189
803216180
803216108
803216214
803401082
803216192
803405086
803710201
803405134
803402205
803405138
803405146
803414093
803403089
803409028
803408021
803414211
803501043
803501142
803405144
803504088
803504250
803510094
803411130
803408190
803504045
803506243
803716248
803508237
803506053
803510103
803506021
803512142
803512098
803513013
803602017
803604167
803606149
803602018
803607176
803515122
803901160
803513132
803608020
803510222
803908045
803609146
803907053
803504141
803908148
803607096
803611097
803611069
803914160
803609103
803610146
803608186
803609214
803611140
803613103
803611029
803611005
803610222
803608134
803611165
803611161
803615098
803612123
803615134
803701074
803612135
803701188
803703105
803613214
803616027
803615190
803704077
803614086
803705179
803705111
803706174
803709189
803703173
803709027
803709153
803707093
803711001
803707046
803710034
803709214
803710218
803711220
803706186
803711030
803712230
804206190
803711212
803712229
803712162
803713147
803711115
803713047
803714128
803811001
803714230
803808124
803713156
803901249
803713112
803712088
803713199
804216054
803715148
803905111
803808014
803801169
803905064
803808160
803907224
803903172
803905186
803907015
803908076
803906151
803908236
803910014
803715046
803909136
803911087
803910233
804003177
803612208
803914168
803910209
803916176
804005170
804005149
803910240
804511042
804005019
804011226
804008187
804013180
804515078
804007015
804508026
803916146
804514177
804014084
804602017
804103112
804007207
803914193
804601048
804607025
804107004
804008209
804408045
804114124
804201153
804112221
804603218
804605199
804606114
804014196
804607223
804115137
804605094
804203061
804203234
804202236
804611064
804202103
804613140
804203058
804205170
804609065
804201114
804204035
804611023
804204043
804612124
804612239
804609160
804610048
804206022
804204163
804701022
804701016
804614226
804609073
804204097
804208128
804701072
804208168
804701023
804701037
804701104
804614094
804208245
804206117
804208071
804701173
804701193
804207141
804701098
804701149
804701125
804701167
804207153
804701179
804209001
804209031
804701210
804210137
804210233
804211089
804211060
804211131
804212201
804702029
804702044
804702083
804702095
804214048
804702169
804215014
804214193
804213049
804702056
804702149
804213076
804216178
804702103
804214198
804702116
804702200
804215233
804702168
804702217
804702176
804307215
804702201
804702232
804302150
804307126
804316133
804703050
804404185
804703047
804308159
804308060
804313149
804703073
804404235
804408214
804703112
804703096
804703156
804415228
804703218
804703176
804406033
804703208
804411178
804503113
804502199
804505211
804502222
804504097
804505111
804503053
804704023
804512136
804404054
804704032
804704129
804407093
804005024
804416120
804514231
804704100
804507140
804704035
804704167
804705015
804602171
804704137
804513117
804511059
804705019
804602246
804602184
804705024
804507025
804705116
804605013
804201078
804601179
804604116
804611183
804609107
804705248
804704124
804701052
804705130
804613226
804701010
804705201
804613023
804613148
804701103
804701130
804612171
804705232
804705143
804705069
804706035
804701172
804701213
804701243
804706055
804701214
804701092
804706120
804702051
804706185
804702072
804701237
804608195
804701231
804706238
804702002
804707065
804701074
804702107
804707110
804702138
804702084
804707001
804705120
804707071
804707108
804702166
804707119
804702140
804702161
804702175
804702170
804702135
804707197
804702184
804707223
804707208
804702189
804703052
804707171
804702178
804708033
804702236
804702219
804707079
804702119
804703088
804703007
804708181
804708223
804702214
804703140
804703053
804702206
804703063
804703197
804703138
804703200
804703240
804703186
804709152
804709121
804703144
804402028
804709050
804703109
804704093
804709160
804709014
804704030
804602123
804710018
804704008
804704102
804704036
804703188
804705026
804704250
804710023
804709214
804709215
804709201
804704105
804703241
804705027
804704026
804705032
804710103
804710062
804705061
804704128
804710109
804705042
804705088
804704159
804710124
804705046
804705119
804710179
804705036
804710147
804705151
804705161
804705121
804705110
804705159
804710247
804607078
804711037
804711033
804705246
804705207
804706122
804711131
804706054
804706031
804711167
804706197
804710188
804706147
804707025
804706225
804706187
804706237
804711145
804707005
804706170
804712233
804707091
804707015
804711052
804712042
804705175
804706240
804713038
804712096
804711160
804707169
804707117
804712222
804707160
804707200
804712151
804707116
804707181
804707161
804714020
804713112
804714046
804713119
804707210
804707188
804714085
804708039
804714028
804714054
804707100
804713041
804708031
804713092
804708022
804714096
804708020
804707198
804708060
804707175
804707239
804714169
804714191
804713209
804708233
804707216
804708243
804708245
804714192
804714250
804709007
804714231
804715028
804708162
804714107
804708156
804714232
804709163
804715078
804715053
804715113
804715042
804709183
804709204
804708155
804715134
804705100
804709154
804709016
804709039
804709159
804715189
804709194
804715037
804716044
804710011
804710027
804710084
804710055
804710045
804710110
804710126
804716025
804710123
804715145
804716042
804716188
804716152
804709029
804716213
804710173
804710177
804711176
804709226
804710155
804710203
804710210
804710172
804716245
804806243
804711086
804807098
804710237
804711013
804711077
804715227
804810014
804711054
804711174
804813248
804711137
804812097
804713138
804810203
805001212
804707093
805001210
804713021
804713015
804711184
804713180
804904117
804815117
804904174
804712135
804914236
804713022
804713073
805002089
804712022
804712112
804713211
804711177
805005196
804713217
804713228
804713187
804714064
805002239
805012015
804711225
805004012
805008187
804713167
804714058
804713127
804714121
805012113
805013162
804714086
804714198
804714174
804714163
804714062
805102247
804708182
805106193
804714201
804714128
804714221
804715127
804714070
804714193
805110054
805114057
804715170
805013236
804715058
804715167
805203105
805113073
805112123
804715190
804715221
804715213
804715233
804715216
804715115
805015093
805213157
805206172
805215098
805105112
804716031
805115083
805303037
804715008
804716036
805216060
804715240
804716095
804716250
804716107
804716179
805212200
804802085
805215203
804807118
804801209
804805197
804716203
805202068
805303154
804716128
804810204
805307116
804810244
804802180
805311081
805310232
805307104
804811141
805308171
805310210
805316156
805313234
804809199
804816194
804815046
805414173
804813060
805401145
805315002
804810094
804811241
804813043
805409093
804815054
805409089
804814221
805313215
805505092
805005001
805509232
805412045
804914133
805001027
805011250
805002232
805511248
805411228
805510118
805004176
805506051
805007173
805315167
805009183
805504155
805516004
804915178
805010207
805511038
805601024
804714229
805008117
804714173
805011040
805006015
805601120
805102230
805014043
805601141
805601036
805016009
805012010
805014187
805013200
805601159
805513230
805010210
805102131
805601129
805103045
805601009
805016146
805112080
805105114
805602010
805104155
805602038
805601053
805109166
805109244
805602115
805602099
805116089
805108162
805601236
805602083
805112219
805116095
805112122
805202194
805114247
805209239
805203145
805205246
805214008
805302036
805603049
805116213
805213204
804903051
805304171
805602247
805601160
805309162
805306155
805602219
805603070
805310224
805603110
805305184
805603185
805308207
805307023
805216098
805307075
805603197
805505072
805308131
805603224
805313128
805603194
805312123
805312209
805601102
805309152
805413038
805503095
805604017
805304070
805604046
805605037
805314240
805104055
805605170
805604133
805605190
805604081
805605082
805605013
805605040
805604106
805605071
805601014
805505129
805605215
805601176
805603189
805606122
805311109
805606135
805605042
805605114
805606004
805606065
805605073
805605063
805605146
805602152
805607064
805606015
805606073
805606195
805606156
805606124
805606166
805607230
805603048
805607134
805605246
805607023
805606152
805606041
805606186
805602012
805606040
805608022
805608038
805608149
805609120
805609018
805607080
805609032
805607063
805607109
805609142
805608027
805609133
805607126
805609023
805609117
805607007
805606228
805607166
805606231
805610007
805610006
805609057
805610229
805609189
805608075
805608124
805610094
805610210
805610224
805607217
805607025
805607188
805608070
805610047
805607247
805609055
805611018
805611076
805608026
805608221
805611006
805611038
805608152
805611053
805609043
805611040
805611111
805609091
805609028
805611124
805609131
805612157
805609003
805609128
805612048
805608165
805611035
805609206
805609158
805612162
805611176
805612208
805612015
805613011
805609247
805612093
805605244
805610106
805613054
805610027
805611166
805612202
805613038
805610039
805612214
805604163
805607093
805613045
805610167
805610207
805613094
805613168
805613164
805611135
805611072
805611013
805611158
805614020
805612216
805611233
805609034
805609178
805613198
805611084
805613042
805613244
805610248
805614034
805614118
805610189
805612070
805613090
805612026
805612073
805614193
805613216
805614023
805611113
805610185
805612009
805613120
805614036
805612097
805614168
805611246
805612101
805612098
805615058
805612041
805614233
805612108
805614037
805614211
805615198
805612095
805612154
805615076
805610247
805615072
805615188
805612118
805612089
805612100
805612165
805615034
805608232
805614207
805612203
805612171
805615228
805612103
805612209
805615144
805612128
805615054
805613026
805615136
805613006
805613105
805613091
805616075
805612239
805616113
805612211
805701011
805613084
805613215
805616121
805613111
805611231
805613029
805612004
805613218
805701010
805616032
805616188
805616051
805613232
805701125
805613129
805614094
805614173
805614185
805614192
805616137
805614208
805701182
805701161
805614139
805702023
805701144
805701098
805702028
805615040
805702003
805616146
805614116
805702057
805614212
805702088
805615207
805702142
805702180
805701212
805705071
805704133
805702077
805702152
805703064
805702163
805702149
805702122
805701221
805702181
805702229
805702231
805702182
805702222
805703033
805702039
805703007
805702218
805702221
805703024
805612210
805703042
805703131
805702236
805703202
805703188
805703216
805703139
805703220
805704227
805703212
805704144
805709051
805709171
805704167
805704012
805704088
805703242
805709172
805704248
805704231
805704247
805704102
805705026
805705023
805704235
805705020
805710161
805705028
805705029
805704132
805705118
805705130
805705149
805705143
805705159
805705157
805705132
805704159
805705103
805705166
805705180
805705177
805705167
805705229
805705184
805705189
805701005
805706008
805705244
805705236
805705165
805706055
805705124
805706012
805713158
805706063
805706043
805706056
805706139
805706098
805706180
805706175
805706113
805713178
805706229
805706107
805706232
805707039
805714121
805706208
805707045
805706236
805707038
805707044
805707015
805705248
805707103
805706206
805707217
805707183
805707069
805708162
805707140
805703081
805708203
805708036
805708230
805716029
805708226
805709013
805707160
805709089
805709020
805708187
805710023
805715063
805715136
805709187
805710036
805709108
805709103
805709008
805710037
805804126
805710019
805710055
805802040
805710052
805710172
805709088
805710062
805805221
805710173
805804013
805710210
805710183
805803037
805710095
805711024
805710189
805710244
805710202
805806135
805711014
805711060
805711029
805808080
805711042
805808188
805710014
805711045
805711110
805810055
805705223
805711247
805712022
805808165
805712023
805712037
805712019
805712049
805712137
805712075
805712059
805712145
805711143
805712157
805712203
805712060
805712061
805712183
805712249
805711053
805713099
805713133
805713132
805714009
805713174
805713226
805712233
805714005
805713244
805714117
805713247
805714124
805714240
805714145
805714105
805714188
805713234
805714027
805714136
805907047
805714054
805714250
805714197
805715100
805713168
805907114
805709188
805715129
805716024
805716048
805714160
805715046
805715216
805716028
805716043
805715140
805716155
805716203
805716196
805716159
805715168
805913092
805716186
805803050
805801157
805803212
806001133
805915133
805801249
805716112
805807099
805808109
805807149
805716077
805802184
805806164
805809129
805804017
805807224
805807122
805806055
806002169
805810036
805806078
805810205
805810044
806002152
806002221
805810119
805812144
805811165
805811114
805812183
805811023
805812195
805813127
805810217
805812227
805814167
805814028
805811034
805901106
805813100
805815194
805901025
805902184
805901047
805902130
806003202
805901214
805901123
805901220
805903098
805901069
805902220
805816234
805904008
805905029
805903121
805905013
805905132
805905100
805904146
805903181
805907026
806005013
805908108
806005035
805905117
805907048
805906135
805906078
805907049
805908109
805909093
805908145
805910055
805908237
806006024
805905088
805910169
805910098
805911060
805910120
806005221
805914011
805915066
805912035
805914201
805914096
805915034
805914241
805915153
806001222
805915227
806001179
806006230
806007044
806006241
806002030
806001243
805914134
806002043
806002064
806002047
806002090
806001246
806001239
806001167
806002046
806007143
806002185
806009074
806002071
806002213
806009020
806007206
806003086
805916200
806002248
806003033
806002247
806007126
806003032
806003056
806003101
806009093
806009138
806003089
806003022
806003147
806003144
806010066
806003096
806003116
806004018
806009188
806003097
806009222
806009189
806003217
806004029
806003194
806003232
806010006
805807087
806010023
806004080
806003227
806004123
806003176
806009247
806004112
806003191
806010095
806004096
806010133
806004134
806004183
806003091
806010090
806004102
806004126
806004229
806004103
806005190
806011114
806005101
806005079
806005096
806003184
806011093
806005033
806003165
806004105
806010103
806011094
806005069
806005062
806005146
806005131
806011028
806009166
806012026
806005197
806011072
806006122
806011131
806005160
806012137
806012067
806006033
806005234
806012011
806012178
806012131
806006177
806012023
806012198
806006149
806006074
806006182
806013029
806006181
806007062
806013006
806013011
806013073
806012047
806005175
806006158
806013091
806013141
806012096
806006100
806007079
806012130
806013042
806006044
806006166
806006178
806013133
806013047
806007070
806013165
806013168
806013155
806007065
806007001
806006212
806013213
806007093
806007101
806014015
806013189
806007104
806014018
806013223
806007213
806013217
806014012
806007123
806007087
806007198
806014145
806009158
806009055
806014118
806009101
806009155
806014026
806009094
806009012
806014114
806014024
806007166
806014131
806015030
806015022
806013182
806010189
806007135
806009200
806010049
806014179
806010094
806015157
806014240
806013221
806015093
806010100
806011062
806010194
806015100
806014095
806011052
806016056
806011056
806015192
806015143
806007191
806010074
806015170
806011065
806010242
806011069
806015040
806015238
806016013
806011241
806010207
806016135
806012046
806016138
806013065
806011080
806012126
806016204
806013031
806013067
806016196
806011029
806013090
806016045
806013172
806012050
806102085
806012148
806012091
806013115
806012209
806013208
806105034
806011079
806109199
806016224
806014105
806013023
806301002
806107118
806301034
806105197
806101209
806014107
806214133
806106243
806014011
806014185
806014108
806014034
806301145
806013094
806301043
806301111
806013092
806301212
806301169
806301087
806301020
806014021
806015016
806014201
806014139
806301048
806302126
806214236
806015019
806014174
806301242
806302142
806302197
806302091
806015145
806014091
806015234
806014221
806014148
806302152
806015177
806016078
806303030
806302145
806015147
806016031
806016241
806303045
806303064
806012090
806015158
806303033
806303096
806016094
806303025
806303006
806015028
806110094
806303173
806303088
806303125
806303163
806016058
806111141
806302168
806110203
806111241
806303116
806108198
806303177
806302082
806303139
806113166
806113060
806016036
806113045
806115117
806303084
806303178
806110204
806303092
806114043
806203051
806303185
806112097
806303182
806303187
806015134
806204174
806303201
806304012
806301107
806303198
806110244
806304034
806304088
806304118
806304052
806210054
806304031
806204117
806303213
806113248
806303174
806009006
806304093
806113043
806301142
806301144
806302085
806303183
806304117
806304250
806302075
806302039
806304137
806302130
806304134
806303235
806301184
806304175
806301231
806303072
806304154
806303048
806303082
806304153
806301053
806302015
806301183
806305119
806303014
806305038
806305141
806305118
806305069
806015231
806303057
806302149
806302129
806303142
806305046
806303149
806305064
806303186
806303179
806305130
806303203
806306043
806304126
806305034
806303166
806305246
806305145
806306071
806306037
806306028
806304110
806305177
806306055
806304067
806304142
806305191
806305030
806303087
806305162
806306232
806305164
806306089
806306046
806305043
806305171
806306073
806305237
806306185
806306035
806307028
806306015
806306080
806306026
806307014
806307112
806305037
806306164
806307058
806306058
806306206
806304171
806306218
806306212
806307114
806306214
806306228
806307181
806307135
806307088
806307096
806307010
806308014
806308017
806307192
806307106
806308187
806308022
806308023
806307067
806307239
806307178
806308121
806308153
806308174
806308182
806308206
806308207
806308057
806308134
806307161
806308189
806307202
806307232
806307116
806310133
806310154
806307248
806307099
806307227
806310066
806308131
806310231
806308151
806310074
806308136
806308135
806307138
806310229
806310046
806308026
806310238
806310178
806310235
806308067
806308192
806310159
806311029
806308223
806308152
806309047
806309044
806308128
806309150
806311052
806310224
806308160
806309189
806311024
806309068
806311121
806309174
806309163
806311153
806308118
806311156
806309218
806310239
806309197
806309184
806309046
806311165
806309239
806311089
806309250
806311160
806311180
806312006
806310004
806311158
806311103
806309206
806312146
806310025
806310055
806312169
806310017
806310101
806312043
806312126
806312204
806312168
806312046
806310166
806310177
806311008
806312249
806313050
806310103
806312182
806313068
806311009
806310119
806311077
806311220
806310137
806312209
806313011
806311149
806311145
806312129
806313107
806313079
806311199
806312048
806311246
806312072
806312012
806312022
806313117
806313099
806313192
806312020
806315048
806313159
806313100
806315174
806311226
806315215
806312104
806312177
806312134
806312164
806306208
806312119
806313180
806312161
806315246
806312162
806316012
806312170
806313148
806307079
806313131
806313132
806313191
806312229
806313013
806313174
806313115
806312223
806316238
806313246
806313242
806314070
806314084
806314027
806313234
806314122
806314109
806313207
806313232
806413092
806314168
806314160
806314197
806314206
806416203
806314159
806314131
806314179
806308233
806314248
806314165
806314204
806315004
806314226
806315010
806314208
806308093
806314241
806311093
806315003
806315041
806315049
806315099
806315097
806315066
806315078
806601098
806315017
806315093
806315083
806315138
806315067
806315148
806315193
806315115
806315081
806315134
806315213
806315152
806316018
806315098
806315122
806315167
806315143
806316089
806315201
806316137
806315233
806315240
806316112
806316016
806316092
806316121
806316074
806316107
806602051
806315227
806316120
806602056
806315228
806316139
806602084
806316186
806316216
806602065
806602054
806316207
806316234
806401053
806316156
806405015
806316219
806316168
806602178
806316243
806402084
806316155
806410159
806406099
806316176
806409171
806407065
806416204
806408062
806412101
806414065
806401218
806507065
806514144
806402222
806514094
806506071
806505118
806410079
806603096
806506197
806603087
806514040
806412182
806514148
806514066
806516095
806601010
806514110
806601074
806603140
806601125
806601037
806601016
806603112
806601072
806601113
806507097
806601103
806601046
806601130
806604100
806601092
806601052
806601167
806601179
806603138
806601213
806603208
806601104
806605026
806604032
806601150
806601210
806601237
806601193
806601231
806602029
806602002
806601243
806601149
806601214
806602095
806601173
806602130
806602074
806602107
806605121
806602103
806602044
806602166
806602116
806602083
806602135
806602170
806606035
806602184
806602175
806602200
806602176
806606122
806602138
806602168
806602149
806602201
806602169
806602206
806602161
806602205
806602181
806602217
806606055
806602189
806603007
806606185
806602214
806602232
806602219
806603047
806606170
806603050
806603053
806607116
806605207
806603088
806603073
806607079
806603063
806602236
806603052
806602208
806603109
806603176
806603156
806603186
806607208
806603200
806603144
806603214
806607198
806607216
806603197
806607188
806607110
806603218
806603240
806607161
806604026
806604023
806603188
806604035
806604008
806604030
806604036
806604129
806604128
806604137
806605019
806604105
806609066
806604124
806604093
806605015
806604250
806601022
806604159
806605046
806605032
806609222
806603241
806604167
806605027
806605024
806605020
806604164
806609226
806609163
806605069
806610045
806605110
806605116
806605042
806605120
806605119
806605130
806605132
806605151
806610237
806605061
806610027
806611013
806605143
806605088
806605159
806605161
806605201
806605232
806606120
806606238
806611160
806606175
806606147
806607001
806605175
806605246
806606197
806606240
806606054
806605248
806607065
806607108
806606031
806607093
806607160
806607119
806612222
806607015
806607025
806607091
806607169
806607100
806607171
806606225
806607197
806607210
806607239
806608022
806608020
806608156
806607223
806608162
806608155
806608182
806608031
806608245
806614062
806607200
806608033
806609039
806608233
806608232
806609050
806609152
806608060
806608243
806609014
806609112
806609183
806609194
806609214
806609159
806609130
806609201
806610023
806609204
806610011
806610018
806614173
806614192
806610055
806610067
806610084
806610124
806609215
806610103
806615053
806610123
806610155
806607117
806610109
806610173
806610179
806610203
806610227
806615221
806615058
806607175
806610210
806611033
806611054
806607181
806611037
806611052
806610188
806611174
806610175
806611176
806611086
806610177
806611131
806611145
806616044
806610247
806611077
806611177
806611137
806611225
806611167
806611184
806612135
806612022
807201087
806612112
807202091
806612042
806612200
806612095
806612151
806612096
806612233
806613037
807208070
806613022
806613012
806613041
806613038
806613127
806613073
806613119
806613092
806613044
806613112
806613187
806613021
806613180
806613054
806613211
806613228
806613209
806614046
806614020
806614058
806614070
807405138
806614107
806614064
806614128
806614163
806614028
806614085
806614121
806614198
806609013
807414046
806614054
806614096
806614193
806615029
806614086
806615037
806614169
806614174
806613167
806614221
806614201
807602065
806614231
806615115
806615078
806615134
806615127
806615167
806615213
806615145
806615189
806615216
806615227
807602175
806616025
806615042
806615233
806615190
807602035
806615113
806615240
806615008
806616031
806616154
806616095
807607092
807605029
806616042
806616107
807610082
806616250
806614232
807610169
807609057
806616188
806616213
806616152
806616245
806616128
806616203
807610189
807202016
807612035
807205111
806616179
807203082
807207210
807615133
807205127
807209097
807302192
807215114
807206229
807609122
807307001
807302246
811202197
807310144
807402191
807308172
807315038
807201243
807402115
807309158
807405129
807209211
807405050
811202126
807308228
807214034
807401095
807407167
807407207
807412050
811203010
807413060
807414228
807416180
807413208
807412129
807311012
807416211
807501034
807506234
807502057
811210079
807501102
807514140
807504137
807513202
807601167
807513228
807603141
807601103
807603203
807603108
807602168
811212067
807502168
807601172
807604137
807605100
811213226
811213223
807604039
807606012
811213115
807604103
807604062
811214066
807605105
807607030
807606052
811216112
807605038
811215053
811216149
807607082
811215214
807609184
807607158
807607200
811303152
807608135
811301152
811213123
807612238
807514028
811305229
807611163
807612065
811301188
811305234
811301061
811315030
811216058
811303242
811308184
807613103
807614247
807613117
807613166
807608004
811302175
807614096
811310213
807615039
811401172
807604012
807613245
807616075
811411180
807616180
811404155
807612042
811409128
807615122
811414205
807610123
807616174
811506214
807616248
811510217
807616211
807616005
811201168
811509107
811415053
811601077
811602228
811601132
811202200
811602151
811411072
811601094
811408053
811202018
807616221
811203048
811203080
811203188
811602088
811205109
811603050
811205145
811601240
811603027
811204107
811206198
807615078
811207017
811603171
811602246
811603150
811603191
811603189
811203142
811603063
811603229
811205212
811209051
811604044
811603176
811205050
811603056
811605081
811605106
811208245
807409186
811209131
811605026
811604080
811209080
811209127
811207095
811605134
811207173
811606104
811606117
811206094
811209225
811210052
811605243
811606245
811605174
811607027
811607048
811210127
811606171
811210146
811209250
811608124
811210175
811211199
811608084
811209186
811212108
811608132
811607180
811212172
811213094
811211185
811212165
811607159
811214070
811608158
811301177
811609012
811214183
811608237
811213172
811609135
811608010
811214093
811609055
811310120
811212219
811312238
811302133
811609104
811609189
811609155
811609163
811404171
811403093
811610034
811407012
811610014
811307210
811610027
811610211
811415121
811408148
811408167
811610203
811601048
807616197
811610039
811407163
811601218
811610149
811610232
811611211
811411158
811612075
811610091
811506222
811613205
811601210
811602125
811303247
811612235
811611127
811611190
811613120
811505064
811614066
811614111
811602174
811613178
811602148
811602133
811602084
811614063
811602175
811614012
811208119
811603072
811615246
811614151
811611177
811602200
811614160
811603081
811602232
811614232
811616131
811614248
811603121
811603179
811616175
811601111
811616200
811604053
811613136
811616098
811606229
811702211
811709193
811603123
811705047
811604036
811616238
811604085
811604114
811604088
811713054
811703196
811605058
811715231
811901186
811807111
811901173
811811241
811604185
811812171
811801076
811604165
811902082
811604160
811701080
811905127
811605207
811605068
811604227
811609129
811903189
811605146
811903091
811606159
811905229
811215002
811905138
811902175
811606152
811908008
811908131
811905247
811908031
811606198
811605213
811913054
811913147
811606010
811908126
811910066
811908148
811903153
811606186
811601123
811602131
811607188
811608230
811608203
811608062
812002131
812005215
811607215
811609044
812005112
811609007
811609120
812011091
812007023
811609146
811913151
811610016
812004023
812003042
812013154
811610148
811609152
811603217
812208030
812208029
812203231
811610156
811610040
811612137
812208053
811611016
812201055
811612026
812208004
811612070
811612066
812208124
811611030
811613073
811613016
812206154
811613122
812215136
812213121
812304095
812214066
811612126
811611167
811612202
811613033
812213156
811614077
812211248
812215049
811615227
812304059
812304133
812304077
812213221
811614048
812309130
812315152
812309080
811614055
812402181
812401209
811615240
812413248
811613242
811616130
812402085
812009068
811616183
812405197
812307206
811703042
812308224
812410203
812316146
811616188
812416014
811616151
812514133
812410244
811715158
812413060
811614142
811704137
812412097
811715244
811612216
812504174
812511177
811806139
812616199
811714189
812606175
812606206
812614154
811808121
811802071
812614008
811714054
812504117
811703188
811810069
812705018
811901061
811807101
811614020
812506021
812704088
811902050
811905136
812604183
811804093
811902213
811904118
812703008
812705181
811904097
811908072
812705100
812704068
811905164
812705243
812705058
812706076
811910223
812704024
811913242
811913034
812707044
811913079
812707005
812404042
812708228
812705061
811901140
812706107
812706053
812704248
811609250
811905246
812705241
812713033
812003138
812009135
812709152
812707215
812706072
812204059
812804135
812206195
812801006
812204024
812201219
812004008
812808142
812805199
812814205
812213193
812807210
812714166
812806081
812213140
812808052
812213103
812812200
812715183
812901119
812904185
811614212
812902135
812712202
812907109
812216152
812902117
812308173
812913083
812307070
812903110
812914096
812316178
813001016
813001022
812901149
812911239
812315216
812905116
813001046
812914181
812916202
812311097
813001149
812407118
812405034
813001072
812409199
813001092
812408198
812413043
812804107
812912012
812309066
813001213
812410068
813001237
813002051
812410204
813001179
813001023
813002044
813001210
813001074
813002029
812411241
813002064
813002072
812413045
813002119
813002149
812505174
813001214
813002107
812514236
812502130
811706145
811716040
812512228
812606174
813002170
813002074
812416127
813002168
813001243
812609183
813002189
812614152
812702093
812702075
813002169
813002184
813002232
813002178
812507042
812414222
812613080
813002219
813002201
812705244
813002206
813002138
812708114
812705188
813002236
812704155
812705178
813003087
813003073
813003053
812710173
812705234
813003112
812712227
812705134
812802216
812712056
813003186
812808042
813003140
812712088
813003176
813003144
813003007
813004027
813004137
813004026
813004167
813003188
812806054
812804234
812707099
812714238
813003096
812807091
812705064
813004159
812711117
812902219
812903049
812806122
812903102
813005019
813004030
813004036
813005027
813004100
813001103
813004023
813005110
813001037
813003218
812811241
813005026
813005121
813005046
813004250
813001125
813001010
813004105
813001231
812907101
813005119
813001104
812813072
812910146
813001172
813006055
813001173
812209180
813001052
813006031
813006122
813005161
813006120
813002002
813001167
813005201
813006035
813002019
813006164
813005175
813002056
813007005
813006170
813002084
812314211
813006158
813002130
813006197
813001130
813005151
813002116
813002103
813002095
813007015
813007108
813007025
813002175
813007094
813002083
813007110
813003047
813007091
813002217
813005069
813001193
813003004
813005130
813007161
813002161
813007071
813002200
813002135
813007210
813007200
813003050
813003052
813003109
813008060
813008156
813008020
813003164
813009130
813003240
813008181
813003241
813003063
813003088
813008209
813007188
813007116
813002176
813009014
813004008
813004035
813003200
813008039
813008182
813009214
813008245
813003214
813009152
813003197
813003138
813009201
813004032
813010023
813004093
813008243
813005015
813004082
813010045
813004124
813004047
813009183
813009159
813010067
813005061
813004139
813010172
813004129
813010084
813010027
813010188
813010155
813010126
813005088
813005024
812801115
813010177
813005032
813005042
813011174
813011013
813011176
813006185
813005120
813010203
813011184
813011145
813005246
813007079
813007065
813006225
813005207
813011052
813006239
813005159
813012095
813007001
813012097
813005248
813012075
813006238
813011077
813005143
813007197
813011225
813007160
813007181
813012093
813012096
813013092
813007117
813013049
813007100
813012112
813007093
813007119
813007216
813007234
813012233
813012195
813005116
813008022
813007171
813007208
813013022
813009169
813007223
813008033
813007169
813013119
813012151
813008162
813009194
813009039
813013167
813009204
813010018
813009050
813014232
813010055
813013180
813008155
813006226
813014241
813010103
813009226
813009215
813009154
813013211
813015029
813013127
813014250
813014193
813010175
813013021
813014192
813012072
813208117
813015042
813205018
813010222
813010173
813010210
813010237
813209008
813010124
813014201
813011160
813302093
813302051
813010179
813011167
813010247
813202019
813303240
813011033
813302067
813304239
813302213
813309044
813015058
813011086
813011037
813305189
813011131
813309174
813012025
813309201
813311135
813012042
813309149
813011177
813312125
813315213
813313121
813308212
813014020
813013038
813012013
813312182
813012135
813014046
813014058
813013209
813315088
813316249
813310216
813013073
813012022
813312189
813402232
813014028
813014096
813014163
813308033
813304146
813014026
813403037
813409138
813406062
814103166
813403085
814103206
813014174
813014085
814103024
813014070
813014086
814109003
813014198
814107064
813014169
813015053
813014121
813014173
814101173
813014107
813015189
814107160
814110052
814113040
813015127
813015145
814108014
814109244
813015028
813015113
813015115
813015221
814104175
813009163
814115087
814108199
814113176
813014221
814112209
814111075
813015134
814115054
813009121
813016031
813016025
814106233
813016095
814205149
814202074
813015227
813016213
813016044
814116164
814208134
813015240
814114206
813016042
814115106
814203096
814208222
813108187
813016188
814202070
814206027
813016250
814113084
813016203
813015213
813016152
814208243
813112031
813106135
813102236
813016245
814213190
814214182
813016128
814204091
813016179
813302094
813312134
814213118
813303085
814210081
813109093
813304121
814208043
813312244
813307197
813312024
814301174
814213034
813315085
813108012
814302074
814301149
814215037
813309159
814308208
813405198
814304235
814212171
813316175
814308245
813315131
813313099
813403144
814309189
813408029
813114222
813308189
814102081
814304144
814311040
814301038
814307144
813409158
814312241
814312161
814315131
814108141
814310069
813410179
814306131
813408124
813415189
814401126
814405159
814315057
813416003
814109128
813410098
814401034
814106186
814111071
814407080
813315017
814112215
813409143
814401141
814203193
814110235
814406131
814114128
814411117
814414160
814208026
814110203
814402201
814206123
814111068
814407085
814206081
814407126
814414240
814203194
814411178
814405143
814308043
814407177
814413128
814115209
814507044
814504240
814204140
814513129
814210202
814515030
814515108
814508027
814509131
814505105
814210237
814207223
814506089
814308096
814411060
814603016
814305208
814516211
814302064
814601215
814514248
814602071
814509186
814609212
814605177
814309080
814603042
814608165
814212136
814402140
814516234
814609031
814415181
814605244
814407074
814613005
814316058
814414241
814614134
814606181
814605225
814407180
814405050
814613126
814610176
814615046
814501023
814315214
814604032
814505143
814604231
814612238
814402044
814501167
814702095
814604041
814701209
814705034
814702181
814705197
814615003
814515193
814616077
814712097
814711141
814503007
814706243
814710203
814710140
814711241
814613136
814707118
814713045
814612208
814710204
814801121
814801029
814710244
814505203
814801040
814801007
814613180
814702085
814716014
814715117
814713192
814801212
814716016
814801118
814716194
814801242
814713060
814714222
814801149
814713043
814801138
814801011
814802134
814801193
814802149
814801160
814802018
814801034
814801033
814713248
814802091
814801203
814803011
814802015
814612211
814802193
814801115
814801143
814802219
814802221
814802197
814801201
814801178
814803138
814802038
814802050
814803214
814803110
814802116
814804008
814802010
814804067
814802074
814803007
814802124
814804161
814802236
814803049
814802178
814804077
814803015
814803188
814804010
814805068
814803102
814803150
814803092
814803051
814805110
814805202
814803183
814803213
814805106
814805101
814804038
814804048
814805229
814805239
814804119
814806014
814804114
814804159
814805247
814802093
814803144
814805023
814804170
814806158
814804187
814804171
814806030
814806230
814802230
814805166
814807038
814805079
814804175
814804141
814806104
814806027
814806245
814806006
814806037
814806148
814805016
814807017
814806086
814805175
814807073
814806124
814807047
814805072
814806178
814807088
814807004
814807213
814807027
814807060
814807155
814807074
814806181
814807093
814807130
814808004
814808034
814708198
814807085
814807138
814807226
814807142
814807078
814807224
814807107
814807109
814808024
814808046
814807168
814808134
814807175
814808089
814808173
814808126
814808118
814808084
814808069
814808033
814808212
814809047
814809164
814808116
814808150
814809046
814807245
814808094
814808135
814808153
814810096
814808189
814808206
814808032
814809016
814809171
814809057
814808171
814809196
814811013
814809129
814809081
814810016
814809176
814810081
814809244
814811053
814811059
814809183
814809101
814811063
814805159
814809097
814809157
814812088
814812006
814810173
814811074
814813189
814811126
814811238
814812202
814809222
814812092
814809186
814810207
814809008
814813154
814809178
814814093
814814132
814805178
814813130
814812136
814814116
814810039
814813160
814810126
814814008
814814192
814810095
814814168
814814173
814814236
814809204
814814202
814815038
814810058
814814248
814810200
814810195
814810201
814810018
814812230
814810177
814815041
814810169
814815134
814814201
814815088
814815228
814810209
814810205
814810214
814811084
814816155
814815064
814816011
814816225
814810211
814812083
814812131
814902081
814811199
814810242
814901098
814814183
814811111
814807163
814812027
814904032
814912209
814813009
814910084
814812069
814812162
814807140
814815048
815001159
814914169
814813067
814815114
814905117
814813221
814812126
814909183
814812040
815006233
814813157
815004112
814913100
814911086
814814023
814813239
814814117
815004067
815003180
814814029
814814109
814814145
815009121
814906067
815008060
815015144
815012205
815012137
814904229
814814166
814813248
815013089
815009152
814814086
814814121
814814077
814814172
815108136
814814191
814814220
814814182
814815040
814814219
814815017
814815127
815107108
814815198
815104139
815113036
815109226
815102088
814815072
814816043
814815209
814816105
815015227
815211208
814815234
814810033
815110109
815211180
814815244
814815207
814815100
814816154
814816153
814816130
814816213
815113121
814816159
814901025
814815077
814901167
815111113
814905213
814904023
820102146
814816156
814816054
815216133
814905015
820113221
820202035
814914132
815214085
814914174
820203118
820205094
814913046
814816110
820204162
815004185
820203201
815002072
815005034
820206046
820207064
820204123
820208067
820206089
814910211
814904079
814902025
815001113
820210018
815002169
820211038
820202228
814916106
815005040
820207046
815012202
820215106
815013177
814813133
820213096
820209001
820216040
815101169
814906080
815008162
820303174
820301007
820305062
815107207
820302189
820214110
815006148
815108158
820302017
815014174
820305114
815109044
815108177
815007200
815110193
815108045
820310151
815109109
820303182
815101072
820309074
820305211
815012248
820305116
815109097
815112136
815110058
820306014
815112069
820306241
815204144
815109202
820307005
815202185
815204142
820308199
815201030
820314211
815109166
820309239
815113132
820312005
815206098
820312201
815207247
815116028
815209194
815111245
820308180
820311250
815207097
820316174
820506113
820506149
815211086
815208164
820507209
815209215
815208049
820505028
815208167
820514198
815214117
820510145
820512227
815210202
820607208
820511238
820506002
820008014
815216010
820116131
820515040
820001172
820507220
820016203
820609014
815210058
820001232
820005061
820108056
820609142
815214139
820115140
820102178
820108145
820110079
820613177
820609193
820611027
820609051
820203121
820207029
820612091
820608067
820207246
820108013
820202067
820703168
820203050
820704135
815211124
820703086
820704017
820609131
820212215
820210242
820702134
820214245
820216131
820705134
820613049
815103191
820603213
820201107
820706095
820209006
815012227
820216138
820301179
820705234
820705108
820212149
820303083
820308071
820302236
820707030
820301142
820306024
820316161
820706237
820308167
820708236
820709111
820303232
820706190
820709198
820705079
820308132
820712075
820310002
820716112
820311121
820305143
820503015
820711225
820716216
820311092
820302213
820709146
820713016
820309051
820710244
820303191
820309115
820808232
820709250
820313021
820709135
820807042
820501054
820313040
820901113
820315228
820312156
820503093
820903154
820315234
820903239
820908047
820510234
820508014
820910156
820315133
820507112
820306062
820512029
820604020
820511006
820904165
820504128
820909194
820313162
820604146
820912131
820915137
820913149
820606181
820906063
820603012
820912142
820910216
820512009
820916210
820513008
820913044
821003014
820609159
820609066
821002095
820506067
820609138
820609210
821008038
820610146
821003077
820612160
820613050
820612076
821012024
820612233
821003140
821004099
820604245
820613123
821011075
821011200
821008148
821013043
821009109
821008045
820615132
821007168
820613198
820703098
820704088
820701197
821016036
821013129
820705116
821014065
821004227
820705013
820705032
820704025
820701149
820709045
821101106
821014224
820707188
821016037
821102150
821103061
820706114
821106155
820708154
821016137
820706034
821104010
821102149
820712143
821107080
820713156
820707216
821105180
820311127
821103142
820712182
820714207
821108079
820716110
821108242
820803051
821104126
821111045
821106197
820715043
821110124
820711163
821111120
820814236
820804117
821110085
821113227
820806117
820815143
821112041
820711003
820815178
821115120
820814133
820903081
821113105
821202039
820901154
821111235
820604232
820903249
821204035
820904020
821206164
821206027
820908089
820901219
821207102
821116234
820904172
820908190
820901046
821213120
820912079
820903076
820904124
820910211
820909171
820908125
821301149
820910234
820916119
821103077
821302094
820909008
820710055
820914108
821304248
821004173
821301080
820914202
821302219
820713213
820916242
820912179
821001080
820909206
821305158
821303095
821004139
821307223
821307068
821006164
821008227
821003042
821011039
821312018
820914179
821011052
821003111
821307180
821305167
821002221
821005214
821015248
821013044
821313073
821014053
821101152
821015188
821102248
821015238
821101096
821102075
821315201
821101006
821313235
821310066
821012143
821103073
821314191
821310210
821103100
821311081
821404174
821414133
821106006
821402130
821013065
821103152
821105221
821105032
821106166
821103207
821413164
822901125
821108013
821111206
821107171
822901121
821414236
821314185
821107175
821110079
822907118
821108067
821112010
822909183
821110166
821105170
822908017
822902192
821112020
822907162
822913009
821114096
821113145
822907128
822912189
821111131
821115021
821112043
821114225
822909037
821115054
821108167
822913050
822914134
821113057
821116154
823003201
821201087
822912006
821113034
821116058
823006190
823006080
822914196
821116051
822904132
823007022
822916005
823005021
823006119
821206028
823004144
821202082
821204038
821206012
823008038
823006195
823007178
823005225
823008048
821207127
823008114
821213174
823005026
821208182
821207184
821302088
821202119
821213207
823008135
821206185
821301047
821302089
823010069
821216012
821302208
821302130
823013084
823008129
823010203
821301006
823012183
821305023
821211176
821302207
821307144
823013068
823014098
821307171
823009200
821307118
821306074
821307045
821307163
823016224
823016016
823013099
823014095
821310222
821310023
821310028
821313221
821304231
823014206
823107159
821313129
821315203
821304183
823113044
823107043
823016229
821411084
823109068
821310169
823115233
823107028
822901023
823015197
821403051
822902247
823109107
823113143
821407042
821415178
822901166
823204099
821314072
823114090
821404117
823207107
822907211
823305044
823204234
823210151
821406131
823212164
822909233
823301119
822912242
822905160
823211132
823215067
823303016
822908014
823002134
823306028
823306104
822916030
822912083
823308096
823003171
822913173
823006113
823307133
823004041
823303006
822907178
823307117
823006164
822914237
823310006
823316056
823309001
822913013
823406026
823007240
823402247
823406162
823403174
823009068
823011121
823010119
823008090
823408185
823413139
823410231
823013073
823011216
823406238
823004227
823012025
823408054
823009149
823413231
823013090
822904008
823013049
823101031
823415101
823501041
823013235
823014240
823112091
823503109
823413155
823501173
823013207
823108110
823016028
823006174
823505058
823113009
823114134
823103247
823507038
823011072
823010209
823114180
823113064
823503240
823508022
823507078
823511092
823207027
823506128
823509046
823205013
823115107
823202248
823512035
823513157
823211036
823211009
823511174
823512165
823213222
823301236
823515042
823211201
823512238
823213047
823208131
823513195
823511009
823216248
823516236
823514166
823305247
823506051
823514060
823516043
823307188
823302126
823304137
823513239
823515194
823307014
821404095
823603242
823602050
823516249
823608187
823306055
823202038
823314197
823605016
823313125
823609244
823314222
823311014
823610124
823309225
823611228
823205079
823309013
823616199
823308218
823308179
823611245
823701161
823611231
823401092
823610087
823315009
823404250
823703217
823316036
823405213
823613228
823403047
823616031
823406067
823616211
823313036
823408221
823410203
823707160
823407145
823703024
823709244
823705099
823706128
823409209
823407085
823709128
823711068
823412073
823713040
823411160
823708199
823413219
823714077
823714114
823415035
823714036
823501092
823416231
823712215
823709014
823502188
823711071
823507059
823712141
823803032
823511086
823502126
823602045
823710037
823714145
823803016
823715025
823803200
823803215
823802102
823503152
823803166
823510079
823501099
823802026
823510002
823505188
823508087
823803050
823803145
823803165
823613140
823804044
823202039
823710052
823804139
823804023
823615020
823805020
823804077
823715087
823805158
823803247
823804088
823804128
823803098
823804087
823802115
823806186
823805099
823805202
823707026
823803239
823806026
823805161
823806245
823806033
823808050
823806190
823806149
823805065
823503242
823806159
823806120
823806232
823806107
823806010
823808021
823804035
823806170
823808200
823806074
823513132
823806168
823806086
823812127
823811067
823808012
823808246
823808070
823803220
823808125
823808129
823806094
823808245
823808093
823811084
823808199
823812068
823815194
823811003
823811216
823808235
823808179
823815051
823806015
823812228
823808124
823816107
823902205
823812214
823904062
823901218
823812246
823812083
823816245
823907106
823903190
823816032
823815228
823910039
823910149
823816153
823816088
823908214
823902054
823908152
823902116
823816051
823907075
823901171
823910172
823910074
823911089
823905121
823911162
823916135
823916042
823911024
823913043
823908027
824002193
823916133
824001181
824001071
823901166
823913058
823912226
823909032
824002018
824001117
824002221
824002113
823913057
824003166
823406206
824002122
823913127
823901221
824002246
824001080
824005171
823912151
824005082
823910124
824003202
824005178
824003184
823704023
824006186
824004134
824001076
824002143
824006038
824004055
824014065
824005234
824011190
824009047
824007048
824007202
824005050
824007085
824014179
824002038
836501067
836502165
824004039
824007023
824009184
824004174
836502050
824009209
824007129
824013131
824015078
824007118
824015139
824015221
836502185
836501097
824016023
836502047
836503052
836502240
836502239
836502176
836501040
824013068
836503032
836503081
836503019
836503002
823811211
836502189
836501052
824015099
836502232
836501084
836502134
836503250
836503151
836503092
836503065
836503191
824016040
836503245
836503017
836504139
836503147
836504069
836504080
836503249
836503104
836503186
836504231
836503247
836505038
836504037
836503053
836504094
836504036
836503165
836504165
836504070
836504020
836504116
836504134
836503212
836504084
836505048
836504239
836504010
836504175
836504027
836505114
836505102
836506014
836504089
836505035
836505198
836506023
836505150
836505143
836505089
836506005
836506093
836506197
836505086
836506039
836504236
836505170
836506131
836505105
836507197
836506067
836505161
836505180
824002054
836505208
836507083
836506143
836508001
824003189
836506048
836505133
836508075
836506188
836508067
836506163
836507033
836507243
836506226
836507027
836507075
836506194
836507145
836507198
836508189
836507148
836507078
836508122
836508198
836508081
836508159
836508206
836507063
836508190
836509022
836508119
836508208
836508034
836508018
836509015
836508120
836508219
836508207
836507203
836508242
836508205
836507193
836508116
836509041
836510049
836509091
836509220
836510012
836509189
836510042
836508020
836510048
836510082
836508226
836510081
836510093
836510007
836509204
836510165
836510056
836509050
836511042
836510130
836510230
836509173
836510031
836511110
836509065
836510183
836511111
836503073
836511114
836510243
836510032
836511048
836510146
836511054
836509071
836511199
836511200
836511024
836511069
836508111
836511181
836511141
836511106
836511248
836511127
836511105
836510206
836511221
836512032
836512040
836511184
836511183
836511218
836511211
836511144
836509175
836511195
836512025
836512085
836512011
836512036
836512075
836510219
836511214
836512029
836512020
836512060
836511169
836512169
836512166
836513006
836512246
836512126
836512086
836513213
836513132
836512065
836513189
836512044
836512117
836512203
836511238
836512058
836512042
836513187
836514051
836513021
836514058
836512228
836512072
836512229
836513065
836514192
836514177
836512234
836514128
836513048
836512230
836515151
836513100
836514149
836514124
836513080
836514078
836514233
836512247
836515213
836514114
836514084
836513128
836514250
836514246
836514056
836515080
836514197
836515168
836513126
836514216
836516144
836516086
836514043
836514230
836514160
836515095
836514231
836516128
836514181
836514063
836601053
836601111
836516174
836516194
836601132
836516155
836601013
836515064
836514221
836514214
836602088
836515143
836514240
836515083
836509083
836516247
836516075
836602010
836601225
836516189
836515037
836602053
836601070
836602178
836515117
836516220
836601182
836602151
836602126
836602220
836514248
836602189
836601098
836601117
836515059
836601234
836516095
836602119
836516103
836603071
836601162
836602113
836515105
836601230
836603073
836604049
836603168
836603150
836603017
836601241
836604076
836602239
836604123
836602017
836601033
836604094
836603233
836603100
836602019
836602054
836604120
836604082
836604118
836601006
836604129
836605046
836604156
836602090
836604089
836602125
836602115
836602109
836603176
836605028
836605063
836602114
836604238
836601097
836602066
836602025
836604144
836602130
836605059
836605132
836605133
836602216
836602215
836605149
836602158
836602165
836605248
836605221
836602218
836605232
836605157
836606052
836606195
836606207
836603003
836602163
836606081
836605237
836606189
836603012
836606096
836606145
836605057
836603096
836603051
836607021
836607029
836606108
836607030
836603103
836603056
836607045
836603048
836603004
836607055
836607008
836607063
836603164
836607075
836607115
836603142
836603156
836607056
836607147
836607116
836603171
836516043
836603238
836607169
836607177
836604014
836603234
836607076
836603087
836607217
836607133
836607245
836604073
836604025
836607215
836607128
836607193
836607227
836604070
836604102
836608009
836603218
836603163
836604052
836604099
836604231
836604114
836608046
836604162
836604130
836608058
836608018
836608029
836604178
836605009
836607228
836605008
836608035
836605036
836605047
836605042
836608162
836608133
836608081
836601125
836605048
836608135
836604166
836605033
836608074
836608109
836605143
836605160
836608092
836605075
836605183
836605053
836608120
836605082
836605206
836608145
836608181
836605124
836605191
836608150
836608178
836609009
836605207
836608185
836609051
836608190
836605203
836605190
836609007
836609061
836608227
836606124
836609045
836602217
836606034
836606188
836606133
836602205
836608232
836609126
836606013
836606080
836606122
836609151
836609206
836609109
836609067
836606043
836609210
836609040
836606245
836605158
836603124
836605241
836607111
836606184
836606197
836609250
836609240
836606190
836606236
836606224
836607039
836607060
836609239
836607079
836607119
836610023
836606216
836607130
836607109
836610143
836606227
836610204
836610068
836607199
836606234
836607037
836607132
836607077
836610034
836607143
836606231
836607163
836610146
836610178
836607226
836608004
836610064
836607182
836607152
836610198
836610053
836608026
836611052
836608027
836611035
836610038
836607135
836607190
836607159
836608068
836608049
836610098
836607166
836607244
836608053
836610224
836610235
836607246
836610215
836608100
836611135
836611122
836607231
836608200
836611064
836611113
836611196
836611061
836608125
836608188
836608079
836608177
836608038
836612140
836608071
836608237
836608226
836608180
836609012
836609026
836612042
836612011
836612034
836609116
836612143
836609031
836612182
836609086
836612119
836609080
836609108
836608017
836608248
836609150
836612064
836609017
836608201
836609207
836609168
836610041
836612183
836613095
836609143
836609175
836613007
836609169
836609200
836613016
836613118
836610015
836613176
836610156
836610120
836610116
836612168
836610140
836613101
836610177
836609225
836610191
836610180
836612205
836613233
836613076
836613178
836611069
836614198
836610207
836610223
836611006
836614180
836614197
836611090
836611098
836611180
836611002
836614222
836614238
836614111
836611067
836614224
836615009
836615030
836611239
836615040
836615111
836611154
836609015
836614046
836612003
836615070
836609129
836615120
836611144
836615138
836610210
836615078
836612120
836611247
836612095
836611160
836615150
836612124
836616021
836615240
836610222
836616027
836612156
836616157
836616197
836616191
836612128
836612178
836612179
836612030
836612060
836612037
836615192
836616090
836616114
836612240
836616219
836612184
836611199
836704042
836613014
836701218
836612226
836703070
836612180
836612237
836613009
836613001
836613078
836704032
836701064
836613008
836613068
836616218
836705201
836705235
836613047
836613081
836613098
836613096
836613097
836613085
836613112
836710012
836612230
836613143
836708094
836609174
836614044
836613231
836613211
836613129
836710093
836713218
836614209
836613128
836710142
836614149
836714183
836614157
836714220
836613219
836715057
836614053
836615071
836715121
836714218
836614247
836615081
836614201
836716129
836615082
836614113
836909001
836615135
836615131
836611141
836615144
836615045
836909130
836612043
836615101
836616063
836714045
836615187
836615230
836616183
836909149
836616003
836615228
836702096
836913096
836616014
836909188
836616250
836616106
836616040
836909215
836913241
836913165
836702047
836704080
836909032
837012153
836913163
837006052
836706151
836705162
837011196
836703181
836705117
837009081
836616164
836706152
836705203
837015058
837013186
837004096
837009189
836702066
836709219
836711029
836612076
836711121
836713157
837016211
836710016
837103070
836709035
837103042
837101089
837105157
836714067
836716028
836714225
836713048
837106005
836714068
837106157
836909198
837107073
836909194
836702146
837108041
836710138
837102076
836716234
837109234
837110205
837108058
836707095
836909143
836913166
837110110
837111242
836714246
837101052
836714176
836909184
836909211
837101155
836913234
837108177
836909144
837111184
836913155
836707115
837113022
837109195
836614033
836909246
837114008
837113023
837111201
837007030
837001172
837113124
837112172
837004137
836909177
837111238
837116079
837114069
836714233
837002109
837116026
837013145
837007154
837005244
836712176
837116129
837116192
837116053
837202103
837012100
837208142
837113064
837005100
837204183
837004118
837115091
837006234
837010021
837208180
837209111
837101216
837101221
837015045
837101132
837209189
837101047
837102208
837015062
837013237
837214167
837104044
837102236
837102249
837206226
837113003
837101150
837005117
837105053
837103233
837103228
837309204
837314195
837103149
837307244
837106207
837104179
837401015
837205072
837103239
837103023
837209038
837108160
837107191
837106175
837107024
837105195
837401076
837107246
837315120
837311014
837313158
837109207
837401142
837106071
837309133
837302092
837110143
837109080
837107005
837401220
837111137
837303101
837110187
837402135
837111130
837401067
837102148
837108017
837103092
837402201
837107183
837111202
837109071
837111181
837403228
837405097
837110176
837404010
837406136
837405225
837113099
837113038
837112124
837405118
837406212
837115004
837407021
837406111
837404119
837113164
837113111
837407118
837114043
837113018
837209115
837409080
837407075
837407063
837408017
837115149
837408049
837408129
837206170
837115239
837207119
837408120
837407155
837208232
837208067
837409131
837408108
837214110
837209246
837409199
837302075
837407189
837411144
837215070
837210106
837208039
837409100
837302176
837409147
837214141
837208052
837410145
837411005
837303228
837412135
837410170
837409066
837413064
837309018
837216140
837412136
837301126
837409245
837306198
837413070
837310132
837414250
837413133
837414116
837412220
837312084
837307161
837412231
837414209
837314167
837416044
837401021
837502084
837308124
837413080
837502047
837401179
837315192
837503245
837315129
837313080
837502028
837401147
837401061
837401005
837402245
837416122
837416211
837403010
837505150
837404093
837403179
837505053
837404106
837404239
837501199
837503028
837405007
837506138
837506167
837403166
837507069
837505214
837403242
837506107
837405193
837408178
837505070
837405042
837507140
837508047
837505069
837408022
837508179
837510018
837505221
837510209
837510240
837507066
837509143
837406227
837406183
837408194
837405074
837409240
837511211
837410058
837507176
837601019
837601027
837408190
837512222
837408056
837601007
837508063
837207122
837408234
837410208
837601124
837510167
837601077
837601220
837409136
837409155
837601233
837601088
837410100
837602027
837601228
837513243
837409099
837602072
837412161
837306050
837605049
837603112
837411135
837605196
837412230
837411149
837411162
837603173
837410221
837411243
837602169
837413008
837412153
837413001
837606065
837606121
837606089
837606155
837606173
837413047
837414019
837601198
837412182
837414176
837416079
837413199
837416152
837414142
837606163
837502082
837414218
837413213
837501142
837416185
837607122
837607095
837502042
837607181
837502046
837607219
837502240
837607176
837607190
837506112
837502092
837608049
837608036
837505145
837503151
837607205
837505019
837608055
837505199
837608146
837503033
837607198
837506097
837507185
837507074
837404153
837608069
837608183
837609147
837608184
837608216
837507234
837506238
837609071
837609236
837509119
837609138
837508124
837507215
837507127
837506195
837509034
837507243
837510026
837611234
837609245
837609043
837513146
837514005
837516047
837511232
837610019
837610086
837611002
837510239
837510102
837516044
837610215
837608035
837613140
837601125
837613077
837613229
837601023
837601065
837614026
837601002
837613209
837613204
837613016
837601099
837613118
837614108
837605083
837601221
837603201
837508201
837613031
837511167
837603053
837614113
837602248
837601175
837604039
837603014
837616058
837411208
837615040
837601227
837605082
837606088
837606015
837616036
837606063
837615024
837606138
837606043
837606112
837615235
837604043
837606141
837607046
837606156
837615071
837606174
837606167
837607024
837616106
837615076
837606154
837616146
837607010
837607080
837606096
837801018
837607090
837616241
837607098
837616129
837615094
837607067
837607158
837803178
837607193
837607154
837802191
837803113
837803203
837805013
837607117
837802127
837806185
837607249
837607085
837607244
837806023
837608122
837810031
837609162
837805157
837608056
837616091
837608041
837607194
837609129
837610174
837810162
837609227
837815098
837811020
837610099
837812222
837812044
837609241
837812035
837813012
837611138
837613004
837813196
837810093
837811072
837613011
837611168
837613018
837816032
837807074
837613015
837613088
837613029
837610180
837816242
837901149
837613023
837613033
837904082
837613097
837613060
837816072
837902127
837907074
837610109
837613208
837903026
837613152
837613130
837906236
837904081
837906167
837906185
837907197
837613225
837907188
837613142
837613178
837613217
837613236
837909154
837613219
837613244
837614142
837614114
837614154
837907205
837912222
837613216
837614110
837912003
837911020
837614206
837615044
837615051
837615052
837908093
837913051
837914085
837615058
837614212
837910020
837616075
837615197
837616186
837915213
837616235
837616218
837915023
837803026
840002197
837915003
837915112
837606003
840001043
837616249
837802085
837803090
837803249
840013167
840009124
840008095
840003163
837801152
837806237
837804052
837804147
837806222
837807167
837806006
837807147
837807197
837808246
837808206
837809136
837801045
840101025
840107185
840103096
840102020
840201007
840109044
840016011
837809134
840201233
837811067
840112137
837815023
837809198
840111239
840114113
837810034
837810019
837811019
840204006
837814204
840203061
840201137
837812218
837812249
837815112
837815099
837810052
837609232
837815144
837901045
837815213
837816182
837901231
840204121
840205015
840206126
840207115
840204245
840204091
840206008
837816235
837901227
837903113
840209235
840209129
837905013
837904018
837902191
837906221
840207070
837906222
840207030
840209007
840208052
837908048
837903203
837608143
840208167
837907118
840210004
837909198
837908172
837908218
837910035
840210022
837909134
840211190
840211141
837911067
837908206
837910052
840211101
837912218
837906062
840212026
840211064
840212044
837910034
837913207
837911175
840213036
837914204
837913196
837910153
837614192
837913026
837916072
840213079
837913115
840214180
837913156
840213213
840214009
840003005
837911072
840213239
837915100
840214225
837916235
840009146
837913246
840014034
837915221
840213089
840214088
840006136
840012087
840215135
840012042
840216063
840214244
840004120
837915144
840013107
840301039
840301077
840004245
837811175
840301091
840301078
840103172
840216094
840103205
840216110
840102208
840301106
840301115
840107192
840301093
840301033
840113002
840111094
840201071
840301125
840301124
840108116
840301117
840203112
840301150
840201027
840301137
840301144
840204010
840301138
840204062
840204148
840107250
840204116
840204160
840301176
840301173
840301214
840301227
840204239
840206120
840301178
840301175
840301167
840205120
840302010
840301239
840302042
840206054
840206230
840302015
840302035
840302067
840208087
840207077
840208038
840213075
840208117
840302114
840207240
840302176
840208222
840302143
840209113
840301163
840302165
840302144
840302211
840208155
840302245
840209131
840209146
840302228
840303022
840302248
840209240
840302218
840303081
837513015
840303077
840303036
840303033
840302077
840210137
840302128
840303054
840303087
840303122
840210130
837915099
840302201
840303095
840303145
840211090
840303127
840303140
840303154
840303156
840212167
840303190
840303092
840303182
840303163
840014193
840213051
840303227
840303235
840303099
840301027
840303240
840303239
840304032
840304005
840213135
840213073
840304035
840303248
840216194
840304043
840304023
840213097
840214023
840213100
840202231
840304128
840304051
840304098
840213160
840214220
840212242
840304082
840304159
840215095
840304045
840305006
840304232
840214228
840304229
840304174
840301126
840305016
840216058
840304187
840215046
840212001
840215034
840304183
840305021
840301136
840304235
840303165
840303006
840305074
840305069
840305065
840302017
840303083
840305009
840304107
840305040
840301201
840204175
840305028
840305139
840305071
840304036
840305197
840303061
840302108
840305194
840303097
840305030
840215203
840305235
840305035
840305126
840305127
840305169
840306048
840305166
840305116
840306020
840306013
840304245
840306063
840304175
840306139
840306122
840306005
840305201
840306034
840305143
840305156
840306027
840308062
840305171
840306149
840306050
840307043
840306003
840306075
840308064
840306037
840308234
840306069
840306065
840308053
840306093
840308039
840309052
840307089
840306152
840306135
840306111
840306143
840306190
840306100
840306214
840306098
840309130
840309039
840306170
840309145
840306181
840308028
840307037
840306245
840306237
840307006
840212041
840309144
840307055
840307058
840310026
840307047
840309197
840306055
840307056
840307045
840307073
840307059
840303151
840307117
840307115
840307083
840307064
840307087
840307095
840307121
840307122
840307133
840307163
840307183
840307135
840307147
840307213
840307156
840307200
840307216
840310170
840307131
840308057
840308093
840308059
840307207
840308030
840310158
840310179
840307206
840307228
840307199
840308096
840308122
840308060
840311023
840308184
840308067
840308188
840308095
840308223
840308121
840308162
840310208
840308177
840309013
840309033
840311027
840308210
840309066
840308069
840308190
840308240
840311063
840309114
840308195
840309072
840308133
840309133
840311113
840309147
840309071
840309100
840309051
840309094
840309012
840309182
840309155
840309175
840311162
840309177
840312071
840309195
840309232
840312064
840309244
840309168
840309047
840309192
840310241
840312085
840310005
840310010
840310028
840310039
840309236
840310033
840312105
840310044
840312165
840310056
840310061
840310042
840310043
840310073
840312135
840310055
840310092
840313010
840310084
840310085
840310083
840310107
840310118
840310102
840310134
840313167
840310144
840310154
840310125
840310171
840310175
840310183
840310206
840313199
840310135
840310182
840310172
840310233
840310248
840311028
840311036
840310222
840311061
840311096
840311024
840311132
840311135
840311167
840314075
840311118
840311194
840314126
840309193
840311200
840310214
840311174
840311211
840311220
840311224
840311212
840311176
840312007
840311232
840312005
840312012
840312055
840312023
840312018
840312053
840304029
840308178
840312016
840312011
840312106
840312066
840312039
840309212
840312136
840312098
840312096
840312110
840316010
840312147
840310009
840312154
840312144
840312158
840312160
840312072
840312153
840312078
840312137
840312216
840312230
840312207
840312056
840312231
840316037
840313019
840313037
840313046
840313034
840313045
840312246
840316096
840312244
840313077
840313033
840313088
840313128
840313179
840313080
840313085
840313200
840403007
840313149
840313191
840313112
840313121
840313187
840313214
840403111
840314010
840313242
840313221
840403200
840314048
840314051
840314112
840314058
840314124
840314068
840404069
840314057
840404038
840314192
840314174
840314113
840404173
840314135
840314199
840315011
840314191
840314140
840315024
840406086
840406074
840315041
840313233
840315076
840314182
840314228
840313241
840406043
840315012
840315044
840315071
840315077
840315129
840315063
840315108
840315046
840315087
840315113
840315121
840315176
840315156
840315169
840406205
840315182
840315167
840315200
840315220
840315185
840406234
840315136
840406193
840316016
840315199
840316002
840316054
840316044
840316033
840315165
840316028
840316080
840315221
840316112
840316109
840409207
840316155
840316243
840316193
840316117
840316236
840316233
840312151
840316231
840403049
840316235
840316221
840403016
840403057
840403073
840403186
840411101
840411114
840403031
840403205
840404045
840411195
840403103
840403189
840313051
840403124
840411188
840404232
840404162
840404238
840403033
840403223
840404250
840404233
840404068
840404171
840406005
840406020
840406081
840404140
840415073
840406145
840415093
840404163
840406135
840404062
840406032
840406143
840406163
840406177
840406155
840406154
840501099
840406168
840415096
840406052
840406194
840406190
840406179
840406192
840406165
840406199
840406207
840406139
840406250
840406229
840406202
840406228
840406241
840409003
840409050
840409068
840506104
840406245
840409012
840409109
840409021
840409051
840409055
840409099
840409096
840409108
840409100
840409136
840409111
840409153
840409149
840409211
840409146
840409128
840409084
840409190
840409219
840409163
840411115
840409214
840411113
840411062
840411074
840411170
840411127
840411144
840605069
840411138
840411147
840411176
840602129
840411184
840316249
840604183
840411183
840415035
840411175
840604090
840411215
840411234
840606035
840411168
840415025
840415058
840609157
840415002
840411247
840415062
840415049
840611176
840415023
840415104
840415113
840611005
840415044
840415138
840415193
840615189
840415213
840415053
840502018
840615185
840502084
840501246
840502088
840415085
840503168
840504134
840503089
840701125
840505133
840701169
840505189
840415120
840505201
840701214
840506246
840506236
840509058
840508064
840507213
840509001
840509040
840701110
840508109
840510221
840509142
840409027
840509218
840511053
840511190
840509168
840511076
840512031
840512128
840514213
840514229
840515044
840513009
840409120
840515137
840516175
840702100
840516164
840702117
840515220
840601122
840512202
840516061
840601115
840601246
840602065
840510064
840703052
840601121
840605111
840606003
840601240
840602200
840604067
840702188
840604038
840606019
840606128
840605241
840606169
840608045
840606141
840608152
840609165
840608114
840513027
840608145
840704031
840610079
840610064
840611061
840608062
840704103
840611106
840611123
840612047
840609172
840611216
840615052
840612141
840616220
840615104
840704142
840616164
840612095
840701014
840613029
840701064
840705069
840701046
840701106
840701080
840701160
840701044
840701143
840701094
840613092
840701193
840701183
840701182
840701103
840701194
840701245
840701168
840701227
840702025
840705139
840701202
840504146
840702027
840702075
840705194
840702017
840701213
840702076
840702079
840702044
840702050
840702123
840702112
840702157
840702083
840702158
840702130
840702163
840702115
840706043
840702160
840706100
840702031
840702214
840702248
840706192
840702247
840703016
840702199
840702178
840703033
840702239
840703032
840703012
840703066
840703149
840703022
840703081
840703027
840703182
840703195
840703051
840703112
840703194
840704044
840704065
840704032
840704041
840615040
840614233
840706224
840704124
840704106
840703147
840704091
840704232
840703226
840707053
840707070
840704100
840707109
840705040
840705006
840705021
840705045
840705023
840705073
840704140
840707083
840707105
840705048
840705061
840704154
840705103
840705113
840705063
840707153
840705062
840705093
840705025
840707230
840705106
840705130
840707185
840705126
840705075
840705142
840705124
840707248
840705121
840705118
840708084
840705141
840705149
840705163
840705166
840708053
840708119
840705127
840705159
840705157
840705152
840705189
840705167
840705175
840706009
840705244
840706037
840706010
840708093
840705242
840708181
840708203
840705185
840708126
840706024
840706063
840708217
840708120
840708092
840704071
840705190
840708180
840706053
840708184
840706111
840708240
840709033
840706089
840706048
840708189
840706116
840706112
840708235
840709110
840708148
840706168
840709085
840706106
840709137
840709141
840706108
840706019
840706125
840706155
840709138
840706153
840706134
840709195
840709177
840706197
840710017
840706175
840706169
840706214
840707014
840707022
840706206
840706243
840710025
840710053
840707021
840707037
840706233
840710065
840710024
840710104
840706141
840711053
840710201
840706173
840710126
840706109
840707026
840707024
840710242
840707050
840710068
840707025
840710170
840707078
840707049
840707060
840707075
840711024
840710221
840707059
840707079
840707091
840707061
840707101
840711060
840711208
840707152
840711076
840707186
840707065
840711063
840707085
840707144
840707233
840707205
840711233
840707093
840712142
840707163
840708063
840712023
840707249
840713011
840710210
840711176
840707119
840711216
840708058
840711088
840712160
840707192
840711090
840707181
840708082
840713024
840708121
840712136
840713041
840713065
840713100
840708081
840708030
840708111
840713136
840708190
840713095
840708192
840708064
840708115
840708086
840712066
840713108
840708168
840708129
840713121
840713140
840708236
840711120
840713155
840708076
840708243
840713164
840713227
840708208
840709008
840708222
840713220
840713230
840708248
840709099
840713159
840709135
840709015
840709102
840713218
840709048
840708205
840713217
840709227
840709171
840714063
840709184
840709103
840709153
840714016
840713165
840713215
840710107
840714106
840714122
840714168
840714133
840710055
840714038
840710099
840714144
840710194
840710020
840714139
840714208
840710163
840710045
840714137
840710228
840714184
840710108
840711121
840714118
840714174
840715045
840714218
840713021
840710012
840714200
840710225
840710136
840715072
840715138
840712016
840711062
840715002
840712040
840711089
840712147
840715095
840711199
840711250
840715111
840712017
840715148
840715169
840715213
840712170
840712110
840712203
840715174
840715187
840712123
840715131
840713038
840715188
840712129
840713050
840713097
840712009
840713094
840712189
840716098
840713055
840715195
840713139
840713149
840715221
840713157
840716078
840716121
840715149
840713233
840713117
840713029
840714036
840714116
840716084
840716033
840716178
840716140
840801022
840713244
840716102
840714189
840714237
840714113
840716221
840715225
840714219
840713205
840714110
840710142
840714131
840713161
840801144
840801096
840715076
840713243
840801139
840715118
840801154
840715150
840801162
840801166
840801078
840716246
840801110
840715107
840801243
840715133
840715079
840801247
840715135
840715201
840801232
840715103
840715151
840801192
840801194
840801206
840801203
840715194
840715140
840715178
840716027
840802057
840716159
840715189
840802035
840716110
840802064
840801231
840802036
840802040
840716136
840802018
840801238
840802091
840716163
840715228
840802134
840802157
840802084
840716090
840802118
840801023
840716095
840802127
840716139
840801216
840802175
840802143
840802144
840802160
840802090
840801069
840802148
840801198
840803032
840716220
840802187
840802169
840802247
840802068
840802245
840716019
840803076
840803052
840802223
840802248
840801174
840802205
840802232
840803151
840803191
840803184
840803173
840804007
840803200
840803125
840802207
840803051
840803241
840803217
840803023
840804065
840803224
840803019
840803229
840804044
840804045
840804034
840803188
840804157
840716133
840803111
840804082
840804020
840804146
840804084
840804006
840803046
840805068
840803179
840804161
840804066
840805123
840806017
840804181
840805021
840805105
840804031
840804173
840804135
840805160
840806029
840803235
840804238
840805028
840805244
840805071
840805152
840805223
840805044
840805008
840805168
840806075
840807050
840806131
840805169
840805001
840805088
840806080
840806207
840805030
840805109
840807194
840807077
840807224
840807186
840805237
840807173
840805221
840805186
840806052
840807189
840806088
840808013
840808129
840806003
840807243
840807046
840808111
840808014
840808059
840806123
840806024
840808193
840806086
840807207
840807003
840806250
840806195
840807097
840807090
840807027
840808218
840807047
840807118
840807209
840808150
840808166
840806243
840809077
840807210
840808237
840809006
840808029
840807160
840809014
840808184
840807073
840809182
840809047
840807115
840809052
840808092
840809112
840808075
840808061
840807101
840806175
840808116
840808008
840808095
840809169
840809214
840807150
840808093
840809133
840809099
840809147
840810032
840809083
840808068
840808086
840810001
840808197
840810061
840808226
840808146
840804247
840808190
840808245
840809002
840808206
840809150
840810160
840810083
840810108
840809184
840810250
840808120
840810171
840810189
840810176
840810194
840810017
840806239
840809158
840809235
840811045
840810129
840810071
840810124
840809238
840811027
840811065
840809088
840811008
840810065
840811190
840810029
840810087
840811125
840811175
840808157
840811124
840810103
840811216
840810240
840810151
840811017
840811003
840812082
840806246
840810183
840812030
840811241
840811040
840810137
840811168
840807069
840811016
840812178
840811059
840811064
840811078
840811060
840812204
840811149
840812018
840811058
840813058
840811067
840811220
840811023
840812092
840811044
840811158
840812202
840811231
840812246
840811090
840812197
840812249
840813023
840811174
840811063
840811150
840811225
840812010
840811160
840813002
840812011
840813158
840813139
840813179
840812129
840811218
840811238
840814005
840813187
840813133
840812064
840813129
840812177
840813155
840813157
840814023
840813240
840813213
840814067
840812208
840814021
840812162
840812102
840814090
840814038
840813057
840814065
840813186
840814147
840812201
840814080
840814219
840813110
840814027
840813104
840814172
840814201
840814111
840813202
840814076
840813163
840813033
840815025
840813143
840815012
840815038
840814242
840812240
840813119
840814173
840815008
840814225
840813164
840813191
840814119
840813199
840815152
840812113
840816135
840815074
840815208
840814057
840814019
840815163
840814112
840816164
840816002
840816032
840814126
840809211
840814001
840814055
840816101
840814036
840814093
840814109
840902169
840814138
840901006
840901192
840815050
840815240
840814174
840814212
840901224
840814208
840814229
840816060
840902106
840815049
840814221
840814228
840908124
840816244
840906021
840814124
840815052
840814220
840907233
840815130
840906054
840903010
840815073
840909162
840910148
840815182
840815080
840815206
840909189
840815203
840910245
840815231
840910151
840914149
840816024
840815142
840912083
840913139
840816056
840815148
840912171
840816120
840913133
840914126
840816154
840916169
840816028
840812120
840816157
840812061
840901054
841002067
840812032
840915192
840816030
840816228
841002181
840915143
840916181
841003191
841003141
841001146
840904041
841001188
840903033
840901095
841006232
840915144
840816250
841004094
841004041
841004019
841004160
840901182
841003235
840903212
841007088
840902010
840905126
840904099
840904044
840903026
841006240
841008052
841007044
840904166
840906227
840816211
840906125
841008152
841008131
841008125
841008010
840906189
840907088
841008016
841009211
841009174
840907030
840907078
840907029
841005130
841013152
840908117
840908178
841011225
840906124
841013030
841009123
840906104
840909047
841013156
841012046
840910035
841016091
841015057
841016234
840910125
841013019
840910223
841207010
841014135
841202180
840908046
840909109
840911154
841205062
841202090
841015096
840913211
841212078
841206023
841212013
841209042
841302005
840911231
841215208
840911062
841302081
841201247
840913059
840912076
840910094
840912234
840907111
840914055
841209182
840916135
841301115
840908157
840915100
841003112
841303193
841002130
841005048
841302128
841302202
841301232
841007012
840912137
841304037
841303121
840916191
841303181
841005097
841006180
841004013
841307054
841306042
841304187
841007190
841001010
841008032
841009065
841308110
841309102
841303163
841007126
841308244
841009219
841008060
841011158
841010018
841011200
841012017
841009039
841310143
841307063
841012028
841013127
841012228
841310175
841310085
841011098
841015135
841011101
841309120
841015055
841311167
841013130
841311064
841310153
841012157
841016241
841016189
841201104
841201052
841312198
841013028
841016188
841016142
841312241
841016054
841311209
841311162
841202101
841015163
841311170
841206072
841311234
841207012
841203197
841015041
841201128
841315043
841215169
841202085
841315203
841314228
841303048
841314183
841202146
841209174
841215121
841207143
841301098
841301116
841316229
841302091
841203250
841316049
841215215
841401199
841215007
841402142
841303042
841315111
841302157
841406182
841402223
841208179
841314107
841302140
841403114
841302129
841303081
841302178
841302222
841404047
841409078
841303034
841303190
841411172
841408086
841303073
841411062
841310195
841409242
841303087
841410131
841307122
841306184
841308080
841413092
841304062
841308087
841412130
841306173
841304049
841308206
841415155
841412111
841416224
841308029
841307237
841309113
841416044
841414198
841416175
841503115
841309171
841504100
841502205
841502249
841503166
841310024
841309049
841310059
841309070
841505169
841309123
841310184
841310137
841504006
841508068
841507007
841310240
841506165
841314169
841309197
841312057
841309142
841508102
841311165
841208038
841506221
841311115
841312036
841312069
841311028
841510107
841510242
841312078
841311218
841504051
841311176
841510052
841509236
841511039
841312120
841509146
841315074
841312007
841302123
841311211
841314139
841314100
841314242
841512039
841315099
841314187
841510189
841512049
841312216
841513236
841512058
841514046
841512050
841316090
841509246
841315121
841316096
841403124
841316185
841316225
841601215
841316164
841316169
841601136
841516013
841616219
841701172
841306012
841403174
841315233
841403072
841315221
841403100
841403177
841404110
841406233
841402090
841704006
841704062
841702035
841514176
841703108
841408222
841704105
841406110
841407171
841407149
841703141
841608042
841707030
841407198
841409081
841706012
841409035
841704164
841412092
841709033
841705105
841413142
841707043
841708004
841409008
841701201
841612120
841414090
841709078
841501025
841711163
841712042
841406106
841713117
841710210
841714137
841501149
841416037
841411141
841712043
841414218
841501136
841714196
841503040
841501213
841414083
841715039
841802211
841504018
841715132
841503127
841714096
841503198
841802026
841502201
841715070
841415014
841312055
841503087
841410094
841712065
841716221
841716174
841503099
841716196
841708135
841505074
841504133
841506053
841803046
841803052
841510020
841803030
841803039
841508222
841512048
841508002
841504086
841510021
841510200
841504064
841511247
841806190
841513245
841508141
841511232
841810243
841810073
841515184
841514219
841513085
841511138
841815186
841616031
841510121
841612211
841514200
841516108
841512151
841815105
841514232
841513170
841903182
841903037
841316242
841702175
841701103
841703203
841701197
841810175
841904153
841904169
841705100
841704012
841704137
841704051
841701167
841706065
841707082
841704094
841706052
841905013
841905096
841904161
841708014
841708223
841709057
841905123
841707092
841705104
841705038
841905018
841709061
841704082
841711114
841908120
841711137
841908048
841910047
841910082
841910010
841905039
841915071
841908200
841712035
841712238
841711044
841908212
841712105
841709184
841910006
841713136
841915116
841709246
841910091
841713186
841915158
842008084
841713103
841713166
841715078
842009203
842004142
841715062
842101021
841716180
841802092
841716211
842012063
841714247
841714104
842101219
841803034
841709122
842108135
842015036
842010180
841802099
841715079
842109112
841803049
842102076
842110042
842105062
842106133
842101138
841803152
841803015
841716248
841802183
842110130
841806118
842110118
841803081
842112072
841810013
842109237
842111239
841811069
842116223
841810130
841810182
842112168
842114235
841811053
841803080
842113112
842115215
841811059
842112228
841903099
841903002
842115009
842201086
841811076
841811044
841903077
842203003
841903202
841905182
842201157
842207046
842202093
841815221
841811074
842204236
841903177
841904173
841905008
842203100
842207108
841905228
841908110
841910039
841910232
841904128
842209014
841905117
841905043
842209130
841915154
841910158
842202178
841915131
841910156
842208226
841908020
842213248
841910124
842209166
842013112
842005249
842009025
842401153
842315039
842010050
842211190
842210215
842003012
842101197
842402043
842015188
842401179
842315073
842101198
842102018
842102142
842104147
842016112
842206120
842101150
842402180
842212089
842010105
842015095
842402144
841915182
842402036
842401242
841915201
842108205
842101203
842403138
842403028
842107129
842102140
842107167
842105176
842402115
842110050
842403121
842403241
842404010
842403010
842403196
842106198
842111166
842105006
842402127
842403222
842403201
842108165
842111023
842404041
842109025
842109027
842112078
842108095
842201198
842404035
842114246
842404129
842202125
842203048
842114245
842404156
842404091
842404160
842404017
842112057
842404033
842204053
842404123
842112120
842202183
842110056
842404112
842206225
842113151
842202047
842114205
842204169
842209028
842404144
842204113
842207233
842405035
842215097
842208180
842208120
842208010
842205073
842207066
842405182
842209108
842212140
842209152
842405086
842405167
842406046
842213167
842315105
842215152
842406031
842405074
842405096
842405076
842405113
842216172
842406124
842303214
842303243
842405080
842401170
842401011
842405203
842213158
842401195
842405117
842406108
842406123
842406178
842401094
842401103
842407063
842401072
842406226
842406139
842406193
842406230
842401177
842401236
842407085
842216180
842407067
842401024
842407060
842407111
842401154
842402207
842402074
842402081
842402069
842407141
842401064
842406062
842407005
842401215
842406216
842407213
842402040
842401199
842408120
842408086
842407161
842403234
842407167
842402230
842403125
842403097
842403047
842407243
842408173
842402191
842403200
842407172
842408195
842408201
842408148
842408118
842403242
842408150
842404036
842403083
842404023
842403250
842402111
842404071
842404018
842403244
842404096
842409163
842404024
842406027
842404046
842404013
842409079
842404053
842405014
842406098
842409242
842403090
842409029
842405243
842409215
842406051
842409155
842409162
842410025
842409052
842405109
842405223
842409072
842405174
842406042
842406152
842405145
842409199
842406180
842404181
842405030
842406054
842406107
842410003
842404100
842410180
842409225
842406095
842410131
842406131
842406158
842411030
842406196
842410216
842406109
842406179
842407110
842406232
842406235
842411141
842411059
842411162
842406194
842410166
842411186
842411081
842411211
842406220
842411216
842407133
842407145
842411206
842411080
842411179
842408056
842408010
842412039
842407031
842411178
842408111
842407245
842412028
842412072
842407142
842407140
842412059
842407134
842406172
842408119
842410163
842407184
842412065
842408171
842408057
842412136
842409025
842412134
842409047
842412142
842409021
842412097
842408123
842412163
842411208
842409044
842409111
842412117
842409028
842408031
842409012
842409043
842409203
842412216
842409151
842412177
842412073
842412181
842409142
842412207
842412211
842412241
842409071
842409081
842412226
842412231
842409061
842412232
842410035
842413128
842410009
842410036
842410028
842413108
842412067
842410019
842413080
842413100
842410029
842413030
842409182
842413019
842412234
842410118
842413174
842413036
842410133
842413245
842413118
842411044
842413047
842411084
842410165
842410154
842411012
842411027
842411020
842413148
842411063
842410214
842413230
842413163
842413198
842410039
842413011
842414044
842411183
842413209
842411145
842411150
842411127
842411072
842414009
842414067
842414075
842414099
842414110
842412043
842412009
842410176
842414147
842414149
842411184
842414242
842411233
842412030
842412060
842411243
842414041
842414233
842415025
842412127
842412096
842415083
842412098
842414138
842412046
842415028
842414250
842412140
842412113
842412092
842415051
842415085
842415077
842412182
842412167
842415142
842412220
842415185
842412157
842412035
842416032
842413049
842413031
842415148
842413022
842414169
842414148
842415119
842412199
842415147
842416094
842413001
842415196
842413045
842416065
842416149
842416221
842416112
842416082
842413136
842416239
842413131
842413088
842413048
842416242
842416103
842416039
842413190
842416175
842413155
842413233
842416163
842416142
842413225
842413219
842413109
842416164
842503187
842606034
842413187
842413091
842509143
842504036
842416186
842502018
842413064
842413207
842609028
842415192
842516021
842415135
842703216
842608008
842516157
842415120
842415070
842611181
842414088
842415154
842801022
842414040
842415022
842801214
842415158
842416105
842415230
842415199
842415234
842416185
842415197
842802056
842416026
842506243
842511174
842416120
842416155
842503228
842414207
842802201
842513170
842604044
842802170
842516105
842515024
842506156
842508001
842607022
842608115
842608062
842607046
842608187
842606076
842610126
842803218
842610098
842611023
842704027
842609214
842804023
842702223
842614141
842610150
842704227
842710131
842801016
842801042
842804090
842804093
842703210
842801092
842801072
842801130
842804124
842801104
842801103
842805019
842801125
842801149
842801010
842801150
842804250
842801173
842801160
842801172
842801074
842801231
842801167
842611174
842801193
842411154
842801210
842801237
842801213
842802054
842802019
842802046
842802029
842802044
842801243
842802083
842805036
842802051
842802123
842802116
842413216
842802072
842802135
842802161
842802141
842802152
842802096
842802106
842802153
842606171
842802176
842802138
842802175
842802169
842805151
842802064
842802179
842802189
842802215
842802206
842802202
842802200
842806031
842802084
842802214
842603232
842802236
842803052
842802219
842803050
842803096
842803156
842803073
842803112
842803007
842803109
842802166
842807015
842803200
842807025
842803047
842804032
842803164
842804035
842804036
842803241
842803176
842804100
842802140
842804008
842803197
842803053
842807181
842804105
842804164
842804128
842803186
842804150
842804177
842807223
842808031
842805014
842804167
842805021
842805024
842804159
842804129
842804102
842805026
842804137
842805056
842805042
842808245
842805032
842807241
842805025
842805130
842805075
842805069
842805161
842805159
842805143
842805107
842805142
842805061
842805200
842805182
842805088
842805232
842805249
842805110
842805175
842805207
842805246
842802178
842805120
842810110
842806055
842805205
842806128
842806133
842806029
842806170
842810156
842806054
842806178
842806237
842806154
842806147
842810188
842810046
842806238
842806185
842806197
842807005
842806164
842806239
842807001
842807007
842806120
842806225
842806111
842807091
842807065
842807083
842807079
842807108
842807100
842807161
842807093
842807021
842807071
842807119
842807117
842807171
842807116
842807110
842807200
842807208
842807210
842807197
842807213
842807198
842807216
842807169
842808039
842807225
842808020
842813092
842807237
842812097
842808155
842808041
842808233
842808111
842808246
842809050
842814026
842809029
842809112
842814070
842809009
842808162
842809201
842809183
842809137
842809215
842808181
842809121
842809039
842810024
842810030
842808103
842809163
842810036
842809226
842810019
842809152
842810053
842809159
842814232
842806022
842810114
842810062
842810080
842810151
842810095
842810182
842815054
842810219
842810152
842815053
842810065
842810189
842805201
842815042
842811037
842811089
842811131
842810237
842811137
842811110
842810243
842811160
842811145
842810162
842811167
842811174
842811184
842811177
842811188
842811176
842816025
842811214
842811227
842811225
842811226
842807188
842812096
842811234
842811246
842812042
842812135
842816250
842812200
842812093
842901197
842812151
842812222
842813119
842812166
842812236
842813073
842813021
842812233
842812112
842813022
842813127
842813167
842813211
842813041
842814046
842813228
842812197
842813038
842814028
842814020
842814056
842813217
842814085
842813180
842814086
842814071
842814107
842814103
842814169
843002228
842814128
842814058
842814096
843004139
842813187
842814193
842814173
842814192
842814174
842810155
842814198
842814227
842814191
842814238
842815028
842814201
843006068
842815014
842814241
842814229
842814250
842814221
842815073
842815029
842815058
842815170
842815145
842815078
842815037
842815113
842815216
842815189
842815062
843010151
842815233
842815221
842816026
842815092
842816044
842815213
842816031
842903109
842816111
842816095
842815240
842815006
842816152
842816128
842816172
842816213
842903222
842906125
842901076
842903212
842816188
842909247
842906041
842906238
842911163
842816036
842913076
842910094
842908142
843101231
842910005
842913103
842814062
842908230
842913149
843001156
842914214
842914233
843001239
842914168
843103099
843002013
843104119
843002079
843002188
842908198
843003145
843003077
843003109
843002202
843002150
843004155
843103240
843105075
843002211
842908100
843003220
843002115
843004140
843004059
843004129
843001182
843003051
843005048
843005065
843003121
843107153
843003212
843005073
843004148
843005102
843004187
843008222
843109026
843004147
843009115
843005186
843005109
843009142
843110182
843109088
843010180
843010015
843110053
843005064
843009180
843008157
843010040
843009131
843006232
843010109
843008230
843010072
843110194
843009009
843010239
843014220
843014053
843014189
843012158
843012023
843012046
843015101
843010247
843010146
843012092
843014112
843014097
843014240
843015037
843015188
843114060
843010240
843015070
843015134
843015120
843016192
843016030
843016102
843015193
843016117
843203178
843102169
843016010
843102200
843015074
843101208
843101128
843101117
843101107
843103006
843102206
843104098
843105053
843103103
843105072
843105207
843104025
843106232
843106009
843105057
843106190
843106235
843106205
843107073
843106247
843208042
843106012
843016246
843106147
843106233
843106236
843107177
843106193
843107004
843107077
843108240
843107130
843209086
843108100
843109120
843107203
843109152
843110148
843110125
843109158
843107245
843110172
843112064
843112204
843111170
843112091
843112220
843112230
843111053
843110122
843114053
843114021
843115036
843115040
843115091
843212007
843201039
843115058
843116219
843116133
843212023
843202072
843202161
843201045
843212093
843201099
843201117
843203183
843202111
843212043
843203016
843212244
843202194
843203202
843201175
843202196
843203220
843203207
843204170
843204006
843203125
843204027
843202169
843214080
843205035
843204142
843205172
843204247
843109002
843204147
843205200
843205207
843216204
843205236
843206015
843206027
843206029
843206096
843205249
843216224
843206158
843205188
843302044
843206033
843206131
843303068
843206241
843207101
843206181
843207043
843207176
843303159
843207149
843208035
843207093
843209012
843208057
843208187
843209021
843209023
843209068
843209072
843209058
843209084
843303202
843209038
843209129
843206178
843209149
843209103
843209049
843209148
843210033
843210126
843209133
843209128
843210180
843209207
843211181
843211023
843204122
843211062
843304235
843306068
843210190
843210221
843304188
843212029
843211058
843212019
843211233
843212108
843212092
843212156
843306230
843213002
843212248
843212231
843213010
843213204
843213218
843212249
843212181
843212139
843213013
843214057
843214099
843206100
843214023
843212042
843213015
843214184
843215002
843215113
843215033
843214165
843215129
843215041
843215234
843215103
843215125
843215043
843216021
843215195
843301069
843307238
843216016
843307073
843302146
843213100
843302043
843216232
843216101
843301246
843303051
843301118
843303097
843215147
843309044
843308165
843302150
843303064
843303114
843303063
843303112
843303034
843309026
843310014
843108133
843303172
843303171
843303216
843309183
843303157
843303207
843303218
843303149
843303181
843304117
843304100
843305104
843303201
843304115
843303176
843311020
843304054
843305035
843305007
843304089
843303247
843305175
843305063
843305107
843304050
843311193
843305200
843305181
843312129
843306009
843306086
843306055
843306039
843306069
843306172
843306031
843306171
843306136
843306096
843306165
843307084
843210242
843313018
843306229
843312231
843307053
843307121
843306050
843307097
843306235
843306232
843306181
843313100
843307115
843307065
843308002
843308027
843307248
843308124
843308029
843308167
843313132
843308046
843307188
843309008
843307211
843307171
843308245
843308059
843308188
843308187
843309058
843314160
843306206
843309159
843309015
843308197
843309039
843309202
843404024
843309134
843309031
843309240
843309178
843309209
843309049
843309034
843310074
843310045
843309021
843310168
843310207
843311013
843311027
843311089
843311115
843309085
843311215
843310081
843311135
843311212
843310013
843311221
843309210
843511012
843310235
843312040
843312122
843312047
843416114
843312035
843312077
843311225
843312031
843606192
843312097
843604146
843312131
843312187
843311250
843312162
843312207
843312236
843312163
843516230
843312108
843311105
843312172
843312239
843312242
843312139
843313064
843313028
843313043
843312247
843313007
843313169
843313003
843314098
843314118
843313131
843314094
843707139
843313109
843314134
843314109
843314174
843707210
843313156
843706207
843314099
843315011
843313158
843313242
843315036
843315030
843314138
843315092
843314225
843315024
843709183
843315050
843315177
843315108
843315080
843315041
843316159
843314180
843315194
843316072
843316090
843316019
843711183
843810003
843315116
843316249
843807158
843315134
843316229
843814207
843405133
843404233
843410117
843411094
843409166
843411057
843316247
843406009
843504121
843414157
843401166
843412029
844004236
843413112
844005034
843413002
843601238
843502240
843603073
843510025
843507213
843609024
843603240
844008212
844005129
843602232
843610227
843603238
843608216
843603087
843601018
843607085
843610114
843611011
843613219
844008110
843610183
843611162
843613128
843612198
843611167
844010073
843612211
844010112
843612053
843614046
843703112
843614066
843704169
843708227
843708072
843704174
843316010
843707069
843708245
843614181
843709162
843710056
843711078
843709002
843713058
843802081
844014012
844013145
843711141
843716143
843716152
844014212
843714244
843801021
843716032
843803090
843714041
843616231
843807195
843804236
843806073
843812073
843610115
843806225
843803183
844101130
843810201
844101117
844002072
844002027
843814056
843813142
843813084
844002161
844003015
843813229
844002113
844002212
844003073
844102176
844002138
844003092
844003076
844003049
844003050
844101241
844003201
844103053
844003181
844003243
844003186
844104172
844005057
844004228
844004031
844003064
844004091
844004012
844005162
844005083
844003176
844005199
844005157
844005043
844008010
844005145
844005239
844008206
844008213
844005016
844008114
844008023
844104231
844009047
844008123
844009099
844009085
844005123
844009096
844105162
844009135
844009159
844009200
844008094
844009153
844009210
844009192
844009177
844010138
844010154
844009227
844106162
844010075
844010169
844108206
844010030
844010182
844013105
844010135
844013072
844013001
844014206
844013237
844014101
844013244
844010149
844014028
844014244
844014221
844014237
844109065
844013095
844110011
844101084
844101031
844014158
844101039
844101044
844102054
844101079
844014241
844102099
844101203
844102196
844110206
844102232
844101248
844103015
844103054
844110179
844102067
844103099
844103022
844111137
844103048
844101166
844113088
844104041
844104070
844103142
844104012
844111192
844103173
844113242
844103224
844104174
844104076
844104167
844104161
844104103
844113127
844104117
844105046
844104232
844104129
844105126
844105055
844114195
844013026
844115146
844105213
844105156
844105177
844104179
844115199
844010193
844116018
844105201
844204174
844116086
844105174
844106053
844106073
844116155
844105241
844106050
844201099
844214058
844210242
844106205
844115231
844106094
844105080
844107030
844106177
844107060
844107045
844106201
844107024
844213029
844107064
844214209
844107105
844305145
844107152
844312211
844313159
844107226
844107062
844107178
844315206
844315003
844107247
844401136
844108037
844106022
844108004
844404046
844108036
844504098
844403049
844108089
844314209
844308095
844108179
844108092
844504029
844109024
844505034
844504036
844108216
844504081
844504227
844107114
844109088
844510005
844109025
844508145
844110025
844108142
844109180
844109153
844110125
844110148
844514026
844601157
844505089
844514187
844110144
844110060
844110132
844110162
844601182
844110199
844110153
844601126
844104014
844110061
844110157
844110129
844111132
844602053
844109128
844601054
844602026
844111033
844110217
844111136
844105130
844111188
844602229
844112087
844112055
844602093
844602239
844113142
844602249
844112023
844114112
844114057
844114218
844114121
844113110
844114216
844603009
844114182
844115008
844602202
844114180
844603070
844115144
844115122
844116121
844603135
844112210
844116047
844115093
844208168
844116059
844305102
844208213
844603058
844213138
844603196
844603187
844603172
844115009
844214114
844604034
844603175
844604033
844604118
844604047
844308197
844215079
844603153
844213159
844604055
844604121
844313144
844603146
844604105
844605026
844604162
844312153
844405245
844307073
844311178
844605102
844313202
844413101
844604175
844407083
844504037
844605178
844504181
844411216
844606013
844504236
844209018
844606046
844108200
844509218
844605140
844605146
844410080
844504088
844605197
844606098
844605063
844109023
844505030
844509091
844505157
844509212
844605180
844504027
844510075
844601163
844510112
844601192
844509045
844509067
844605204
844606041
844601150
844606073
844602035
844606158
844601082
844601015
844602054
844602108
844607014
844607022
844607103
844514149
844602131
844607097
844601207
844514213
844602069
844602241
844607107
844602127
844606233
844603005
844602117
844603033
844607217
844603076
844607128
844602100
844602047
844608026
844411188
844603071
844603154
844603164
844603147
844608128
844607185
844602179
844608074
844607246
844603224
844608114
844603099
844608171
844604103
844603140
844604036
844603228
844603156
844608064
844604077
844607189
844608190
844608184
844604170
844604116
844609031
844608236
844608198
844608131
844605006
844602097
844608245
844113096
844604012
844609133
844603243
844609192
844604239
844605103
844609157
844612057
844610046
844608186
844605162
844605151
844605118
844610156
844605136
844612066
844605143
844610123
844612119
844612067
844605179
844612226
844605244
844612144
844606036
844614012
844614083
844614104
844605188
844614057
844614068
844612167
844614110
844605190
844606152
844606020
844606053
844614114
844606004
844614115
844606035
844614111
844614216
844605141
844606214
844614138
844606194
844607021
844606192
844607011
844606230
844606153
844701059
844606141
844607038
844702178
844701126
844701030
844701104
844614121
844701187
844701018
844701237
844702176
844607031
844607029
844701197
844607085
844607093
844702063
844607119
844702208
844607138
844703039
844702232
844703069
844607230
844703053
844703163
844607195
844703100
844703142
844703176
844607166
844607192
844607153
844608124
844607116
844704009
844704013
844608009
844703193
844703197
844608075
844608067
844608126
844704054
844608048
844704144
844608194
844705019
844608197
844704174
844704027
844704240
844608188
844605030
844608217
844609111
844608232
844705027
844609177
844609035
844704230
844705063
844609048
844608129
844705081
844609091
844705170
844610009
844705157
844609245
844609023
844609137
844609103
844609106
844705199
844605073
844610072
844706157
844706167
844706248
844706083
844707005
844706043
844608036
844707059
844707028
844610215
844705113
844610091
844612060
844612102
844610118
844708075
844610225
844610013
844609182
844612203
844707222
844612073
844708145
844707215
844707112
844612049
844614053
844614073
844708178
844614069
844708171
844612163
844614063
844708014
844708250
844612118
844709011
844708063
844708194
844614112
844614147
844709032
844709041
844709026
844702094
844701029
844614220
844701150
844709086
844709188
844709104
844701088
844701025
844708087
844709152
844702165
844702191
844709153
844702218
844703190
844702056
844702129
844710061
844703050
844709217
844709231
844710005
844710023
844710121
844702242
844703168
844710138
844703188
844703171
844703099
844704116
844704094
844710170
844710160
844704123
844710248
844704187
844711014
844710250
844711085
844710226
844710183
844704163
844710168
844711158
844703217
844701103
844705046
844711106
844705016
844703232
844705171
844711190
844705168
844703058
844705068
844706067
844712016
844704070
844705102
844711195
844706226
844711219
844711220
844711067
844705086
844706229
844705172
844705071
844705205
844706240
844707042
844711186
844707101
844707069
844706236
844712137
844705126
844712042
844706068
844712108
844712178
844707029
844712243
844707178
844707060
844713131
844708058
844711116
844713057
844713138
844707014
844707111
844708179
844713133
844707232
844711239
844708191
844713173
844713060
844713158
844712169
844713020
844713163
844713214
844709014
844708071
844708228
844712244
844714056
844709102
844714110
844709157
844709178
844709121
844713238
844709080
844713192
844709204
844714041
844709070
844715007
844708120
844713204
844610237
844715157
844715155
844715050
844709124
844714050
844714242
844709218
844715235
844709233
844716235
844715143
844709148
844715154
844715225
844709242
844716142
844710012
844709212
844710139
844709202
844710112
844710095
844715206
844710031
844804113
844709187
844801144
844709230
844710175
844710240
844716027
844710198
844710184
844711165
844711030
844805140
844711012
844710247
844804160
844806005
844806120
844711170
844716040
844710133
844712044
844711166
844801179
844806152
844810166
844812012
844803240
844801081
844712027
844712010
844712049
844809163
844712076
844802212
844814117
844809055
844807133
844712135
844712113
844711144
844712060
844807198
844712153
844711212
844901104
844807016
844815068
844712163
844712190
844711234
844713029
844902125
844816247
844713095
844902017
844903028
844713152
844903005
844902078
844903138
844713050
844813096
844903056
844810055
844903227
844713073
844713187
844713170
844712154
844713024
844713036
844713022
844714182
844904091
844715004
844904119
844708237
844713242
844714019
844713239
844715144
844715083
844904154
844904233
844905050
844713162
844905008
844903095
844905180
844716037
844716139
844715231
844905025
844905045
844716060
844716136
844714207
844715213
844714187
844905174
844715185
844716185
844905188
844905117
844715096
844715100
844906027
844906073
844801170
844716243
844716148
844716208
844801040
844807185
844906043
844716140
844801199
844716250
844811094
844906164
844906099
844805138
844906214
844906179
844906241
844906206
844810039
844907065
844809201
844813001
844813165
844907030
844907088
844812095
844808198
844812203
844907055
844812154
844813192
844907135
844907091
844901168
844815040
844812041
844907157
844907153
844901022
844815196
844908032
844901076
844907073
844902031
844902108
844907234
844711009
844908068
844907111
844901248
844907160
844903181
844902159
844902046
844902171
844907189
844902116
844907198
844902064
844908055
844901231
844902170
844908158
844903214
844908079
844903065
844908126
844908057
844908136
844902214
844903218
844903016
844902204
844908190
844903093
844903076
844908184
844909133
844904159
844904105
844909137
844909067
844903014
844910010
844904036
844909120
844909072
844905019
844904163
844909184
844909201
844809187
844905118
844905146
844910030
844905018
844905034
844904069
844911020
844904179
844906023
844905246
844909225
844911151
844904008
844910124
844906028
844910185
844910153
844903239
844906008
844906032
844911080
844911137
844906006
844903212
844910095
844909048
844906052
844906177
844911176
844911211
844906228
844911005
844906231
844912017
844912070
844906212
844906192
844912095
844906246
844912162
844907068
844906136
844912242
844912141
844912091
844912142
844907131
844911064
844906235
844913036
844907136
844907134
844912101
844912170
844913084
844907197
844913111
844906034
844906233
844907205
844907213
844913050
844913196
844912238
844907089
844913144
844907228
844907178
844907226
844907244
844908089
844908070
844913018
844914055
844907216
844913237
844914001
844908054
844908134
844906218
844909032
844909066
844908084
844914144
844914193
844909047
844914077
844908187
844907238
844914185
844908202
844909110
844915039
844914235
844909188
844910006
844915002
844908201
844915149
844909089
844915168
844916045
844909061
844903243
844916043
844910043
844910082
844914069
844910081
844910023
844916090
845004178
844916181
844916228
844909178
844910147
844906036
845003077
844911059
852601098
845003202
844909250
844910221
845003097
844911124
852603109
844911057
844915146
852602126
844911190
844910231
845004247
852603154
852608228
844911234
852608023
852605207
844910074
844910103
844910025
852605035
844911061
844911180
844906046
844910145
844912069
852607079
844912027
852615039
852611114
844912063
844912065
844912105
852609190
852703226
852605200
852706008
852702207
852609104
844912112
844912097
844912180
844912198
844910056
852710215
852707015
844912128
844912183
852615145
852704129
852704187
844912067
844912188
852706168
844912073
844913022
852716101
844912157
844913129
852712149
852806094
844912197
844913076
844913027
844913189
844912226
844912243
852806162
852806112
852713095
844913217
844913105
844913033
844913049
852806159
852806079
844913204
844913242
844913234
852806160
844914010
844913184
852809188
844913203
844914011
844914154
852809109
844915072
852809177
844913227
844914221
844914060
852809195
844915085
844915098
852904035
844915049
844916054
844914020
844915076
844914124
844915108
844915038
852908061
852809200
852904174
852809136
844915155
852903196
852905194
844915137
844915225
852909046
844914183
852601022
844916202
844914220
852904062
852909188
844916070
844916149
844916172
844916049
852909099
844916183
852910144
852601160
852906140
852913144
852606246
852910206
852612239
852913139
844916223
852604103
852615080
852916235
852614124
852910087
852608158
853007189
852705023
852707200
852915149
852916211
852706012
853010060
852701054
852704161
853101108
852703171
853007056
853103244
852708193
852712235
852806072
852712238
853012130
853104062
853010013
852707209
852710111
852806118
852715033
852806124
852806054
852806100
852714137
852614234
852713080
852806164
852806157
853104156
853110091
853108079
852806116
853109183
853109119
853106208
853103032
852806165
852806173
852806198
852714152
853110119
853110164
853112024
852806195
852806168
853111024
852809162
852809111
853112017
852806202
852809082
852806230
852809197
852809043
853115131
844913205
853108038
852809055
852809189
853111169
853115045
853301027
853301047
852809133
853112102
852901086
852903177
852809094
853302003
853302067
853302070
853301207
852905134
852905152
853302036
852911122
852905179
853301228
853301202
852911185
853302144
853302211
853301249
852907010
852912169
852902005
853302118
853114168
853109188
852910242
853302114
852809207
852916191
852912030
852915057
852914056
853001248
852916131
853003243
853005216
853304174
853007118
853004042
853007126
853304073
852806158
853005233
853101001
853302181
853005105
853009111
852916136
853305058
853007215
853305097
853102166
853305160
853008123
853104128
853305130
853105036
853103027
853105199
853101205
853110145
853105062
853110048
853306201
853106155
853105064
853105235
853305239
853307014
853110244
853011196
853109158
853112172
853307116
853114193
853115098
853115149
853307109
853112130
853110222
853114247
852705055
853301042
853301044
853307025
853301007
853301065
853301017
853306221
853301126
853308014
853307161
853308031
853308037
853302027
853302102
853308027
853308049
853308047
853308054
853302116
853115178
853301233
853308140
853307235
853302123
853302106
853302035
853302126
853302215
853302038
853308133
853302168
853307244
853308178
853304008
853309011
853308240
853302150
853302131
853302207
852901181
853302140
853308070
853304084
853304102
853308250
853309153
853112030
853302236
853304155
853309133
853304032
853309144
853304163
853304025
853308212
853304178
853305040
853304170
853305038
853310111
853304228
853304103
853310114
853309218
853309212
853304230
853304118
853310062
853305180
853305068
853305063
853305096
853305203
853305064
853305045
853310241
853309203
853305247
853310112
853310234
853305161
853305246
853010080
853310191
853310020
853306039
853305071
853306145
853305204
853312029
853306104
853312028
853310249
853305113
853306089
853306234
853306182
853306199
853312149
853307038
853312055
853312238
853312083
853310217
853307040
853306243
853307077
853312095
853307129
853306059
853306098
853312204
853305226
853307133
853308008
853307080
853307249
853307231
853307153
853313108
853313142
853313215
853312164
853313133
853308009
853307131
853111074
853308038
853304234
853307176
853308166
853308119
853308109
853308052
853313104
853315064
853308160
853308215
853315144
853308213
853313165
853308184
853315008
853315081
853308061
853315011
853309082
853313121
853315165
853308046
853309058
853315112
853403004
853308094
853401143
853309068
853406171
853405063
853402163
853309159
853402019
853309174
853402180
853308148
853412095
853411159
853309148
853309157
853411225
853310049
853310010
853416080
853413242
853416016
853309206
853503099
853310037
853414183
853310031
853310120
853416112
853308218
853310147
853310164
853310141
853310132
853503189
853509184
853310242
853504174
853416159
853312015
853504230
853312020
853601214
853310247
853312025
853602094
853602240
853310221
853407111
853312069
853312140
853602054
853312026
853308244
853603154
853312041
853510110
853312145
853312080
853602250
853604055
853604174
853312241
853313026
853312207
853312201
853610002
853312182
853605213
853312208
853313060
853608229
853610121
853313107
853313129
853610016
853607031
853606088
853313169
853313041
853313221
853607131
853610087
853610215
853613217
853610197
853614136
853608193
853313211
853614227
853610193
853313148
853613055
853615126
853615228
853315072
853614142
853614034
853315085
853313166
853315041
853313092
853616098
853315131
853315137
853805024
853808010
853803233
853616163
853810143
853315119
853805120
853315146
853315163
853807004
853811192
853614206
853809001
853313033
853901011
853813058
853805159
853901130
853809002
853815131
853401006
853404132
853402214
853405203
853403186
853404229
853403154
853815233
853411144
853407138
853407018
853315040
853408232
853409201
853902176
853308185
853309064
853901219
853411211
853902119
853901093
853904091
853409166
853410066
853904046
853411195
853413003
853308188
853905167
853415118
853504066
853905185
853904103
853905198
853413192
853905144
853906011
853413144
853905228
853905061
853605038
853906160
853605158
853503046
853907055
853509055
853413011
853605156
853906035
853907062
853907004
853608214
853908014
853602163
853607001
853509028
853614010
853907112
853602027
853609144
853906094
853908059
853610071
853607208
853909021
853610145
853612063
853614052
853907146
853315103
853612097
853615033
853615009
853614096
853809194
853610214
853910024
853616089
853910059
853616091
853616175
853910150
853616054
853910001
853910216
853802018
853615043
853605160
853911042
853805191
853911097
853803014
853803104
853804110
853911176
853804240
853911012
853806247
853809243
853911145
853805025
853811098
853811020
853813067
853912178
853911168
853809033
853911229
853815104
853911081
853810114
853808133
853901071
853815036
853814052
853816229
853913015
853901099
853901115
853913170
853901136
853913166
853902047
853901194
853902169
853913076
853912203
853904020
853903042
853913227
853911141
853914227
853914077
853816089
853904045
853913139
853914218
853915046
853904043
853905032
853914023
853902096
853904140
853915094
853915142
853905012
853905169
853904122
853905057
853904173
853912058
853905118
853905108
853904248
853914008
853907011
853915206
853915143
853907039
854001001
853906052
853906062
853916105
853907065
853905211
853906135
853908169
854001227
853610120
853907091
853908229
854001044
853916229
853908012
854002091
853908122
853907084
853908214
853909204
854003190
853909219
853910028
854002247
853909203
854003185
853909032
853907140
853909233
853909003
854003017
853910065
854005016
853909033
853911113
854002039
853911078
853911183
853908036
853910060
853909175
853910142
853916188
853911205
853911165
854003023
853911163
853910074
854003152
853911250
854006127
854007147
854004070
853911011
854006223
853913005
853911162
853916202
853911241
854004124
853912034
854005072
853913022
854006159
854008186
853911118
854008049
853913016
853911009
854006234
853913109
854009101
854008187
853912188
854009026
854007195
854010074
853912244
853912042
853912053
853911005
853915091
854009112
853913009
853914192
853913118
854009157
854007122
853913240
854009178
854008203
853914216
853915038
854010123
853914012
854011076
854009200
853915101
854010180
853915095
853915139
853915105
853915235
854011053
854010234
854011185
853915117
854011224
853916183
854011247
854008071
853916156
854011238
853915148
854011174
853916137
853916245
853915136
854001120
854014063
853916149
854001052
853901171
853915041
853916043
854012126
854012140
854012125
854001136
854001133
854012229
853916248
854003013
854004051
854013068
854010128
854013141
854002043
854004053
854014224
854004036
854014099
853913146
854013091
854015197
854016109
854004160
854015009
854101103
854101172
854001168
854005063
854014019
854005032
854103108
854001206
854004069
854006229
854101167
854003007
854016058
854104164
854004238
854004050
854016176
854006156
854007087
854005209
854006240
854007155
854014222
854106052
854008020
854104062
854007068
854108223
854104105
854007059
854104137
854006231
854109184
854008035
854107030
854008205
854007140
854112065
854108014
854109078
854007235
854009096
854109033
854107092
854007250
854009171
854009051
854113136
854113103
854114104
854008123
854008165
854112042
854008146
854109246
854010187
854113186
854010153
854008108
854111163
854112133
854009077
854009113
854010242
854010124
854115039
854201010
854115062
854009128
854010193
854009197
854011205
854012139
854201149
854011246
854011012
854115122
854011016
854012219
854013129
854116248
854007198
854015177
854015104
854016086
854016106
854016131
854201104
854202019
854201243
854201180
854016149
854102175
854101201
854012029
854013226
854201172
854102035
854013157
854201130
854202044
854105038
854202118
854104006
854102168
854202123
854202056
854103141
854104012
854101197
854105100
854104051
854202083
854105105
854202131
854106012
854112035
854202138
854116180
854107082
854202175
854111114
854108188
854202169
854202161
854202166
854112238
854202189
854107043
854202236
854016143
854113117
854202176
854202200
854111044
854113166
854203052
854203007
854112089
854203053
854015101
854203050
854203087
854203063
854114096
854112043
854203144
854114247
854203138
854203073
854115078
854203218
854203176
854115133
854116211
854203112
854115070
854114196
854116174
854115128
854203241
854201072
854203004
854114137
854204047
854201103
854201053
854202029
854204090
854001205
854116221
854201125
854204008
854201167
854201160
854202072
854202106
854202084
854204068
854201022
854203186
854204035
854116196
854202096
854204093
854202135
854203208
854202178
854202201
854202074
854202202
854204102
854202214
854204100
854202116
854203197
854202153
854202232
854204167
854203188
854204023
854203140
854204124
854204137
854203047
854202140
854203240
854203200
854205036
854204164
854205142
854205143
854204105
854109122
854205161
854204177
854205207
854205239
854205014
854206022
854205159
854205107
854206029
854205249
854205015
854205019
854204159
854205200
854204129
854206133
854207025
854201092
854207005
854207093
854207065
854205032
854207208
854205042
854207241
854206237
854207210
854207116
854206238
854205024
854204250
854205056
854206111
854207190
854205205
854205046
854206031
854012166
854206170
854209009
854205026
854209112
854205248
854207223
854201042
854208111
854209163
854209183
854206197
854208020
854205088
854205069
854209039
854207021
854208162
854205151
854209137
854206054
854202051
854208155
854210036
854210110
854209226
854210095
854209215
854211160
854207083
854210019
854210151
854207091
854207015
854207100
854210046
854211176
854205130
854207071
854208103
854210031
854207117
854207001
854206164
854207119
854210065
854212096
854207161
854207171
854207188
854211131
854207197
854213038
854211225
854210053
854212036
854211174
854207169
854212042
854207156
854207225
854213127
854212093
854213073
854207110
854212197
854207181
854213167
854211184
854207198
854208031
854214028
854214046
854208039
854208060
854203096
854208233
854207216
854213092
854212151
854214096
854214193
854214070
854214085
854214107
854214128
854209121
854208246
854209050
854214026
854210008
854210030
854210049
854215053
854214148
854207200
854209152
854210114
854208181
854208245
854208047
854214221
854209159
854215058
854214241
854214238
854209204
854215063
854215092
854214173
854209214
854211020
854210155
854215014
854215240
854216236
854210156
854216111
854215028
854215145
854210219
854211177
854303242
854210237
854216095
854210182
854215221
854210188
854301157
854211145
854215113
854216172
854211054
854211188
854212044
854306198
854304134
854212097
854303172
854211167
854211211
854303080
854214198
854213119
854212166
854212236
854211234
854307084
854307097
854308088
854212178
854213022
854212135
854307027
854214020
854309239
854213217
854304183
854310074
854310198
854214058
854214250
854310030
854312184
854214191
854213211
854214201
854313107
854214086
854215073
854215042
854309023
854205075
854401125
854209201
854402204
854406054
854214071
854403144
854303103
854214169
854404250
854308154
854215213
854215062
854216152
854303064
854402085
854305029
854214192
854307037
854406135
854305036
854410110
854407038
854408093
854303138
854215216
854502106
854304034
854504039
854215115
854305101
854307062
854308053
854312168
854307095
854410170
854215233
854504047
854310032
854504178
854503191
854403208
854312181
854504100
854505174
854505009
854505034
854506013
854407223
854306046
854506107
854504135
854506250
854505211
854505248
854504041
854409238
854505113
854405242
854504091
854404245
854503045
854507199
854507163
854402211
854508246
854509040
854505223
854510041
854508069
854508074
854508119
854509153
854503152
854511031
854515156
854503104
854516039
854309085
854514124
854508232
854403023
854515045
854509055
854210152
854511057
854505134
854509160
854602131
854509042
854511028
854508054
854510138
854514219
854511218
854516194
854604013
854515012
854508242
854510111
854602239
854511106
854603152
854511075
854605101
854514185
854601175
854515097
854605245
854511080
854514183
854605096
854605033
854605040
854606250
854514250
854516192
854516245
854606164
854516129
854516037
854603183
854605144
854605034
854608013
854607011
854516131
854605064
854504089
854516193
854602127
854607070
854608071
854601216
854607088
854608197
854607010
854603218
854608102
854611193
854516164
854607073
854606236
854607217
854612024
854608027
854604155
854609047
854608188
854610108
854607229
854608227
854609200
854613122
854608038
854610221
854611170
854609120
854610016
854613015
854609065
854612096
854613016
854610074
854612136
854615105
854612154
854613079
854614115
854610214
854614097
854612134
854614169
854615078
854616231
854615187
854701143
854614222
854616072
854616013
854701080
854616051
854615009
854702063
854613220
854616012
854706006
854508111
854611188
854702066
854704037
854714099
854703090
854703176
854705074
854702108
854710071
854802085
854710045
854712204
854615004
854613103
854613215
854704025
854711103
854616243
854707011
854714151
854807208
854710216
854809091
854804160
854801246
854806246
854803025
854807012
854715157
854703151
854811184
854714233
854804181
854801070
854716102
854813107
854802026
854808121
854802129
854809162
854810187
854815078
854808118
854709244
854704026
854816245
854808001
854807111
854903194
854809015
854901006
854805159
854809218
854903207
854812080
854905185
854814181
854815073
854713013
854815187
854906006
854812027
854906011
854906106
854901143
854816230
854809122
854803104
854901053
854903050
854903051
854813112
854815113
854816080
854903112
854904116
854904153
854903113
854904122
854909091
854904081
854907106
854904183
854814233
854903228
854904091
854912184
854907066
854906184
854905006
854905160
854912044
854716248
854908187
854907053
854910240
854911113
854905236
854907056
854911215
854911060
854904167
854905110
854913055
854910017
854913022
854912239
854912211
854912067
854914221
854911211
854912197
854913099
854911121
854914224
854915138
854914136
854914085
854915015
854504107
854914204
854913105
854904047
854915198
854915078
854913027
854915046
855001144
854915230
854915034
854915130
855001022
854914246
855002019
855003176
854915092
855004137
855001034
854915079
855002133
854914235
855005074
854914234
855005069
855001107
855001009
854916243
854915121
855004248
854916045
855004089
855003057
855006054
855003222
854906152
854915070
855001221
855005116
855001227
855002027
855001120
855001176
855006031
855006192
855002146
855006015
855002119
855001187
855006233
855007022
855003217
855006100
855007151
855001124
855006074
855001029
855003007
855007161
855007043
855007054
855001102
855002079
855007134
855002123
855003010
855007236
855006026
855001132
855007163
855003072
855002150
855002148
855007093
855007205
855003121
855007166
855007244
855008030
855008080
855008038
855007184
855003127
855008111
855003046
855003051
855009049
855003138
855003104
855004077
855004049
855004069
855008071
855004126
855003112
855008122
854702206
855009011
855009236
855010216
855010045
855004171
855010032
855003184
855004247
855011231
855011147
855012154
855005117
855012219
855013064
855004140
855010212
855004144
855011226
855012117
855005159
855010217
855006068
855004250
855004123
855006041
855004073
855013164
855005244
855006153
855007014
855006081
855007007
855014220
855007040
855014205
855006241
855006239
855006010
855007077
855006173
855014139
855007203
855014177
855007229
855007173
855013236
855007027
855007217
855007176
855015003
855008028
855007088
855014239
855008059
855013214
855006246
855008207
855008094
855008029
855015004
855015144
855015098
855014207
855015235
855008202
855015111
855015167
855015157
855009009
855009103
855008237
855009206
855009210
855016153
855016234
855010025
855016149
855009142
855008187
855008141
855015014
855016242
855009178
855015074
855016122
855010223
855010013
855010242
855010092
855009066
854911226
855016174
855015112
855009184
855011094
855009215
855011014
855102208
855102094
855102175
855011178
855104175
855102067
855011238
855105002
855102150
855009028
855012019
855011172
855012156
855103019
855106076
855012218
855011135
855106059
855016208
855105134
855011096
855106012
855012171
855101108
855105249
855107077
855107099
855013130
855013095
855012126
855012136
855105217
855012244
855013002
855108145
855109064
855109008
855004229
855013159
855012110
855108054
855013168
855013199
855109128
855103219
855108124
855013030
855107217
855110061
855014012
855014147
855110008
855014023
855110001
855110075
855111118
855014192
855015001
855015024
855014135
855111029
855111231
855111065
855111036
855014221
855015007
855112046
855112120
855111187
855111215
855111205
855015099
855109114
855015122
855015201
855111180
855015096
855112248
855112024
855016176
855015008
855016033
855016157
855112227
855101006
855112197
855016012
855102171
855101065
855113024
855114158
855114187
855114199
855113169
855102072
855102196
855101140
855007015
855113121
855113217
855114210
855115039
855113241
855112069
855104137
855116036
855114227
855102193
855103011
855102135
855103176
855116109
855105025
855116155
855104140
855104110
855016134
855204068
855116074
855106157
855201193
855104020
855208006
855101209
855115138
855105204
855201176
855114195
855208094
855205179
855011116
855207119
855203195
855211075
855206037
855115116
855209163
855107179
855107192
855104238
855208081
855209048
855106169
855109065
855105161
855108189
855212007
855108059
855204167
855108240
855106192
855212238
855212154
855211111
855208166
855212239
855211078
855109124
855110037
855215120
855108223
855109102
855212121
855215159
855110045
855109238
855212235
855216095
855014075
855111214
855213079
855301028
855111062
855111216
855301172
855301098
855301134
855302147
855111080
855112086
855111138
855111229
855112005
855109068
855216249
855112050
855304062
855302131
855303071
855302094
855112149
855113159
855304187
855113001
855303238
855305024
855304229
855111239
855305114
855305180
855113067
855114117
855306124
855303080
855112180
855303048
855114058
855112117
855307247
855114177
855306243
855114250
855115208
855113084
855115133
855303022
855115048
855115197
855310050
855115198
855309161
855116234
855308150
855311003
855308171
855311091
855311218
855311081
855203179
855203217
855204153
855207163
855310075
855116051
855207200
855312076
855202086
855104088
855311087
855313200
855115154
855209202
855314146
855309129
855107067
855206038
855315183
855313132
855315192
855206008
855208075
855311126
855209226
855210012
855205160
855208178
855210091
855205162
855211215
855316155
855210228
855215079
855214103
855213127
855211125
855406095
855215072
855404165
855211176
855216090
855301171
855402135
855215080
855407225
855401064
855215198
855301178
855216245
855405124
855216122
855408050
855316218
855301054
855401206
855407188
855407117
855301051
855412016
855303010
855411097
855303089
855304098
855303226
855301153
855409150
855408233
855412031
855411044
855304167
855302157
855410022
855301232
855303042
855409192
855305073
855409201
855112040
855305109
855304154
855305178
855307047
855307064
855301191
855413037
855306230
855307077
855501027
855308062
855305209
855308097
855413149
855308054
855309197
855501022
855501080
855305002
855412220
855309178
855308042
855414088
855413228
855415105
855309219
855416250
855413015
855501128
855311114
855414145
855412124
855310063
855415177
855310177
855311180
855501051
855501247
855502017
855308200
855501191
855313050
855502239
855311158
855502057
855502043
855502054
855314027
855503058
855313059
855314107
855503134
855503014
855503114
855315024
855503109
855314052
855315108
855312149
855308069
855503144
855503205
855315201
855504137
855315168
855505036
855504110
855402146
855316134
855316056
855504232
855316175
855316224
855505053
855402207
855502171
855505032
855505188
855505092
855505106
855403172
855403182
855505205
855402219
855403245
855506006
855405101
855316197
855506012
855506095
855405053
855506094
855506159
855506145
855316091
855406074
855406214
855505145
855506227
855407090
855506182
855404103
855408250
855507025
855410037
855506233
855410156
855507089
855411072
855403241
855410217
855507097
855410218
855411136
855412117
855412057
855502123
855408199
855507183
855507163
855412216
855507156
855412123
855507131
855412219
855413060
855413127
855507207
855507203
855413001
855412121
855508023
855310032
855415240
855312207
855501086
855308116
855507223
855312058
855416144
855508123
855508061
855508186
855501076
855413191
855413111
855508097
855501140
855508022
855502053
855509014
855501123
855508017
855501202
855501189
855501172
855501126
855502205
855509129
855509153
855508035
855501147
855414091
855502240
855502229
855502165
855509184
855501203
855510044
855510165
855510030
855504008
855510148
855509180
855509172
855503104
855510032
855510114
855505015
855511014
855503211
855503248
855504135
855511042
855505050
855504178
855505006
855504044
855511089
855510235
855511121
855503015
855505076
855505062
855505019
855505078
855511188
855512020
855512106
855505064
855506195
855505177
855512078
855505021
855505160
855505100
855512110
855512200
855506122
855506086
855513075
855512243
855512140
855505134
855513072
855506169
855506162
855513145
855513144
855506171
855506189
855505223
855506237
855512235
855506176
855513174
855512229
855505144
855507102
855506156
855507095
855506232
855513198
855506165
855507166
855514176
855507136
855513190
855514088
855507182
855508152
855515043
855508096
855507181
855514233
855508111
855514001
855514118
855508080
855507192
855511060
855507195
855514172
855508188
855515097
855509033
855508146
855507060
855507248
855516044
855516019
855509046
855515147
855515158
855509124
855509058
855601186
855516159
855509073
855516090
855603172
855516246
855509198
855516169
855508233
855510116
855605019
855510048
855510131
855511028
855510166
855510065
855515235
855509236
855511040
855505043
855510170
855511035
855605165
855609144
855606143
855613141
855614187
855511031
855511090
855511195
855510199
855516189
855511190
855708116
855614066
855509177
855511170
855512021
855511065
855511150
855614031
855512039
855509188
855614231
855710212
855512042
855512040
855710063
855903057
855512080
855915078
855512049
855512064
855512087
855512202
855902196
855907144
855512063
855512098
855911024
855512120
855512240
855911218
855908240
855512011
855512141
855910025
855513111
855911061
855513147
855513045
855512176
856003179
856003232
855512122
856008195
856009137
856012104
856010144
855514198
855514031
855513246
856013151
856013045
856009164
855507083
856016175
856012077
856010204
855513157
855514065
855515055
855514245
855514204
856002003
856106179
855514231
856106099
855514173
855515142
856108034
856201085
856108097
855515011
855514084
856014031
856206178
856203200
855515095
855515135
855515154
856111078
856111088
855515059
855515201
855514244
855516025
855516143
855516091
856209200
855514239
856208122
856113017
855516233
855516196
856112149
856203031
856206223
855516063
856108141
855516054
855516078
856216108
856214168
856207138
855516239
856213126
856210138
855603111
855516180
856216111
855516183
855616041
856215182
856216166
856302032
856216229
855604110
855603121
855612124
856211126
855605036
855516194
855603225
856303022
855610012
856302218
856302108
856302188
855901072
855908095
856303015
856303011
856303068
855612120
856302153
855902053
855906014
855512137
856304059
855909082
855710196
856303025
856302212
856303219
856303182
856304100
855909042
855903011
856304091
856005168
856304047
856005036
856303250
856303202
856304110
855911106
856007089
856305006
856304062
855910070
856305024
856007179
856305100
856007185
856305099
856304185
856010195
856305094
856003166
856010160
856305027
856007214
856008218
856014117
856009008
856013018
856102201
856102220
856103186
856104103
856306034
856306238
856104091
855515170
856306179
856013190
856305225
856104106
856003146
856306141
856112030
856114250
856111075
856112010
856107094
856306020
856110166
856108133
856307047
856306220
856308070
856205237
856108071
856307122
856115103
856307154
856308197
856308092
856203196
856116105
856208181
856307165
856308087
856202163
856115231
856208219
856308004
856203081
856308034
856309082
856209034
856115053
856308242
856308217
856209195
856213167
856204039
856301168
856207089
856213189
856216040
856309097
856309086
856210172
856301207
856215156
856308119
856302031
856309146
856309177
856303012
856310043
856301143
856302056
856310109
856310036
856310132
856309241
856303039
856303072
856309064
856302112
856301225
856304019
856302113
856302240
856310048
856309147
856310225
856311090
856311016
856310038
856304020
856304234
856303190
856311091
856311002
856303121
856304121
856304084
856304054
856311193
856301227
856311003
856312020
856312031
856305045
856304250
856310160
856305012
856304089
856312211
856304126
856305129
856305124
856305163
856313139
856312079
856306032
856305076
856306010
856313109
856312067
856313158
856313241
856313099
856306027
856305038
856304179
856305144
856312127
856305229
856311205
856312130
856306185
856305033
856312154
856306237
856314028
856314119
856314055
856313141
856306177
856314151
856314094
856306055
856306226
856307085
856307061
856307135
856306181
856314145
856307100
856308115
856308029
856315028
856308082
856308208
856306248
856307209
856308033
856315055
856315091
856308072
856315142
856315095
856308047
856308165
856308159
856315184
856315177
856309048
856315200
856316051
856308237
856309006
856316011
856308201
856309084
856315077
856315097
856315080
856316108
856315213
856309135
856308218
856309088
856309207
856316117
856308243
856316036
856310010
856309114
856310021
856310104
856402171
856310001
856310037
856310110
856316012
856405033
856310240
856308088
856403053
856310072
856310053
856309187
856403051
856316218
856311039
856311125
856408102
856311138
856403101
856310134
856311116
856404059
856407065
856311123
856403156
856409052
856311154
856311060
856312111
856312133
856411127
856312052
856409128
856311219
856311028
856410195
856413080
856312134
856416063
856412210
856413227
856313152
856411144
856312139
856313015
856312023
856311176
856415008
856313092
856411160
856312069
856415159
856416245
856313115
856314052
856416077
864101047
856409188
856415158
856305050
856313180
856313239
856314056
856416072
856411138
864102191
856416233
856314038
864103034
864102122
864103198
856315185
864101238
856314134
856314217
864103031
864101169
864102025
856315052
864104045
856313131
864105006
856315196
864105140
864104157
856314176
864105144
856315225
856314013
864105145
856315117
864105211
864105072
856315186
856314144
856314053
856316047
856315199
864106185
864107244
864109015
856401141
856316139
864104093
864103065
864109182
856316197
864109243
856316030
856315230
856316146
856403138
856316088
856316245
856316153
856316078
864108219
864105126
856401202
864111199
864110081
856403048
856404084
864111247
856403090
864112129
864112019
856316229
856403249
856405199
864112057
856405158
864110182
856405170
864114005
856406062
864114094
856407149
856408034
864111238
856405112
864113159
856408100
864114029
864113151
856409045
864115183
856409121
856409159
856410196
856410245
864115072
864115123
864206128
856410103
856410247
864115238
856410233
864212134
864210240
864206231
864304042
856411103
856409115
864303186
856411196
856413139
856412221
856415149
864307121
864310049
856412139
856414117
864305197
856413010
856414066
864101083
856414001
856414083
864101183
864311205
864102250
864310149
864310086
864102183
856416054
864209143
856416018
864310114
864408184
864101246
864103057
864114247
864402077
856416136
864103201
864101174
864408199
864102020
864105062
864313248
864315186
864104031
864411234
864501020
864107236
864108120
864105108
864104065
864103206
864108150
864105235
864108037
864103208
864104232
864407128
864416013
864106073
864501137
864501144
864110145
864106065
864109014
864109233
864112011
864111191
864112183
864110012
864110047
864501076
864409100
864113050
864501139
864110075
864110196
864112246
864114204
864501100
864114152
864204090
864501175
864112084
864501203
864115082
864206186
864502025
864115103
864210183
864214103
864502064
864113190
864310115
864501200
864302085
864214172
864501159
864313045
864312194
864312009
864501232
864502088
864313060
864314222
864315117
864502079
864311241
864502029
864502070
864502128
864502101
864411175
864502114
864502180
864407159
864409128
864408010
864502005
864502135
864502113
864502084
864502205
864502129
864503017
864502228
864412205
864410248
864503016
864501055
864501060
864502248
864501047
864501195
864502245
864501071
864503099
864501208
864503058
864502069
864503084
864501147
864504035
864503125
864503185
864503076
864503250
864501160
864502038
864501161
864503087
864502115
864503231
864504052
864503153
864503045
864504104
864504084
864505080
864502131
864503081
864504176
864505167
864502065
864502221
864502225
864506031
864502124
864503073
864502012
864506062
864505213
864505237
864504171
864505225
864503172
864505229
864503124
864506041
864503092
864506096
864505239
864414172
864506195
864503217
864503168
864506246
864506198
864506227
864503222
864503225
864504099
864506075
864507040
864505111
864503007
864504126
864505001
864506167
864504055
864504144
864504066
864504100
864507135
864506221
864503046
864505037
864507064
864507097
864504012
864507153
864505043
864507109
864508006
864507077
864505078
864110025
864505042
864507087
864507207
864504172
864507177
864501132
864505105
864508001
864508092
864508157
864505151
864508102
864110172
864508097
864505121
864505189
864508140
864505221
864508010
864110116
864505217
864508216
864506069
864509024
864508165
864509061
864506004
864505077
864508212
864508167
864509049
864506089
864506071
864508188
864506033
864509023
864506223
864506052
864510019
864506072
864507005
864509169
864301209
864509114
864506073
864510057
864506160
864507058
864507080
864506132
864510104
864510147
864510090
864507088
864507163
864507047
864510173
864510244
864507110
864510208
864510083
864505170
864510222
864507140
864506106
864511040
864507167
864511039
864511141
864510183
864508024
864511157
864511065
864507198
864507155
864507237
864511164
864507210
864511163
864511105
864508123
864507018
864508222
864511196
864511212
864508180
864508168
864511216
864509046
864508100
864509065
864512034
864508234
864512024
864507093
864507165
864509066
864512083
864509226
864511206
864508023
864512036
864512070
864510018
864510112
864509142
864510120
864512119
864510086
864509120
864510118
864512166
864512134
864510123
864510049
864510224
864511224
864510151
864510180
864510145
864512157
864513083
864512015
864509242
864510228
864513033
864510214
864510200
864513045
864507085
864512165
864512183
864511091
864511094
864511126
864511101
864513095
864514016
864510122
864513139
864511136
864511098
864511190
864511125
864514034
864511185
864513248
864514075
864514029
864511168
864513180
864511214
864511124
864511218
864511166
864514094
864512032
864513242
864514134
864514110
864512041
864512153
864511162
864512046
864512075
864512101
864512180
864511045
864512158
864514193
864514063
864514123
864512239
864512204
864514118
864512077
864511179
864515152
864512220
864514209
864515158
864513009
864513238
864513167
864515057
864513064
864514011
864511234
864516039
864513103
864513217
864512096
864514234
864516078
864516079
864602032
864513177
864510062
864516088
864516002
864601192
864512219
864514079
864602051
864516040
864515208
864603022
864601054
864602112
864514031
864514124
864513036
864512237
864514057
864514020
864603094
864513091
864603095
864515030
864603109
864603019
864514060
864514169
864602111
864603007
864603166
864603208
864515157
864602220
864515150
864514226
864603227
864514196
864515092
864514184
864604118
864603200
864515123
864514245
864515186
864515213
864604106
864605093
864602229
864514160
864516114
864606035
864603152
864515215
864604107
864515225
864516106
864604100
864604137
864607016
864515138
864516117
864601178
864516175
864605048
864605237
864605244
864608120
864606186
864516131
864516112
864601228
864516166
864608166
864608008
864516191
864515235
864609175
864609226
864608105
864603153
864608171
864608115
864602025
864602064
864601246
864603014
864608245
864604006
864516235
864602207
864610038
864516188
864607215
864611229
864604247
864610221
864605002
864604232
864603171
864610170
864605104
864610167
864611196
864605030
864603034
864611106
864604159
864604034
864609089
864612056
864611040
864606131
864605177
864606199
864603170
864613190
864605241
864612166
864607087
864606008
864606020
864610008
864606048
864613026
864612169
864613155
864607050
864614244
864615167
864614237
864614124
864609121
864607126
864614242
864616080
864607152
864609077
864607190
864616072
864609035
864610013
864607065
864608069
864702123
864610130
864609143
864609128
864615239
864616155
864609161
864610030
864713144
864616234
864616153
864610151
864611029
864609211
864711028
864610066
864702100
864609245
864716142
864711205
864611199
864707186
864611169
864715150
864607186
864703138
864611035
864611224
864809023
864606047
864612007
864802079
864609055
864901055
864811006
864814016
864612153
864614038
864613189
864902126
864903049
864903168
864611186
864612231
864612023
864612151
864613192
864905004
864806054
864615128
864903232
864908049
864615231
864614188
864612106
864910019
864907006
864612220
864612044
864615120
864614126
864901071
864813219
864807030
864908184
864616013
864908024
864615208
864911205
864612034
864906245
864904166
864616154
864613042
864912063
864913057
864913075
864707185
864909223
864914090
864915050
864910201
864915158
864911138
864913234
864616061
864702171
864915085
864616149
864914099
864916045
864616098
864616192
864708150
864709026
864707247
864312097
864916181
864915169
864916056
864704035
864916094
864916077
864802043
864711031
864713245
864712205
864914071
864711184
864707129
864716090
865009199
864708246
864803081
864811206
864809143
864804037
865003159
865007042
864815230
865015023
865009033
865002138
865008234
864901126
864814046
864813111
864903047
864902077
865105093
865015076
865011020
864902051
864903057
864903135
864901092
865101166
865105037
865105027
865209084
864904153
865302215
864902246
865306048
865111177
864904235
864905083
865215143
865306054
865308187
865215220
864906155
864906192
865211014
864902208
864906075
864905151
865302126
865314057
864908048
864906088
865308188
864905108
864907117
864910049
864904039
864908062
864908232
865315050
865314105
864910189
864908002
865309167
864906140
864912026
865310024
864908063
865005241
865501046
864909193
865501240
864911241
865316245
864911020
864911147
864911166
864615111
864913242
864913117
865501175
865501157
865502133
864913064
865501090
865502036
865501091
865001044
865501186
865501023
864913205
864913238
865502240
865502248
864913076
864916154
864915170
865503073
865503125
865016122
865503010
865007119
865101072
865007247
865504042
865504090
865012093
865002228
864915011
864914119
865010212
865504128
865503147
865114197
865504099
864916084
865502171
865102146
865504137
865112211
865111030
865505013
865112073
865505034
865505207
865505140
865505178
865108118
865112093
865115130
865204174
865214236
865507128
865307071
865505062
865505211
865506108
865211177
865209086
865506109
865506015
865303026
865506186
864614229
865507037
865306063
865508071
865307229
864903248
865308159
865302027
865312198
865507182
865308186
865311125
865308167
865507198
865310028
865501064
865507156
865507224
865508039
865316112
865315208
865501069
865510012
865509008
865509150
865501007
865501051
865502051
865502033
865501104
865509168
865509195
865509230
865503047
865509214
865501196
865511076
865502057
865510183
865501154
865502161
865510092
865510091
865503242
865511059
865511011
865510029
865503182
865511042
865501136
865502039
865503195
865512015
865501195
865512145
865502138
865510015
865503197
865512164
865503220
865503205
865511014
865508187
865512110
865504153
865512046
865503174
865512141
865505198
865504017
865504100
865505082
865512237
865511097
865505203
865505165
865512122
865513091
865513043
865513030
865505249
865506035
865505244
865513226
865506026
865514072
865506110
865506205
865507102
865514094
865507166
865513214
865514012
865507140
865513239
865514083
865508006
865506245
865514073
865509196
865514001
865506157
865508243
865507099
865509128
865508146
865514109
865515187
865508131
865514110
865514160
865510028
865514222
865514172
865515050
865510198
865510022
865510050
865508244
865509161
865515196
865508063
865510250
865510102
865510225
865516113
865510217
865515092
865603051
865516028
865511125
865608207
865511094
865602230
865511162
865511192
865601023
865603142
865611195
865511247
865512042
865503165
865610166
865512043
865512056
865611084
865511001
865512030
865512162
865610023
865512211
865614094
865702191
865512218
865703092
865504229
865513032
865702192
865615177
865513021
865703151
865705009
865513031
865514005
865714110
865710016
865513072
865514028
865514101
865512138
865710028
865711001
865514118
865207042
865714192
865802054
865712119
865516053
865710228
865514009
865516052
865802228
865809096
865514218
865516114
865514152
865802189
865515220
865515157
865803225
865602040
865809143
865516077
865905002
865601002
865810016
865516194
865607134
865514173
865513140
865602077
865610085
865604051
865816106
865611131
865610086
865906068
865905028
865610195
865610024
865911136
865612151
865702053
865702091
865609023
865908219
865702189
865606221
865706154
865705225
865706068
866003180
865706079
865909115
865709243
865704051
865708191
866007233
865709165
866004120
865707046
866012012
865708223
865711205
865707039
866013107
865710094
865712080
865908128
865712151
865710040
865702116
865715148
866014224
866006068
866102018
866103100
865714086
865509209
865716075
865803181
865715022
865516097
865813091
866103232
865804018
865802131
865812248
866015023
866106096
866105026
866107229
866106097
866104054
865706165
866001110
865906081
865813117
866107078
865913166
865808186
866110198
866109007
866110094
865901046
866108111
865912231
866112007
866109233
866011029
866009064
866112091
866013151
866004066
866004130
866115215
866003176
865616049
866113048
866013246
866115235
866103071
866115002
866114192
866106011
866106175
866103195
866202082
866103142
866007007
866103249
866103072
866201102
866116040
866209204
866104245
866205111
866107181
866110047
866104130
866104031
866107079
866303145
866213178
866108158
866301206
866109058
866308038
866301203
866213018
866215192
866110227
866107115
866108193
866111229
866109183
866310193
865803032
866316033
866303226
866508230
866309116
865707207
866112179
866113214
866111020
866305188
866115158
866516159
866116060
866201022
866512075
866111027
866114043
866601055
866307157
866115003
866208171
866516082
866614013
866604171
866512136
866206011
866301236
866703134
866710050
866716033
866513141
866310003
866707165
866301106
866308222
866315235
866703049
866807230
866511056
866711186
866807112
866711187
866516164
866703193
866602200
866708217
866705211
866601046
866911001
866716056
866616164
865703140
866807209
866903025
866706069
866609202
866715129
866911031
866903099
866812239
866911078
866716074
866811035
866911016
866911060
867115195
866712040
866711114
867108199
866803064
866810222
866808237
866808008
867305046
867115230
866903146
866911125
867101188
866911006
866903175
866903134
866911084
866008033
866903084
866911024
866715168
867414104
867312165
867301196
867108192
867304045
867304134
867107208
867306094
867104012
867512126
866911124
867316051
867512021
866903211
867104232
867109250
867414227
867102074
866911113
866911103
867110085
866911144
867116120
867512178
867512184
867307114
867512005
867512180
867512157
867304089
867512076
867307144
867512248
867512013
867305213
867603077
867308010
867512234
867316056
867306160
867512207
867606041
867603034
867301102
867512029
867610010
867609115
867610019
867112164
865711091
867512019
867707189
866206133
867609183
867606068
867414173
867614057
867512136
867702050
867512018
867512070
867903057
866106194
867512092
867713076
867512176
867704120
867903154
867614154
867809112
867802072
867704105
868109115
867614031
867815101
867703233
868111058
867810024
867816012
867713064
867816129
867713079
867902220
867901247
867804126
867905096
867903189
867815103
867809162
867905211
866903212
867816221
867905191
867904141
867905007
868001159
867911094
868304103
867906011
868306075
867912057
867913125
867912140
868007134
868004023
868009001
868003112
867906169
868008189
867908192
868007101
868008031
868014052
868010059
868009048
868005007
868308093
868109015
868109077
868015213
868109023
868109096
868010203
868016166
868109078
868109161
868109218
868509166
868012017
868111016
868111031
868111039
868111114
868111241
868111150
868510171
868111044
868111162
868111233
868111193
868111234
868507215
868111144
868112015
868112064
867610083
868112119
868112069
868111239
868112029
868111135
868112083
868112111
868112179
868805043
868112112
868112093
868112233
868112171
868804025
868112130
868811076
868112235
868112204
868112201
868115024
868811176
868115003
868203017
868201249
868115028
868207152
868212078
868202057
868208208
868903057
868212168
868212096
868302169
868204036
868302165
868304148
868303229
868307089
868305193
868306073
868306131
868307157
868411246
868309046
868316221
868109165
868411214
868313144
868311114
868313161
868414160
868404104
868312168
868413191
868314237
868503034
868502018
868413198
868505050
868502012
868512009
868512091
868603095
868505111
868508208
868515059
868415002
868601242
868415189
868611065
868304093
868614119
868608193
869102074
868612018
868615103
869102040
868615050
869102025
868610235
868613119
868610048
869102085
868616070
868703034
868703012
869102246
868703172
868616181
869103010
868703077
868804008
868703208
868703179
868703218
868703226
868808046
868808075
868703118
868808064
868703166
868907064
868805229
868811177
868908240
868916174
868913061
868904080
868913045
868814065
868808142
869103116
869006181
869103032
868912124
869007146
869007157
869103099
869007214
869006214
869005174
869008062
869009238
869010005
869006206
869103197
869103170
869016043
869103200
869009250
869009061
869101042
869002102
869103154
869013133
869008084
869101093
869101034
869101111
869012235
869101144
869104066
869101009
869101025
869101082
869104033
869101129
869104079
869104064
869101133
869101139
869101176
869102011
869104160
869104167
869101197
869101225
869102027
868814211
869101232
868301043
869102047
869105030
869102044
869101236
869102090
869105061
869102069
869102111
869102108
869102032
869105112
869102112
869102109
869102138
869102134
869102129
869102135
869102202
869103005
869102130
869103015
869102131
869102204
869102113
869101195
869103024
869105111
869103013
869103096
869103051
869103045
869103112
869103134
869103122
869103011
869103206
869103056
869103214
869103131
869103058
869103145
869104017
869102212
869106235
869103226
869104013
869103242
869107010
869103138
869104008
869103195
869103180
869103095
869104076
869104069
869104027
869104051
869104099
869104026
869104100
869104090
869107121
869104124
869104156
869104184
869107193
869107171
869107152
869104164
869104173
869107236
869108021
869104230
869107119
869104185
869104122
869104177
869104159
869107231
869104229
869104238
869108017
869104232
869108070
869104233
869105015
869107210
868912053
869108084
869105028
869108126
869105063
869105036
869105027
869105021
869108166
869108140
869108121
869105047
869108232
869108183
869108199
869108227
869105160
869105121
869105120
869105118
869105097
869109041
869108186
869108235
869108246
869109027
869105138
869105146
869109032
869105165
869105163
869105197
869105245
869105215
869109102
869105045
869106073
869105246
869109134
869109215
869105203
869109161
869106089
869106078
869106055
869106093
869110025
869109210
869109174
869110145
869110012
869106094
869110083
869110154
869106081
869106227
869110187
869110185
869106234
869110180
869111014
869105244
869106167
869106184
869105189
869107030
869111028
869111008
869110193
869106199
869106233
869106248
869109034
869107045
869107062
869107031
869106032
869111016
869107116
869111136
869107183
869111123
869111057
869111126
869111124
869107247
869111067
869111141
869111167
869107088
869111183
869107085
869107126
869107021
869108037
869108027
869108020
869108048
869112005
869111105
869112015
869107173
869111219
869108055
869108053
869104045
869108064
869108071
869108096
869111233
869112112
869108095
869111235
869108190
869112105
869112130
869112135
869108158
869109012
869108217
869108141
869108100
869109052
869109055
869108023
869109088
869107248
869109031
869112053
869109042
869109068
869112203
869109050
869109121
869113004
869109180
869109064
869108201
869109007
869113031
869109169
869113050
869109110
869109175
869109129
869113085
869109164
869112163
869110003
869110009
869113028
869110158
869110246
869111061
869110041
869110070
869113096
869109151
869110239
869114034
869113158
869113245
869114113
869113217
869110204
869111029
869111122
869114105
869114204
869114149
869111208
869111168
869114192
869110170
869110221
869111190
869112138
869114235
869114182
869115020
869115036
869111118
869111226
869111231
869112061
869112184
869115052
869115098
869112128
869112031
869115079
869115121
869115014
869115062
869112220
869115105
869113017
869111238
869112204
869112026
869114249
869115103
869111243
869115138
869113105
869113026
869113061
869113139
869115188
869113015
869115195
869115145
869113080
869205102
869113133
869115201
869113163
869114118
869203179
869115183
869210154
869113174
869114028
869203229
869301016
869114246
869203200
869215049
869114134
869114084
869301024
869301072
869115051
869210222
869209026
869215003
869301083
869205239
869114240
869301121
869115064
869115130
869301108
869115144
869114128
869115149
869115074
869302036
869302017
869301216
869301221
869302127
869302074
869115095
869115177
869301154
869205109
869203061
869302091
869302206
869302194
869115143
869115193
869203242
869301119
869111158
869209065
869302144
869302233
869303087
869302212
869203220
869301036
869302215
869302146
869303092
869301236
869303115
869301139
869301111
869302249
869303097
869303093
869301136
869114213
869115220
869304036
869303235
869301001
869303111
869302039
869302129
869302081
869301155
869114168
869111228
869302092
869304045
869304080
869303108
869301195
869303238
869301179
869301177
869303184
869302010
869302183
869303195
869303100
869304183
869304160
869304013
869303045
869304090
869302072
869302161
869304230
869303028
869303031
869302223
869303171
869304162
869304229
869304173
869303227
869304134
869305014
869303245
869302205
869303140
869303242
869302208
869304005
869304133
869304166
869305211
869303211
869303197
869303201
869306171
869303249
869304250
869304024
869304050
869304055
869304128
869304047
869304001
869305250
869303240
869304017
869304010
869305180
869305076
869308075
869305025
869305024
869307097
869305033
869305177
869305146
869305151
869305004
869305009
869305082
869304153
869305170
869308179
869305028
869306034
869307136
869307080
869306008
869308240
869305152
869305203
869305190
869306139
869306065
869309131
869306111
869305193
869306106
869308200
869309031
869306152
869306126
869306122
869306190
869306120
869306186
869306035
869310071
869306167
869306249
869306220
869306178
869306165
869309178
869309166
869306201
869306233
869307073
869306231
869305136
869307070
869307007
869307074
869307054
869307129
869307021
869307133
869307149
869307084
869307095
869307152
869307103
869307171
869307140
869307131
869307191
869307012
869307165
869307091
869307153
869307134
869307224
869307235
869307035
869308076
869308039
869307237
869308072
869311088
869308063
869307184
869308062
869308105
869311209
869308037
869311200
869308080
869308124
869308157
869309028
869308244
869309002
869308117
869309005
869308210
869312027
869309032
869312073
869309009
869309051
869309044
869308102
869308184
869308217
869309066
869309122
869309115
869309088
869312182
869313007
869309070
869309097
869313003
869312247
869309138
869309154
869309142
869309101
869313002
869309144
869309081
869313017
869309148
869309165
869313030
869309212
869309199
869309103
869313006
869309158
869313101
869309151
869310025
869309188
869309232
869310050
869309161
869313130
869310010
869313064
869313164
869313099
869313046
869313091
869313140
869310055
869313123
869313148
869310135
869310058
869310066
869310128
869313155
869310120
869309173
869310123
869313177
869313199
869310210
869310188
869310038
869313217
869313195
869311011
869310197
869310180
869313243
869313240
869311064
869314055
869311116
869310242
869311028
869314216
869311067
869313248
869311084
869314234
869315077
869314187
869311057
869315092
869311035
869313165
869315103
869311145
869311136
869314242
869315134
869315147
869315137
869315117
869311125
869312011
869311193
869311178
869316013
869311232
869315189
869309058
869312060
869316086
869312047
869312025
869311205
869315176
869316080
869311124
869316094
869316119
869316060
869315201
869311228
869312013
869312098
869312111
869315185
869312079
869312118
869312140
869312129
869316172
869312026
869312160
869316143
869312133
869316214
869312145
869312161
869312164
869407111
869312202
869407055
869411176
869416172
869501115
869312126
869312070
869312181
869313028
869313015
869416238
869401249
869501069
869505132
869513045
869313036
869310195
869504236
869501124
869313026
869312248
869313122
869504010
869313129
869313089
869413145
869509035
869313145
869313037
869505239
869601246
869313167
869313178
869610139
869611234
869313146
869313166
869612067
869608228
869607189
869313191
869313213
869602232
869314085
869314023
869313168
869615079
869314128
869702230
869313211
869313238
869314197
869704007
869314202
869313204
869314027
869708038
869709148
869314101
869710143
869314220
869712097
869314205
869703239
869614220
869714222
869315133
869314170
869315101
869704088
869314201
869611186
869803145
869814192
869814083
869314192
869315150
869315002
869806233
869315004
869803241
869315158
869311069
869901169
869316204
869316159
869316092
869316121
869316239
869315146
869315107
869815200
869315186
869315135
869904077
869407215
869316077
869904038
869315215
869903034
869408125
869907103
869904172
869408034
869409194
869408187
869315199
869809141
869902012
869906098
869903181
869907012
869908057
869905235
869905241
869316045
869505213
869409207
869907148
869909204
869502091
869909209
869615062
869416044
869315148
869407030
869316002
869610197
869515009
869703028
869914069
869903233
869605247
869909071
869913221
869602028
869806024
869915147
869806076
869915117
869916024
869415057
869911238
869914072
869616114
869915080
869815233
869911131
869315228
869713100
869510094
869709116
869814177
869806238
869916175
870012010
870103229
870007230
869914212
869809001
870011063
870101152
869903032
870012104
869906141
869411069
869901173
870112208
869903240
870016102
869312061
869901193
870113020
869905072
870009088
870104008
869906167
870105082
869903116
870108237
869906179
870105208
870203227
869907135
869902179
870204122
869907102
870216063
869906054
869908045
870214113
869908071
870303065
869908122
870208222
870115042
869910116
870114228
869908039
869912024
869908072
870313013
869911219
870303017
869906153
869908120
870216060
870316056
869912123
870315040
869909231
869916122
869913122
870410195
869915239
869915183
870406164
869913205
870001175
870305134
869916211
870412046
870013135
870310127
869911188
870009164
870316018
870314245
870010224
870501046
870402074
870008056
870501025
870101117
870110036
870403025
870501064
870501103
870101118
870405117
870501127
870106108
870108192
870501119
870110220
870107098
870112143
870413163
870101078
870501129
870116249
870501139
870101153
870501087
870501141
870501144
870113015
870501202
870116033
870501233
870214234
870205204
870501146
870504035
870504032
870208237
870204084
870501126
870204137
870216059
870504031
870204019
870206233
870304250
870304010
870504248
870309041
870508023
870501231
870504233
870504128
870504232
870508145
870504126
870308173
870508118
870302214
870504245
870501153
870313124
870401023
870508172
870508133
870508071
870509002
870508093
870504054
870509032
870508214
870508194
870411163
870304227
870407142
870302079
870508200
870215034
870508094
870509097
870501007
870509102
870501167
870509091
870508122
870501121
869911056
870403195
870311227
870509201
870509188
870509243
870416214
870509165
870403054
870509212
870501024
870504008
870501197
870509058
870509080
870504033
870501143
870510098
870509109
870510151
870510200
870510060
870510180
870504140
870510208
870510063
870504164
870510108
870510249
870515076
870504135
870515046
870508081
870504133
870510117
870515081
870515154
870504129
870515122
870515094
870515221
870508058
870508115
870508061
870504062
870602076
870508131
870604239
870510214
870508091
870508222
870508121
870515095
870515165
870509033
870515142
870508128
870508105
870509009
870508178
870611157
870515138
870508180
870607238
870613073
870607093
870509066
870509090
870603022
870605050
870509112
870515206
870509073
870509153
870509160
870002246
870509203
870608206
870708189
870616094
870612021
870712092
870705136
870509198
870606020
870510061
870510074
870510105
870509157
870510086
870510081
870804172
870815142
870510054
874405021
870510172
874403147
870613010
874402084
870510250
874402174
870510244
874404140
870510160
870515028
870205009
874412029
874413213
870515044
870510210
874409178
870515041
870802232
874407198
874412069
870510048
874412246
874407143
870515167
870515096
870510226
870515143
870515104
874502207
870612145
874511088
874501169
870702026
870702181
874415158
874415019
870515146
874507134
870515059
870610094
870702036
870605228
870515188
870604007
870612238
870704169
874502144
874507140
874610198
874611163
874605069
870704139
874511144
874608006
874702071
870615024
870509124
874615216
874615158
870606065
870802111
874701022
874704007
874614041
874411238
874613195
874408158
870709070
874409153
870711243
874414128
874704032
874612040
874414200
874403177
874706039
874704154
874505016
874506157
874704094
874706112
874413187
874705207
870705208
874510034
874703063
874707116
874708240
874707220
874602044
874415064
874704027
874608242
874510179
874607220
874709068
874609065
874616051
874707205
874511238
874707250
874609119
874612218
874602079
870706240
874701172
874609091
874712144
874710131
874709142
874712106
874616214
874615061
874716148
874704134
874704236
874703125
879203006
874710047
874613036
879204137
874704179
879206194
874615133
879201240
879205055
874715200
874707106
874710040
874707213
874712147
874710136
879302051
874708094
874710056
874714008
874712112
874713149
874710168
879211061
874714097
879304017
870805064
879205036
879212037
879208191
874713115
879401087
879207015
879304130
874716091
879310127
879402197
874710206
879206245
879403065
879403215
879205092
879307140
874615034
879301225
879309135
879308080
879314174
879303189
879212102
879306173
874715038
879404037
879403235
879405081
879406053
879304105
879309011
879405205
879401247
879401033
879406081
879315040
879314234
879214197
879404012
879405009
879403127
879407188
879401123
879409001
879406073
879406094
879406148
879406135
879407063
879408234
879406205
879405127
879407109
879407112
879409008
879409086
879411234
879410044
879411074
879409009
879406082
879409148
879412032
879410128
879409111
879413135
879412240
879409002
879408096
879413139
879408237
879412119
879403239
879414049
879412140
879415134
879414106
879409136
879412135
879412103
879412226
879415008
879414242
879416164
879416031
879501108
879414076
879501125
879414201
879214088
879501186
879416011
879414031
879414077
879501138
879412154
879414188
879501025
879501203
879412246
879502019
879502241
874716185
879502106
879502150
879502100
879501224
879501152
879501246
879503025
879503048
879503163
879503159
879501127
879416246
879404034
879503190
879501133
879503203
879501197
879415199
879502013
879501207
879503232
879403036
879504001
879504059
879504157
879502074
879502057
879502056
879504009
879504123
879502148
879504174
879503244
879502239
879503045
879504139
879505025
879503111
879505093
879505111
879502228
879503004
879505064
879501154
879503014
879505175
879505131
879503131
879409055
879503191
879506004
879505096
879503158
879505213
879506011
879503114
879503153
879506039
879505204
879506053
879506035
879503174
879503241
879506026
879503200
879502218
879504037
879506113
879503207
879506106
879505094
879505134
879504144
879504033
879506152
879504128
879504050
879504026
879506221
879506239
879507021
879504159
879505083
879506185
879505109
879505184
879506076
879505132
879507040
879507096
879505106
879506027
879507097
879507067
879507037
879506124
879505160
879506229
879507069
879507098
879507027
879413115
879507131
879507112
879507171
879507114
879508062
879505110
879507209
879508086
879508028
879507172
879507191
879508215
879507235
879507192
879507107
879507145
879508233
879506112
879508219
879507146
879507210
879509163
879507249
879507181
879508235
879509184
879509192
879510010
879510151
879507202
879509148
879508055
879508050
879508049
879508063
879509077
879511076
879508037
879508158
879509017
879511068
879511160
879509023
879509024
879508120
879511135
879503165
879508234
879509138
879511061
879509040
879508184
879511167
879511206
879509187
879511096
879511180
879510086
879509068
879511106
879512087
879512023
879512084
879510149
879509232
879511059
879512216
879513019
879511113
879512127
879511131
879512089
879509199
879506133
879513050
879509210
879512056
879511005
879506245
879512019
879513104
879513143
879513155
879512025
879511038
879511170
879513123
879511248
879512143
879512207
879513247
879507004
879512129
879508192
879512075
879513207
879509067
879514118
879512095
879513234
879507224
879512126
879512067
879514041
879512053
879514084
879514144
879512161
879511181
879512180
879510166
879512141
879515135
879515004
879512198
879512178
879512169
879512162
879515111
879512136
879512200
879513022
879515076
879515165
879512246
879514031
879512154
879512240
879513085
879513130
879515146
879511044
879513169
879513099
879516009
879516059
879407126
879515041
879516058
879513225
879514042
879514028
879514103
879514056
879514020
879514088
879516142
879515231
879516089
879514052
879514240
879604042
879516192
879516162
879514137
879616013
879610114
879602085
879612194
879514099
879515122
879613248
879514212
879516102
879514165
879514200
879804090
879515009
879515003
879611141
879515070
879516240
879807104
879808092
879515233
879812007
879515133
879712138
879605197
879810013
879701121
879808021
879804239
879515228
879515038
879513084
879813158
879516025
879816080
879906072
879515085
879906073
879516120
879816139
879516039
879913009
879515192
879906157
879512193
879516019
879906075
879515159
879913022
879913104
879605034
879511250
879913118
879611205
879515203
879516242
879610049
879913124
879516163
879612097
879913014
879605165
880004036
879913151
879906099
880003065
879913196
879610115
880002160
880008093
879614222
880004184
879610149
880003156
880005035
880007163
880001202
879611241
880006154
880008028
879613043
880011060
879712241
879613045
879801076
879514222
879807133
879515050
879806227
879708075
880104183
880101132
879808076
879712010
880012001
880015009
879804161
880015235
879812005
879712069
879809171
880015178
880106104
880016122
880212149
879906068
879815216
880114110
880208228
879906054
879906065
879906003
879813022
880206194
879906131
880212167
880211106
880212140
879906135
880205012
879906145
879906159
879906136
879906214
879913048
880212220
880116204
880303185
880216153
880304162
880402219
879913033
879913024
879906132
880403191
880403241
879913145
879913047
880402207
879913161
880401011
879913130
880406074
879913006
880404181
880405101
880406183
880403245
879913169
880002204
879913186
880004239
880006069
880409023
880001034
880011016
880010047
880411194
880411072
880006062
879913192
880007054
879906164
880410037
879516072
880006105
880412121
880413001
879516092
880413083
880012041
880013016
880015014
880006165
880011064
880014042
880408199
880413149
880014001
880014161
880016056
880016129
880501039
880412198
880412153
880411088
880501052
880014219
880501053
879913168
880016086
880412166
880101175
880413228
880101082
880015158
880414088
880501114
880501129
880108055
880107215
880415105
880114218
880501132
880501169
880110036
880202078
880209045
880501160
880501179
880103216
880501216
880116181
880015151
880502030
880501186
880206207
880501168
880208049
880207054
880501170
880213174
880502084
880501205
880207234
880211239
880502065
880214154
880214188
880214112
880205144
880502241
880302135
880303010
880501144
880503030
880502197
880303056
880501175
880210040
880503010
880503042
880304039
880301152
880306099
880503014
880314227
880503112
880315150
880503159
880404165
880402135
880503092
880301239
880115183
880503202
880315134
880403172
880407117
880407090
880503111
880405053
880503114
880503218
880403016
880503228
880503231
880401064
880406071
880407188
880504007
880503247
880408250
880409192
880504047
880411028
880306206
880408203
880504090
880504077
880411136
880504025
880412124
880412208
880504140
880412203
880412091
880413225
880410217
880504148
880504177
880504157
880405134
880415093
880504133
880412154
880415240
880412204
880414091
880505012
880505055
880505050
880413186
880504232
880505083
880415239
880501119
880415177
880413127
880505071
880416144
880413037
880504248
880505178
880505121
880505118
880505101
880501111
880505108
880501078
880505136
880506038
880506120
880505225
880502053
880502051
880501161
880502016
880416250
880505208
880501059
880502057
880505244
880501200
880502160
880502122
880505177
880501022
880506192
880501120
880501201
880506214
880503017
880502145
880502239
880502218
880506235
880503049
880507058
880503048
880507024
880503051
880503138
880507078
880507070
880507088
880503180
880502111
880503118
880502088
880503190
880502102
880507053
880503080
880506202
880507091
880503239
880507104
880507161
880503229
880507156
880503153
880503034
880503234
880503212
880503027
880505023
880504084
880507129
880507188
880504033
880507225
880504049
880507144
880504106
880507191
880507217
880504082
880507207
880507116
880504142
880504017
880507183
880507173
880504046
880507231
880504144
880504184
880504051
880508203
880507248
880508010
880508020
880504123
880507234
880504181
880504156
880504008
880508250
880505029
880505044
880508179
880504169
880505075
880505105
880505123
880507136
880503186
880505117
880505160
880505180
880508192
880505020
880505112
880509152
880509160
880505215
880509001
880509065
880509082
880509108
880505120
880506068
880506059
880506012
880510013
880509166
880509162
880509144
880505159
880505167
880505191
880505203
880504107
880505239
880509052
880509178
880510049
880510035
880506230
880506225
880506179
880510117
880509174
880507054
880511127
880508063
880507082
880510039
880506213
880511005
880510249
880507062
880506233
880511056
880509210
880511202
880506069
880510204
880507107
880507100
880512041
880511176
880507126
880507199
880507202
880507127
880507076
880507064
880512042
880506078
880507184
880512070
880512082
880512134
880507163
880507211
880512013
880511231
880512176
880511185
880507063
880512177
880512198
880513043
880507210
880513002
880513029
880513047
880514145
880507237
880513023
880512142
880507236
880507229
880514084
880514247
880513003
880515073
880514095
880514187
880503096
880508092
880508133
880514246
880507189
880507215
880508060
880515004
880508024
880508036
880508125
880516059
880514020
880508151
880515228
880508245
880508155
880508158
880509122
880509121
880515092
880509141
880508167
880508081
880508205
880515112
880516096
880510034
880507206
880515201
880510048
880516156
880510149
880510156
880516077
880516074
880509023
880516070
880509101
880510171
880508080
880516179
880509206
880602135
880511011
880516189
880511047
880516193
880511116
880601143
880701205
880510108
880706153
880516143
880706011
880510246
880510075
880604183
880511178
880516246
880511103
880511206
880510217
880511200
880703112
880710227
880512015
880801173
880512079
880707135
880616103
880512122
880808166
880511219
880512089
880803151
880512147
880512115
880512140
880512249
880808151
880805176
880815079
880902032
880512211
880912078
880513018
880809031
880513022
880512180
880810148
880802027
880513006
880512130
880513007
881004110
880513042
880513038
880513049
880909089
880907063
881009089
880513036
880815177
881004017
880514001
880905057
880514115
880514240
880514131
880912124
880514149
880514040
880515234
881011208
880514069
880515145
881016039
881008160
880514182
880516063
880514110
880516078
880514123
880516105
881011065
880516090
880610104
880516136
881109198
881111035
880607035
880516010
881112162
881106043
881112025
880516120
881116095
880616005
880611237
880708188
881113035
880703200
880712092
880702045
881116109
880605161
880602122
880616188
881302112
880704105
881115057
880803165
880803030
881116036
880801138
881113202
880705034
881409070
881514213
880712131
881402074
881310047
881413139
880813195
881502067
881516053
880804041
880815119
881601174
880508017
880812199
880809115
880804093
881409126
880810071
881601080
880815167
880815038
880816074
881601103
881515003
880915154
880912220
881601205
881602038
881506124
880909193
881003134
881001126
881004010
880816059
880816005
880901029
881601077
881602100
881601177
881011012
880510038
881009214
881602118
881005118
881601150
881010145
881601171
881015015
881005001
881012188
880901171
881009155
881014139
881602188
881008052
881016137
881103142
881015240
881111038
881602178
881109188
881602150
881603049
881104132
881111195
881104247
881111135
881601221
881107128
881602077
880616098
881016163
881115062
881108071
881602199
881310060
881602153
881602124
881111191
881603006
881304008
881113015
881603071
881603005
881603024
881603127
881116010
881603100
881603070
881603210
881413049
881307173
881311057
881603182
881603198
881604006
881603165
881312017
881502200
881604090
881506012
881604024
881603191
881603238
881415199
881603225
881401093
881603153
881105121
881512238
881604044
881409052
881601125
881513139
881601111
881604128
881604046
881604130
881601126
881605030
881603175
881601098
881313002
881604037
881604183
881315087
881313159
881604059
881604173
881604122
881601234
881601167
881605046
881601138
881601079
881602084
881602091
881605151
881602040
881601169
881601022
881605182
881601085
881605157
881603156
881602163
881605061
881602131
881605160
881602142
881601152
881605226
881602219
881602101
881605077
881602067
881603025
881603028
881604133
881602123
881602025
881603026
881606120
881606122
881603056
881606133
881606055
881603011
881603081
881603093
881607038
881607070
881603139
881603096
881607047
881603032
881607091
881603159
881606091
881603199
881608046
881602181
881607151
881603172
881603134
881608232
881608058
881603114
881606172
881603216
881603076
881608189
881603211
881603183
881603232
881608195
881608087
881604140
881603214
881603229
881608092
881603226
881604050
881609026
881608250
881604025
881604019
881609077
881604156
881608244
881609171
881604110
881608021
881604041
881609012
881604175
881605080
881605068
881609121
881609150
881610001
881609027
881605158
881610105
881605131
881605071
881605164
881605161
881610214
881605170
881610046
881605118
881611116
881611014
881605248
881611160
881611132
881605191
881605239
881605116
881611001
881611057
881605204
881604230
881611076
881604139
881606047
881611172
881606098
881606022
881605174
881611192
881611193
881611164
881606052
881612001
881603166
881606124
881606238
881606223
881612136
881606132
881611202
881606107
881607132
881611177
881612164
881606135
881607188
881606230
881612207
881607035
881612069
881607067
881612230
881612242
881608069
881608097
881607160
881613028
881613079
881607078
881608173
881612211
881613112
881612241
881608063
881607059
881613238
881608199
881613111
881607194
881608197
881607189
881613213
881614013
881608181
881613160
881608206
881614094
881609001
881609133
881608217
881613244
881607211
881609096
881609160
881609173
881609073
881614112
881609200
881609128
881614149
881614069
881609049
881614105
881614163
881609164
881614101
881610009
881614185
881609082
881610081
881614165
881609041
881610018
881614218
881614236
881610008
881614008
881609211
881615009
881614249
881610082
881615044
881615012
881615003
881614228
881614219
881610117
881610220
881610239
881610128
881610156
881611011
881609129
881615073
881611120
881605086
881615143
881615038
881611103
881615062
881615087
881611045
881611125
881611023
881611185
881615199
881611052
881615216
881615165
881615072
881615149
881615197
881616060
881611169
881611195
881616153
881612129
881612030
881615178
881615059
881611208
881616175
881615206
881612078
881616164
881616102
881612055
881612039
881612010
881612104
881616149
881611247
881616063
881612157
881616021
881612158
881612170
881616181
881613024
881612184
881616224
881616180
881616234
881612177
881612166
881616231
881613016
881614042
881616241
881613065
881613085
881806026
881806138
881613158
881806063
881806220
881614116
881616239
881612183
881809106
881613115
881614097
881613173
881614090
881809111
881809107
881806247
881614191
881809126
881809122
881614135
881614168
881809062
881613243
881615046
881614107
881811064
881609035
881809204
881809239
881811145
881812017
881615070
881811072
881812029
881615120
881615071
881812047
881614139
881615052
881615048
881613126
881809183
881811020
881811235
881615094
881615045
881615049
881615135
881811209
881812067
881615144
881812031
881812080
881812121
881615139
881615145
881812128
881615155
881813174
881615198
881615128
881609198
881616036
881616032
881616041
881616020
881614239
881813192
881812086
881615188
881615078
881616051
881813038
881616074
881813104
881813061
881813186
881615240
881616162
881813198
881813199
881616122
881616044
881813159
881616130
881815011
881815185
881815038
881616112
881616221
881815168
881616232
881616225
881616176
881815176
881806078
881806073
881616233
881815101
881815197
881815192
881806193
881806088
881815213
881615122
881903248
881904166
881616179
881809058
881809070
881806131
881902067
881901221
881903114
881806019
881815034
881901011
881904250
881616080
881809149
881905198
881806100
881809114
881905006
881906074
881905215
881809138
881911090
881809206
881809210
881911231
881905060
881905163
881910201
881908062
881809088
881912049
881806243
881912048
881913035
881914072
881811052
881916204
881915208
881811144
881811063
881811035
881915063
882015213
881916242
881914027
881812010
881811177
882105055
881812069
882107015
882103006
881812065
881809214
882212138
881812060
882114197
881812166
882113037
881615023
881812144
882015151
881812215
882302199
882303101
881812117
881813036
881812238
881813083
881812180
881813050
881813059
882312098
882403168
881813055
881615154
882405195
881813193
881813177
881815189
881815025
882401123
882212010
882415028
881815113
881902027
882414236
882607208
882612199
881904043
881903023
881815118
881616174
881906065
881902236
882604119
881815111
881901120
881906076
882612240
881906004
881908156
881905206
882701103
881909155
881905094
881908240
881906156
882702065
881911193
882703108
881910092
882701201
881912170
881912129
881914107
881914036
882705038
881914066
881912171
881905136
881916060
881915213
881915133
882704082
881916243
882704006
881912142
881915070
882008057
882001132
881915149
881916056
881916196
882105092
882106194
882015168
881812061
882706012
881915078
882012135
882013059
882116152
882711044
882707092
882105036
882101011
882712065
882709246
882713186
882111061
882104137
882112037
882709081
882106245
882207226
882112102
882706052
882115125
882303175
882212241
882713166
882114088
882109186
882714096
882201121
882713136
882212069
882716174
882715078
882316140
882403184
882714137
882501087
882410044
882716248
882716180
882715062
882715039
882310132
882307188
882801133
882405074
882716221
882801108
882404172
882714104
882716211
882513038
882801198
882801078
882404018
882414142
882405109
882416098
882802057
882513019
882801186
882702168
882802106
882304119
882801152
882116119
882802013
882612086
882802213
882801207
882704051
882415120
882508217
881815139
882802228
882701167
882802100
882506046
882802092
882707030
882802218
882704164
882704062
882802239
882703121
882709122
882802241
882803061
882708135
882705104
882801025
882802150
882705105
882701172
882712042
882803004
882705100
882803045
882704137
882711163
882803106
882711114
882801138
882802056
882802221
882803241
882803165
882709184
882803158
882712064
882802148
882803218
882803191
882803153
882803025
882803114
882803199
882804037
882803048
882804026
882803174
882803207
882803159
882803244
882801125
882803163
882804009
882803111
882707082
882804139
882804033
882801154
882805073
882804066
882804001
882803187
882804129
882805083
882803200
882805027
882804123
882805025
882804174
882804144
882805096
882805064
882806026
882805175
882805093
882803190
882803203
882805106
882805110
882805111
882805160
882804059
882806076
882806035
882806004
882805184
882805131
882805109
882804050
882806113
882805213
882806106
882806027
882805094
882806245
882806221
882805138
882806145
882804128
882805030
882806011
882806185
882806229
882807027
882806053
882805132
882806152
882807097
882806039
882806112
882806124
882807021
882806133
882807171
882807114
882807037
882807004
882807192
882806239
882807172
882807107
882807202
882807096
882807067
882806137
882807249
882807054
882807069
882808028
882807112
882808063
882807040
882807191
882807181
882808055
882807224
882807145
882808049
882809067
882811106
882811038
882807131
882807146
882807210
882809199
882808158
882807235
882808192
882808062
882809002
882808219
882812053
882812075
882809148
882808184
882808037
882808215
882808234
882809206
882809232
882809172
882808235
882809210
882808120
882809077
882813019
882809040
882809192
882814084
882811059
882809023
882810197
882811044
882810041
882810149
882809242
882811076
882815003
882811061
882809243
882811096
882814099
882811131
882814224
882811135
882814118
882812019
882811206
882809138
882812023
882812056
882811172
882811113
882814240
882812025
882811170
882811242
882811160
882811250
882812093
882812077
882812129
882812060
882812095
882816192
882816025
882812087
882812040
882812079
882812126
882812127
882812136
882812162
882812143
882816142
882812141
882812200
882812154
883001025
882812198
882812180
882812178
882812215
882812216
882812244
882812240
882812067
882812246
882813085
883002146
882812207
882813022
882812220
882813050
883002208
882813123
882813130
883004248
882813143
883005009
883005021
883005001
882813225
882813169
882813104
883004089
882813155
882813207
882814020
883004043
882814031
882813234
882813099
883005027
882814056
882814038
883006086
882814042
882814144
882814032
882814041
882814028
882814165
883007183
882814088
882813084
882814200
882814137
882814222
883012017
882814103
882815050
882814208
883009192
883012142
882815004
882814052
882815009
883012216
882815120
882815055
883012157
882815038
882815070
882814209
882811167
882815165
883012184
882815085
882815233
882816039
882816051
882815192
882815235
882815111
883016245
882815076
882815203
882816054
882816009
882816059
882815135
883104045
882816163
882816089
882816234
882816058
882816102
882816072
882816088
882816223
883001106
882816186
882816240
883001120
883106081
882816242
883001201
883002111
883002071
883003084
883001053
883003097
883003149
882816120
883108234
883003207
883004033
883004027
882814152
883005160
883007123
883006068
883002096
883006234
883110044
883005045
883006194
883007053
883005023
883006006
883006111
883005206
883008131
883008076
883109111
883009079
883112226
883007210
882815228
883010070
883114174
883009169
883009187
883011144
883010129
883011190
883011219
883012007
890607006
883012070
883012079
883012053
883012102
883013167
883014124
890611228
883012161
883014023
883014013
890612120
883014185
883015046
890614118
883015024
890615200
890703114
890615151
890704046
883016105
883003045
883016188
890616051
883101033
890707067
883101247
890804133
883016152
890709027
883102192
883103235
883016224
890712084
883015082
890804159
883105013
883016140
883105081
890709196
883007141
883104037
890716119
883007128
890813099
883102211
883104250
883104007
883104012
890812141
890815023
883106082
890805027
883009124
890912093
883106205
890909136
890903046
883105023
883105127
890713219
890809157
883107126
883105212
891101014
883107063
883107188
883108047
890913003
883106148
883108237
891103053
891105121
891101247
883107109
890906107
891105009
883108096
891105081
891104250
891104007
883108059
883109001
891104037
891105127
883106094
891105212
883109008
891106148
891106081
883109086
891106205
891107063
891107109
883111046
891103235
883111228
883110128
883109136
883109045
891108208
883013162
891110139
891109101
883112032
883112103
891109008
891109136
883112135
891108234
891108118
891111241
883112154
891112135
883113115
883112119
891112226
883114040
891108096
883112246
891115008
891109001
883114076
891113146
883114077
891112119
883113139
891112241
891108058
891112114
891116164
883114049
891116011
891114188
883114031
883114188
883114197
891116232
883114106
891114031
891116031
883104034
883114129
891203052
891204161
883116011
883114201
891208075
883116164
883116031
891209175
891114106
891207015
891203220
883106073
883114242
890914008
883116246
891211036
883115008
891214139
890602219
891216243
891307042
891310246
891303023
890610031
890605126
890608242
891305048
891313144
891309241
890612091
891316056
891311059
890612129
890616036
890707142
883108208
891314224
890702091
883109055
891408189
891415036
891408200
891408092
890702202
891415077
891408080
890710104
890716037
891415057
891316014
891304155
891316053
890801149
890704055
891415111
890807061
891415122
891415189
891415094
891415199
891503200
891505056
891503188
890901247
890813237
891415233
891508155
891507054
890807064
891511183
890709150
891508023
890909196
890814184
891515092
891113139
890914205
891601059
890906072
891516137
890916041
891614172
891101033
891104012
890907230
891611200
891101087
891606098
891103127
891103215
890904014
891613075
891616236
891106073
891104034
891614116
891801118
891107188
891602084
891801025
891105013
891801138
891802056
890607095
891609218
891106082
891209124
891802074
891108237
891114077
891801207
891115045
890609152
891114049
891109045
891112154
891202074
891109111
891114173
891116210
891802241
891802176
891114242
891802106
891801125
891115134
891208049
891114201
891803153
891111158
891304142
891203158
891803004
891803048
891803165
891208060
891214145
891802242
891803190
891803187
891201149
891803111
891307116
891803025
891308214
891803158
891214196
891307097
891305134
891803200
891803191
891310136
891804066
891804026
891804139
891312061
891804046
891804009
891804174
891302138
891804059
891316113
891315034
891803244
891313099
891804157
891408045
891303030
891408166
891312178
891316211
891805132
891805109
891408029
891205170
891315163
891408178
891805138
891408181
891415081
891805110
891805184
891415113
891408198
891415149
891415072
891415101
891415137
891806004
891806095
891805175
891505012
891806106
891502085
891505023
891806152
891805229
891806026
891415002
891805111
891516250
891415162
891806039
891511097
891502240
891415176
891514185
891806112
891806185
891604137
891805096
891805094
891612091
891807021
891607210
891806245
891611064
891607153
891807098
891801154
891807069
891516211
891801198
891807235
891807131
891801133
891807191
891807027
891807249
891616152
891802057
891808215
891801108
891801186
891807067
891802100
891807146
891802148
891801152
891801224
891808063
891802019
890604120
891801206
883115134
891808219
891808037
891803174
891802218
891807181
891809192
891802228
891809017
891809040
891809232
891809067
891803159
891808235
891803241
891803203
891803045
891803114
891803061
891809039
891809210
891802150
891804001
891803207
891810103
891811248
891810086
891811096
891804033
891804123
891804050
891811076
891809077
891811002
891804037
891811113
891805064
891811167
891804128
891804144
891811160
891811181
891811059
891805025
891805106
891812056
891805030
891812095
891805027
891812161
891805213
891812087
891812162
891806053
891812193
891805131
891812019
891805204
891803163
891113115
891806011
891812089
891812198
891805083
891806124
891813019
891806229
891802063
891812136
891812125
891806027
891812180
891806133
891806221
891807114
891807112
891812216
891813050
891807040
891813073
891806076
891812178
891813143
891807171
891807097
891812169
891806113
891812220
891807145
891808028
891813084
891807004
891813099
891813155
891807202
891806239
891808055
891808062
891808120
891806035
891814222
891814084
891807192
891814088
891813225
891807210
891813169
891809023
891814240
891813130
891815009
891808049
891814052
891809206
891809138
891808233
891808158
891303165
891809002
891814152
891810091
891815055
891810190
891814137
891808234
891809243
891814212
891815231
891809148
891811106
891815233
891815041
891811044
891815050
891810149
891815165
891811038
891811135
891811047
891816009
891815070
891816058
891815120
891809199
891811250
891816019
891811131
891812067
891816059
891812023
891815076
891816192
891812093
891812207
891812154
891812048
891811172
891816142
891910115
891811206
891910114
891812012
891812129
891816163
891902160
891816025
891812244
891911205
891816039
891812200
891816072
891816240
891914222
891813104
891811170
891905197
891904042
891913045
891812084
891813022
891814041
891813207
891813078
892003012
891814028
891814118
892003032
892003023
891814103
891911241
891814099
892003114
891912097
891812126
891912194
891913248
891815004
891814144
891814031
891815003
891916016
892003171
892003127
892003005
891814042
891814056
892005178
891814200
891813234
892003113
892003172
892005124
891815111
891815135
892004099
891815122
892003218
891815203
891815038
892004110
891815085
892003124
891815159
892005244
892006065
892004173
891815235
892005203
892007111
891816088
891816197
892005167
892004059
892006076
891815183
892005189
891815228
892005235
891902180
892006005
892008178
892008028
891816051
892008172
892009001
892008078
891816242
891902085
892009178
892007145
891812141
892008050
892009192
891905034
892007197
892008242
891913060
892010005
891905165
891816162
892010083
892008116
891816234
892009162
891910149
891816186
892010200
892009214
892009102
892010215
892003164
891915186
892011039
892013111
891915117
891910049
892011177
892013230
892010060
892015135
892003146
891816089
891913043
892011131
892013029
892011094
892013160
892004008
892003165
891916013
892016014
892011205
892003195
892005144
892016072
892013214
892004096
892013155
892004039
892005069
892016117
892007188
892016135
892003228
892013233
892015101
892016102
892006074
892107109
892016146
892005162
892006148
892006155
892106195
892101153
892015165
892007078
892009186
892008230
892009031
892006037
892109109
892011084
892007166
892007198
892114160
891814020
892009215
892009164
892008168
892111103
892116163
892008061
892113076
892206124
892011144
892015149
892011149
892206053
892011166
892201218
892101216
892101169
892303135
892015121
892211209
892015091
892214053
892216051
892201175
892015206
892103053
892303195
892101196
892112036
892303165
892303070
892212180
892215198
892207127
892303051
892108246
892303154
892102111
892113151
892304080
892303208
892013112
892303216
892204181
892304044
892304029
892212131
892304123
892016049
892013126
892303220
892205178
892304184
892209215
892306008
892213177
892303164
892304110
892205069
892209184
892304137
892304098
892213192
892306080
892303144
892306100
892303200
892303197
892306088
892306038
892306037
892304174
892304089
892306059
892304124
892306072
892216129
892306118
892304169
892306171
892304245
892304052
892207243
892306186
892304153
892215178
892306202
892306181
892306197
892308013
892306235
892304025
892306145
892306155
892306238
892308030
892308076
892308012
892308057
892308080
892306108
892306054
892308096
892306176
892015040
892308034
892308186
892308014
892308228
892308160
892308219
892308152
892308173
892308053
892308230
892308198
892214239
892308215
892308234
892309073
892308213
892309011
892308202
892309046
892308087
892309049
892309116
892308237
892309155
892309160
892309064
892309198
892309050
892309055
892309040
892309077
892309021
892309023
892304007
892315038
892309133
892309136
892309089
892309206
892309152
892309138
892309202
892315073
892309035
892315200
892309180
892304232
892309157
892309200
892309190
892315027
892315111
892315114
892315117
892315107
892309184
892315144
892315177
892303057
892315105
892315170
892308024
892309212
892315120
892407173
892403033
892315221
892315023
892409008
892315137
892403144
892315188
892409049
892308029
892407240
892410189
892404008
892403173
892409009
892403178
892413233
892410065
892315192
892414107
892414183
892413075
892415085
892502236
892308081
892504014
892414169
892415080
892415155
892502247
892414090
892414216
892504119
892415052
892504140
892405184
892509157
892512043
892503180
892415144
892507135
892511064
892505042
892613007
892508072
892509214
892616072
892507233
892508217
892509028
892503234
892512125
892704024
892605194
892512171
892713050
892605215
892604090
892607116
892702230
892708017
892704250
892706168
892609077
892704062
892608086
892705162
892612123
892713119
892706026
892710075
892714131
892802038
892508092
892815064
892810242
892903037
892903015
892813121
892805060
892713092
892704046
892903030
892712083
892903138
892702220
892616203
892810103
892903185
892609190
892903112
892903049
892903207
892903170
892707181
892812198
892903172
892903197
892904053
892903173
892903159
892903214
892903048
892903101
892904029
892903011
892903180
892904139
892903231
892904234
892904119
892904014
892905049
892903212
892904159
892903047
892903157
892904082
892905047
892904073
892904157
892904162
892904065
892904120
892904077
892904188
892904107
892904233
892904172
892904081
892905120
892905074
892906008
892905123
892904099
892906047
892906193
892714058
892906192
892905126
892906063
892906178
892906055
892906123
892905132
892906037
892906234
892908109
892905105
892906206
892905083
892905198
892908013
892908194
892908187
892905185
892908023
892414010
892908234
892909015
892908245
892909026
892905158
892909199
892910039
892905159
892908014
892908010
892910242
892909215
892905203
892906041
892908048
892909157
892905173
892906043
892906072
892911003
892906099
892908115
892906214
892906118
892909243
892905170
892906221
892905129
892910144
892910086
892911014
892906228
892911006
892908111
892906126
892909128
892906224
892906069
892911096
892911011
892911184
892906032
892909002
892908215
892908228
892911200
892908199
892908171
892908119
892914128
892908028
892911157
892909033
892909044
892910020
892909045
892911169
892909058
892909012
892909051
892911016
892915100
892915149
892911229
892914115
893002206
892909031
892908179
892909035
892911090
892909067
893005211
892909124
892915118
892909178
892909138
892915042
892915024
892909218
893016189
892909083
892915099
893013248
892915194
892909227
892910068
893107140
893007161
893105127
892909180
892910016
893107027
893113017
892910219
893013207
892909167
892910156
892910232
892910249
892910200
893115158
892910105
892910216
893204062
892911097
892911163
892910090
893202065
893201201
892911008
892911174
893201197
892909143
893201007
892911084
892911089
892910022
893206052
893209033
892911124
892911058
892914037
892911116
892911248
893109002
892914107
892911239
892914108
892914013
893214119
892910222
893209081
892914229
893211163
892910244
893214137
893213136
893215079
893214247
892915039
892915009
892915049
893215070
892914077
892915044
892908012
893215078
893214191
892914198
893216196
892915064
892915074
892915055
893216221
892915135
892915004
893216075
892915150
892915138
893303006
892915043
892915185
893301248
893215122
892915059
893307015
892915240
893003201
893216211
893003248
893308042
893309043
893008214
893001239
893316042
893312102
893003176
893311061
893011195
893502028
893010170
893305036
893007185
893008111
893305055
893405174
893013036
893010020
893006014
893510205
893009007
893004176
893509040
893104184
893113148
893102091
893201167
893016179
893104123
893109035
893007213
893112026
893201172
893203108
893606238
893107197
893204012
893204137
893202168
893205038
893212042
893712082
893205105
893204006
892914095
893207082
893703231
893205100
893201103
893204051
893713111
893211044
893213166
893809012
893209122
893207092
893211114
893205104
893214096
893209184
893216174
893215093
893214104
893206012
893215039
893208014
893304053
893305092
893306194
893308191
893305029
893604156
893305217
893306245
893215062
893313037
893312037
893402130
894211027
894209147
893201104
893316152
893315215
893404174
893408232
893411084
894204052
893404167
893415178
893407042
893513198
893406143
893414236
893415220
893502123
893603010
893411177
893503089
893603076
893601009
893511039
893603013
894303099
893603042
893604176
893515104
893606250
894304233
893604140
893505225
893605034
894401074
894411039
893611181
893609194
893612019
893615117
893613130
893615023
893610189
893608045
893611157
893613059
893615057
893616026
893615079
893701025
893616014
894412200
893614106
893616077
893604164
893613248
893701121
894505013
893804023
894505127
894504012
893804066
893809135
893712138
894506073
894506081
893708075
894504037
893803111
893712241
893808090
894506148
893803245
894013111
894506225
893805077
894012010
893804134
893814201
894507188
894507063
893703058
893812075
894107059
894106027
894102142
894012241
894509045
894508096
893216248
894104250
894104051
894114135
894509111
894111045
894012069
893301011
894512226
894109054
894113211
894510128
894512241
894511118
894012138
894511073
894201089
894509086
894204120
894509001
894512135
894116249
894202205
894209174
894216133
894212207
894212030
894204176
894214185
894216174
894215206
894214031
894211059
894203182
894216012
894301198
894201138
894301007
894602057
894306199
894304047
894303181
894302090
894314071
894301136
894313080
894302045
894313129
894307043
894315057
894314088
894313161
894603045
894402193
894304082
894312164
894412168
894602176
894413016
894404159
894501247
894315025
894411184
894416225
894404163
894504034
894415023
894504045
894604066
894503183
894508208
894307066
894507109
894501087
894506094
894503235
894505212
894510197
894509008
894505081
894512114
894510043
894508237
894509136
894508234
894511074
894513115
894514076
894512119
894514049
894514242
894514129
894514188
894513139
894516031
894509055
894516011
894514077
894514031
894606076
894512154
894606124
894516246
894514201
894514106
894601078
894515045
894515008
894516164
894606229
894601133
894601118
894515134
894601207
894601125
894601181
894602019
894601138
894607227
894601224
894601154
894601186
894602063
894601152
894603004
894603014
894607249
894607112
894603048
894602106
894603158
894602148
894602056
894603163
894315149
894602074
894603165
894608233
894603159
894608234
894603207
894603114
894603200
894603190
894605111
894603025
894603174
894604026
894603241
894603203
894602218
894604037
894604139
894604050
894604123
894604059
894603191
894604033
894604009
894605027
894605025
894604128
894604174
894604144
894611038
894605106
894605083
894603244
894605160
894605110
894605064
894605132
894605096
894605173
894606004
894605109
894605134
894611250
894611170
894605094
894605184
894606027
894606053
894605204
894606039
894605213
894606221
894606095
894612136
894606185
894605175
894606113
894606035
894607049
894606133
894607027
894606011
894607004
894606245
894607069
894607097
894607145
894607067
894607131
894607114
894607192
894613126
894607172
894607146
894607191
894607181
894608062
894607210
894607235
894612200
894603187
894607224
894608049
894609040
894609002
894614041
894608063
894608219
894608120
894608037
894609148
894609138
894609055
894609067
894609023
894608028
894609192
894614165
894609210
894609232
894610151
894609243
894608215
894610003
894615003
894609184
894614084
894608158
894610149
894610146
894611044
894610190
894609199
894611047
894611096
894611061
894611106
894614240
894611059
894611076
894611113
894612012
894611167
894611135
894610086
894611160
894616025
894606239
894612019
894612023
894612053
894612084
894612048
894612060
894611248
894612095
894611131
894612093
894612087
894612067
894611181
894615228
894612089
894612056
894612126
894612129
894612162
894612154
894612141
894612244
894612180
894612198
894612125
894613084
894612169
894612178
894612216
894712102
894613019
894613085
894613022
894613143
894613050
894613078
894713037
894612161
894612127
894613099
894613104
894613225
894613207
897901126
894613234
894614028
894613130
894614042
894614099
894613155
894614011
894614031
894614200
894614103
894614056
894614052
894613169
894614118
897914016
894615050
894614088
897907243
898001138
894614119
894614222
894614144
898002056
894615038
898001118
894615041
894615004
894615076
894615135
898002100
894615111
894615055
894615165
898003048
894615231
898003004
894615183
898002057
898003045
894615225
894615192
898003114
894616051
894615203
898002218
894615233
898003061
894616019
894615235
894615122
894616039
898003131
894616102
898003244
898003158
898003142
894616033
894616009
894615085
898003207
898003165
894616072
894616059
898003025
898003210
894616120
894616162
894616142
894615070
898003203
898004059
894616240
894616058
898004045
894616186
894705036
898004076
894616242
898004026
898004050
894703006
894701240
898005109
894705217
894705092
894707015
898005083
894706245
898005134
894708191
898005030
894616089
894701011
898005096
898004139
894706194
898005160
894712037
894616192
898005175
898004179
897903114
894711061
897902152
898005106
898006076
898006011
894714088
897904137
897904233
894714197
898006113
897901186
894715215
898006221
897908227
897910103
894616163
897905057
898006145
897910231
897911060
897904041
898001133
897912165
897907090
898001025
898007114
898006246
898007097
897909162
898007040
898007069
897914101
898001125
898001192
898007067
898007131
897913091
898002019
897916156
898002106
898007181
898007210
898001152
898007171
898003111
898001154
898001108
898001186
898007112
898002239
898007224
898003024
898007191
898001181
898003191
898003163
898003014
898008158
898003047
898003174
898009023
898008086
898008120
898003190
898008234
898002223
898009040
898004001
898008233
898009148
898008049
898003200
898003153
898004009
898004033
898009243
898003218
898010146
898003223
898010155
898010081
898003232
898009067
898004128
898010212
898010103
898005001
898011047
898004046
898010012
898004123
898004066
898009199
898005110
898005064
898011131
898011113
898005094
898011167
898004144
898005087
898012019
898010201
898012023
898003241
898005173
898011106
898011038
898005132
898011160
898011206
898005131
898011076
898006004
898005184
898012056
898005025
898011250
898003159
898005213
898012095
898004037
898006095
898006035
898005229
898012162
898005152
898006039
898006239
898006053
898006152
898006229
898012012
898012136
898006106
898006245
898012178
898006185
898012141
898013022
898007021
898007027
898006112
898007004
898012084
898013123
898013085
898013019
898013050
898007107
898007146
898012200
898013225
898007145
898007202
898013143
898006133
898013155
898007249
898007235
898014084
898014041
898007172
898013234
898008063
898015006
898008028
898007192
898008169
898014088
898008062
898012126
898014152
898010050
898015055
898010082
898015004
898015050
898010091
898009192
898008219
898008037
898015003
898015085
898009232
898015038
898011096
898015070
898009002
898010231
898010149
898010003
898010197
898016019
898009184
898015225
898014200
898016051
898016058
898015165
898016120
898011002
898009210
898011181
898011150
898016234
898012067
898016059
898015228
898011248
898016162
898011061
898012093
898101014
898102025
898102108
898101072
898010249
898101143
898012087
898011170
898012048
898102165
898101230
898011172
898102079
898103004
898012169
898012129
898012089
898102142
898101215
898010157
898101237
898012127
898016089
898102214
898103010
898012207
898012154
898016009
898012198
898102153
898103073
898012244
898102102
898012216
898012180
898013130
898103203
898103005
898103175
898013078
898006027
898103149
898103156
898013084
898013169
898104130
898103205
898013104
898103225
898104024
898014053
898014042
898014052
898014056
898104054
898013207
898102230
898014031
898014240
898014103
898104175
898014212
898014118
898104250
898105061
898015076
898014099
898015033
898013099
898105161
898106024
898015041
898015122
898105078
898015111
898105200
898015135
898106046
898016025
898015203
898105228
898015235
898016039
898106055
898016072
898015183
898016054
898106178
898016102
898016240
898015233
898106195
898106088
898107024
898016242
898107109
898016142
898107069
898101002
898107199
898016224
898107192
898016163
898107231
898107059
898016092
898106133
898101138
898101007
898016186
898107099
898101136
898101089
898101015
898108169
898107183
898101203
898011059
898108057
898108186
898101119
898101233
898004157
898101198
898101245
898102233
898108151
898108111
898101219
898102040
898108179
898102150
898102168
898102030
898101220
898109194
898102171
898109052
898110045
898103163
898110059
898103047
898103009
898108245
898103052
898109141
898103186
898103048
898103200
898103181
898103083
898103003
898111002
898104012
898104017
898110162
898103170
898104053
898110065
898110103
898110201
898103066
898110202
898111131
898104161
898105046
898105050
898110170
898110219
898104239
898014011
898112007
898105045
898105160
898105178
898104096
898111164
898105048
898111169
898105158
898104134
898105223
898113042
898112091
898105191
898112248
898105243
898113144
898106051
898106080
898106054
898112119
898106012
898112115
898106098
898106127
898104137
898106139
898104020
898114168
898113073
898105204
898107035
898106094
898106190
898106009
898106237
898114237
898114012
898106112
898114044
898107169
898106149
898107186
898114029
898114189
898108022
898107070
898107007
898107233
898116149
898108041
898115057
898115091
898108167
898116127
898108160
898115012
898108037
898111183
898107038
898116031
898108171
898205036
898108014
898116014
898108046
898108087
898109065
898116236
898109091
898108047
898201240
898108219
898116250
898109014
898109163
898204137
898301010
898210110
898108242
898205217
898208191
898107064
898205092
898110020
898205029
898301047
898108198
898109027
898110063
898109184
898215215
898301130
898116239
898301114
898110064
898110080
898212102
898208042
898301210
898111038
898301016
898110068
898301138
898109233
898111031
898301172
898109220
898302250
898301245
898111014
898111178
898302016
898302212
898302131
898112009
898111219
898110129
898111089
898111248
898303039
898112053
898112013
898112098
898303177
898111162
898112203
898304053
898112179
898110082
898112181
898301201
898304017
898304027
898303250
898113037
898304005
898113174
898114128
898113076
898113242
898113126
898114032
898114028
898113213
898113190
898305015
898304091
898115059
898304070
898304187
898115187
898114210
898115233
898305082
898304066
898305040
898304137
898305072
898114069
898114149
898305145
898115040
898116101
898116089
898116039
898305071
898115206
898116059
898305108
898116234
898305172
898305045
898116108
898116242
898116120
898206245
898305170
898116131
898306100
898116054
898305198
898305042
898211061
898203006
898306029
898201248
898306170
898210215
898305229
898306205
898306192
898305208
898306053
898208096
898306207
898306213
898301061
898301074
898209043
898213037
898306107
898301009
898204053
898306179
898301080
898205055
898307083
898301042
898307027
898301065
898307166
898307131
898307194
898301232
898301203
898307185
898307067
898301122
898301092
898307073
898306035
898307133
898301177
898307230
898307198
898301234
898301174
898307159
898307188
898302050
898308057
898302020
898308116
898301129
898301240
898307195
898302057
898307080
898302135
898308200
898301239
898308028
898308014
898303090
898303012
898302040
898303220
898302211
898308080
898110206
898303151
898302189
898303157
898309012
898303165
898302168
898309033
898309027
898302056
898309050
898309111
898302207
898308216
898303226
898304172
898309113
898310012
898303240
898303241
898304144
898304104
898309244
898303242
898309122
898304001
898304090
898304023
898305076
898305123
898305009
898304035
898310047
898305129
898309151
898310224
898309177
898305180
898310074
898310219
898310148
898309211
898305226
898305166
898306013
898310180
898305030
898311019
898115193
898305216
898311125
898310225
898306088
898306063
898312084
898305014
898305169
898306041
898306118
898306062
898311208
898312129
898310080
898307097
898307060
898307100
898306250
898307066
898312160
898307173
898306032
898307237
898313006
898311065
898306173
898307111
898306133
898307024
898313003
898307132
898307082
898305207
898310249
898308190
898308214
898308022
898308012
898308125
898308172
898307248
898308230
898313162
898308224
898309035
898308199
898309005
898308059
898307228
898308236
898309031
898309058
898309129
898309120
898314027
898309149
898309075
898314105
898309133
898309023
898310089
898309233
898309242
898309198
898314165
898309187
898310055
898311006
898309207
898310145
898310154
898311170
898310072
898310105
898311237
898309006
898311084
898311091
898312027
898312058
898311116
898311246
898311183
898312091
898312021
898312034
898311167
898312043
898312095
898312092
898312097
898312069
898312087
898312117
898312020
898312073
898314205
898312125
898312184
898315035
898313027
898312215
898312126
898313019
898313050
898313021
898316030
898313048
898315239
898313020
898312136
898313060
898313018
898313100
898908236
898313070
898313136
898313055
898312200
898908155
898313132
898913079
898312241
898313125
898313155
898313164
898307243
898313167
898313174
898313149
898313207
898313205
898313214
899115092
898313223
898313248
899114001
898313173
898314031
898313243
899203145
898314009
899113146
898313215
898314039
898314073
898314108
898314076
898314095
898314044
898314151
898314167
898314123
898313038
899301167
898314200
898315011
898314231
898314201
899301243
898314117
899301210
898314051
898314204
898314177
898315034
898315042
898314212
898315050
898315043
898315093
898315040
898315097
898315085
899302074
898315149
898315203
898315107
898315113
898315120
898316077
898315238
899302140
899302214
898316101
898316047
898315135
898316140
898316010
898316110
898316031
898316183
898316241
899303063
898316235
898316122
898316054
898316203
898316144
898316196
898316244
898910232
898907109
898313075
898912158
898910052
898316247
898906054
898915077
899001167
898316250
899001052
899004123
899005204
899006193
899304032
899015135
899103047
899015115
898313139
899106234
899103207
899113202
899005134
898313138
899113058
899013007
898913095
899205174
899207077
899206093
899106240
899202233
899115194
899211047
899301010
899305069
899113140
899301125
899301046
899301016
899301074
899301052
899304159
899301072
899301149
899305175
899301103
899301172
899305088
899306185
899306090
899305161
899306225
899302045
899301130
899302051
899302054
899302072
899306120
899301193
899302084
899302056
899302096
899301092
899307171
899302135
899302123
899302138
899301173
899302116
899302189
899302178
899302064
899302130
899302153
899303004
899303050
899302236
899303047
899306035
899303007
899307216
899302219
899308111
899303053
899303052
899308020
899303073
899303109
899303138
899303096
899309204
899303092
899303218
899303200
899303197
899303112
899303140
899304008
899303164
899303241
899303186
899303176
899304102
899304090
899310031
899304122
899309214
899304100
899304167
899303240
899304137
899304128
899304047
899311131
899311020
899304177
899304124
899305019
899305014
899304250
899305036
899305032
899305116
899305042
899305110
899305120
899305075
899305207
899306031
899301231
899305249
899305200
899305246
899307015
899306133
899306197
899306111
899313167
899306238
899302019
899307098
899307021
899307093
899307001
899307025
899307065
899307108
899307117
899307119
899307100
899314174
899307169
899314096
899307181
899307116
899307210
899307188
899307161
899307208
899314198
899307197
899307198
899302202
899307234
899308155
899307223
899307237
899314231
899307241
899308232
899308031
899308041
899308060
899309050
899308245
899308162
899302206
899309201
899308181
899308233
899309215
899309137
899309152
899309009
899309163
899316026
899310019
899310036
899311037
899310156
899309183
899311167
899309226
901005200
899310186
899311174
901004159
899311214
901004232
899311160
901005086
901003089
901006021
899310080
899312096
899310151
899311176
901005244
899312007
899312095
899312036
899312042
899311184
899312200
899311177
899311225
899312112
899313021
899312135
899312197
899311044
899305024
899312166
899312097
899315058
901112021
899312093
899313038
901116031
899313211
899313112
899313022
899314028
899314046
901306107
899313127
899313073
899314058
899313217
899314020
901304165
901306227
899312236
899313119
899314193
899314070
899313092
899314086
899314169
901304245
899314227
899314103
899314232
899314085
899314229
901315169
899314128
899315006
899314241
901409081
899314201
899314107
901415004
899315073
901409180
899315042
899315062
899315145
899315029
899314192
901411232
899315213
899315189
901407067
899315240
899315216
899316036
899315113
901003216
899314250
899316031
901513036
901005117
899316188
899316152
901509049
899315170
899316172
901002071
901008171
901010120
901007126
901008048
901601248
899315078
899316111
901612012
901608020
901006198
899316250
901013115
901014148
901013049
901705215
901102077
901016154
901012091
901102019
901105181
901103002
901102242
901002030
901107195
901109218
901103202
901107134
901107045
901115196
901108117
901115002
901113159
901115113
901802163
901109180
901811196
901304010
901306155
901113136
901309028
901109206
901903052
901306250
901015034
901116164
901313237
901311181
901303207
901315158
901812218
901315057
901312171
901312216
901305161
901313060
901903054
901309044
901315189
901409026
901313075
901805163
901405114
901308080
901407245
901415036
901416012
901409157
901412086
901405099
901409124
901316109
901803013
901407093
901415045
901316065
901509021
901513076
901416061
902107047
901603049
902101203
901602165
902105195
901602016
902106139
901513240
901604172
902107179
901511177
901511127
902015051
901603118
901602135
902109026
901606081
901511016
901612246
901613147
901613223
901606029
901605006
901612147
902111239
902114228
901702232
901707107
902116153
901703229
902111080
902116179
901703175
901708031
901701247
902208053
901702163
902116049
901714107
902109160
901803103
902112070
901802150
901711192
901805026
902110137
901803005
902210031
902216010
901709035
901805193
901809005
901809128
901801143
901806052
901809115
901812047
901813057
902301203
902203164
902211081
901807060
901814148
902302250
901813179
901903188
901809041
901810005
902308120
901803002
902310224
901810018
901813216
901805123
901815216
902311072
902309100
902302233
901814229
901713219
902306028
902001138
902401207
902002057
902214185
901915099
901908160
902314115
902003037
902408045
902012141
902313207
901908189
902315046
902313067
902009134
902310049
902007043
902315122
902007235
902310081
902402078
901904012
902015122
901908026
902002065
902005249
902403083
902009163
902015107
902009161
901913022
902410146
902410202
902503156
902413029
902502084
902103156
902407072
902104052
902108133
902010110
902416028
902107111
902103229
902015130
902514228
902109149
902509026
902509160
902109049
902110156
902103036
902010017
902508152
902104059
902109135
902511080
902111024
902516049
902601085
902607047
902114174
902201085
902112024
902608069
902507111
902207179
902709199
902516060
902115028
902207047
902116098
902708081
902208212
902206135
902208240
902207156
902614073
902208069
902713199
902410148
902608240
902707016
902801069
902807045
902302224
902802099
902305181
902216219
902802101
902302171
902809051
902116070
902808232
902308094
902214073
902812127
902810199
902808088
902203011
902312086
902212106
902407225
902407069
902814085
902213196
902408158
902816060
902905120
902412229
902907163
902302214
902906046
902307203
902315097
902901249
902901147
902811200
902313022
902908158
902507179
902508023
902804090
902915025
902912166
902612147
902509086
903002038
902603164
902501203
902511239
902603011
902515028
902703172
903002005
902412069
902516070
903004084
902503093
902915091
902607156
903005001
902607179
903013144
902716164
902704038
903005029
902706173
903013145
902915011
903006081
902707228
902608212
903008096
902509149
902704130
902803023
903114236
902804062
902611081
902713006
902803048
902814118
902807142
902707144
902613196
902807188
903007099
903110206
902909135
902903215
903102042
903011241
903016110
906402202
906412179
902915077
903005204
906411208
902908228
902915111
906510228
906408173
902808013
902904177
906603016
903107042
906503228
902916040
902908081
906505057
906604161
902805077
902916089
902911006
906615149
903001015
902911208
906603025
903003116
906701027
906609017
903003205
902916092
903003125
903008103
906602020
903004142
906616078
903009138
903005126
903003156
906705162
906716053
902511024
903005034
906716109
906709018
906411061
906801126
903013028
903016154
903016010
906709148
906605019
906801053
906405109
906710063
903010045
906412121
906407024
903102129
906804137
906803188
906515239
906803142
906701163
906604082
906603241
906804240
906802057
906615155
906805105
906805242
906805108
906807217
906808053
906703083
906803111
906707249
906705018
906705235
906703061
906805021
906808245
906710039
906707237
906709044
906716111
906813228
906805173
906811131
906809177
906813103
906712012
906812086
906812178
906811014
906801034
906711001
906815230
906801218
906712091
906814006
906803154
906816174
906904166
906814192
906716239
906903050
906804248
906814056
906903190
906803050
906906199
906807146
906904172
906906107
906901175
906805161
906804172
906907123
906909040
906908245
906806038
906806021
906805216
906808152
906903249
906802117
906906229
907013198
906811219
906914222
906812019
906809088
906914011
906810138
906909147
906901069
906811064
906911014
907102019
906813008
907015002
906911228
907112047
906816239
906807112
906815104
906911003
907104175
906815009
906815085
906902202
906808030
907115122
907104178
907112009
907109068
906901129
907207007
906816243
907106055
906906011
907204105
907211165
906913139
907209196
907208189
907208042
906911064
907203011
906902057
907205124
906908053
907213050
906814128
906907217
907207045
906908111
906914056
907304148
907215039
907004114
906910074
906915230
907505232
907213089
907512085
907509171
907209050
906914010
906915070
907308087
906402096
907215167
906916156
907102246
908101137
907015189
907601069
907008235
907014160
907510018
907013191
908101136
908104090
907103233
908103013
907106169
908103152
902903056
908104250
906915234
907115135
907113239
908107064
908107099
908107223
907105047
907114009
908103111
908103114
908108020
908108162
908109182
908106023
908113061
907204081
907202108
908113158
907202193
908113112
908108094
907202145
907615208
907108194
908108232
907007087
907206104
907205014
908203191
908201155
908204091
908201225
907206048
908202205
907207012
908115085
908203145
908202233
907208160
908208110
907208208
907209035
908206214
908203138
907209113
908206059
907207082
907106222
907212198
908201015
908206234
907210107
908210182
908208155
907212123
907216240
908803242
908208181
907208162
908810167
908210212
908815058
907215072
907215105
908215091
907309233
907308222
907306032
907304165
907301098
907303042
907504171
908215221
908914019
907510232
907310033
908913055
907510137
908914076
908909165
907314145
908914250
907514104
909003171
908912207
907613038
907506156
906813002
908101043
909003089
908101025
908909032
908103241
909002026
909003178
907316153
908103109
909002123
909103191
909005162
909011087
909113049
908108031
906916061
908105037
908107091
909008042
909103046
909115044
908108234
908109147
908104032
908104128
909111186
908109040
909114200
908109160
910502171
910504054
910505213
908108150
909110221
910505019
909008122
908203095
910506241
907601145
908109165
908203083
908106245
908202150
908206053
910508115
908204090
910506065
908113239
910506004
908201043
908204080
908203170
908115216
908204100
908206088
910511248
908206159
908216199
908210059
908214234
910516058
908215093
908215002
908206195
908808222
908216221
908810245
908804080
908804135
910604054
910515154
910602189
908804173
910515028
908203121
908813055
908204144
910608214
910513139
910612026
908904173
910702140
908908222
908814019
910613099
908814246
908812207
910606051
908911023
908815011
908210228
910610246
908914246
908902204
910702165
910614135
908915011
910703016
910703231
910712012
908903242
909005035
909004084
910606137
909003227
910706247
910703112
910713035
910901186
909013044
909013198
909009027
910902214
910903195
910810186
909008219
909107083
909103229
910802140
910905023
909005182
910908119
909109014
910906199
910904232
910914192
909116058
909110137
907512119
909109219
910504091
910503225
909110108
909111056
911002069
909115185
910911131
910910162
910906173
910905118
910505096
911002214
910914011
910502070
910506032
911004172
910907097
910510175
910508192
910506006
911008119
911003241
910508219
910512093
911011019
910511053
911008036
911005023
910511186
910505108
910513147
910512180
909016040
910504098
911009090
910513049
911011131
911015094
911012127
910604240
911004043
911012093
910515177
911012067
911107165
910513234
911009228
911104155
910607206
910609151
910513207
911014238
910601237
910607127
911115072
910612061
910616224
910715073
911114154
911201025
910511104
910613144
910609241
910614224
911110036
910615163
910808033
910802165
911202067
911201061
910615034
910903033
911202232
910713038
911203231
911203243
910601124
910704142
911203235
911203006
911203207
910903241
910907202
910909121
911201044
911204027
911102245
910515003
911203234
910904114
911111069
910913204
910912127
910903156
911203025
911204008
911204066
911204077
910905126
911204012
911204140
910903048
910911019
910914020
911204082
910907155
910909138
911205058
910914238
911205162
911003156
911205060
910912093
911205047
911207158
911206010
911009121
911205248
910913248
911007202
911207119
911006199
911206163
911005126
911004232
911001186
911206125
911209115
911009138
911209122
911003195
911014011
911007097
911205074
911209090
911206043
911207023
911107146
911210138
911211144
911210204
911209091
911207248
911107117
911005118
911109090
911110130
911115158
911115036
911105241
911013248
911208212
911201169
911212050
911211193
911211162
911212005
911103010
911212178
911203099
911202072
911211044
911212198
911201205
911207161
911213051
911202189
911203228
911214045
911203165
911213021
911116224
911213136
911213202
911213022
911203156
911204039
911213002
911212204
911204051
911203239
911214131
911214046
910516131
911214012
911215074
911204167
911203240
911204132
911204080
911216096
911205092
911216143
911204100
911301124
911215097
911216154
911216211
911205064
911205068
911304123
911204238
911205094
911301236
911205193
911205083
911209244
911205246
911205165
911006173
911205173
911305117
911211115
911206120
911205200
911206169
911308057
911307035
911306159
911305061
911303243
911208111
911308076
911309235
911309090
911207015
911207223
911207226
911208187
911309115
911209165
911308038
911312021
911312061
911305145
911209172
911206024
911312120
911312123
911313132
911209180
911208031
911209198
911311069
911314020
911310005
911206115
911211124
911212130
911401011
911210215
911313211
911203114
911210145
911316051
911316110
911402188
911209183
911401127
911211164
911211229
911211072
911314027
911314066
911211241
911212034
911402082
911212110
911401138
911212123
911315177
911212180
911213017
911212211
911402247
911212106
911213038
911212007
911403072
911402150
911213169
911213089
911215230
911214034
911403022
911403051
911403069
911403116
911213196
911213145
911213120
911403179
911214145
911404050
911213144
911213165
911403037
911213227
911404008
911214091
911214106
911214182
911215216
911403229
911215042
911403045
911216136
911216157
911216054
911215131
911405015
911213228
911404080
911216110
911405099
911303047
911215213
911405071
911303103
911303171
911405061
911405117
911303158
911404167
911405197
911404156
911405036
911303227
911407156
911405129
911308031
911405116
911405236
911405035
911405180
911305172
911308217
911408017
911304041
911403191
911408059
911407126
911304176
911308234
911405136
911408008
911310147
911306075
911405165
911408117
911306157
911408181
911408126
911310246
911310039
911408171
911409174
911409204
911408208
911314134
911313127
911310085
911313146
911414144
911410249
911408121
911409178
911313240
911408110
911313129
911407062
911303166
911315058
911408197
911315206
911405211
911316193
911314168
911415081
911315107
911401007
911410001
911316080
911315135
911401093
911314244
911913083
911409033
911911124
912103006
911903029
911904120
911415003
911401247
912107015
911401132
911402026
911402123
912112102
912108191
911401133
911402245
911403054
912115215
911403093
911401176
911402020
911403099
911212013
912012181
911404033
914010103
911403201
911403170
911404066
911404142
911404091
914101231
911403158
911405007
914014043
914010017
911303005
911404088
911404160
911405206
911403226
914106107
911403212
911405229
911405205
914110055
914113012
911407116
911404238
914113028
911405028
911407046
912105217
911405216
911405086
911407228
911407114
914113142
911407158
911407246
911408021
911408191
914208168
911405164
911407123
914215117
914103089
911408020
911408148
914206152
914211144
914212039
911408190
914214139
914301246
914115235
914208024
911409165
911409136
914302106
911409212
911407161
911409195
911408237
914302028
911410025
911409228
911408122
911414161
911410124
911312039
911415130
911414057
914303096
914303231
911414042
911414104
911410144
914306115
911415012
914305204
914306164
911414187
911415085
911415230
912006145
911414073
914307016
911415120
911911008
914303240
914303116
912105055
912105092
911908203
914309186
912013146
912104137
912109187
911913046
914310232
912105036
911912030
912101240
911415139
914308232
914312122
914308116
914313219
914002123
912106245
914004013
914313050
914308222
914001228
914308133
914007220
914314075
914315118
914008219
912116152
914006177
914001183
914315193
914313060
914007171
914006245
914312200
914015094
914015063
914010156
914314105
937812198
914315117
937814231
914103016
937814198
937816110
937803175
914102159
914314115
937802204
914101160
912111061
938005200
914105038
914108245
914101007
914111061
938502077
938502065
938502166
914104153
914116152
914114227
914206065
914206035
914210132
914107126
914206227
938509188
938515213
914116070
938005091
914209028
938515038
938505124
938506223
914209194
914109006
938507016
911209152
938601145
914215220
938601068
938601041
914216233
914302165
938516051
938601129
914212164
914303012
938602080
914302079
914301245
938602183
938601191
938602064
914304055
914306222
914306225
938602236
938602239
914305249
914307248
938603086
938601087
938603004
914304047
938603037
914307077
938603170
914308050
914305075
914301127
914307210
914309040
938602250
938603232
938604030
914310104
914309097
938603033
938603190
914309153
938604039
914313064
914307224
938603206
938604069
914313015
914314039
914314237
938604106
914309023
914311169
938604192
914313049
914316086
914308214
938604194
914315025
914316189
938604084
914309024
914314250
937801222
938604230
938604156
938606020
937805147
937805086
938605166
938606069
938005239
938605059
938604116
938606043
937801088
938605134
937812035
938504053
938502228
938005189
938005245
938505172
938503220
938005138
938606238
938606095
938606153
938507174
938501031
938607131
938606100
938606189
938504161
938510095
938507059
938606227
938601026
938606164
938511205
938508169
938608063
938607089
938608116
938607192
938608058
938607040
938601066
938510126
938601101
938608135
938607196
938601105
938602148
938601241
938516248
938608204
938608229
938608014
938608234
938602163
938601140
938602164
938602182
938602048
938603016
938609078
938602227
938601010
938603116
938609003
938603076
938609099
938609046
938609057
938602228
938602217
938609028
938609017
938609082
938609044
938609106
938603151
938609181
938603201
938603072
938610127
938603165
938603196
938604041
938603182
938604050
938603097
938604117
938604110
938604012
914301247
938610179
938604119
938604079
938604025
938610225
938611014
938604122
938604076
938605052
938611005
938604068
938604114
938610030
938604141
938611024
938601131
938604174
938611144
938611159
938611121
938605039
938605239
938611096
938606031
938606055
938611097
938605051
938611221
938605086
938611092
938612027
938605159
938612162
938611228
938606032
938612133
938611235
938605168
938612093
938606003
938605173
938606006
938612179
938613029
938606135
938606113
938607083
938606162
938607010
938605235
938607179
938606206
938607011
938613062
938613154
938607093
938606148
938607013
938613156
938613159
938608082
938607241
938612241
938613205
938607119
938607233
938613050
938608012
938613127
938608103
938608117
938608192
938608031
938613187
938614066
938614032
938613165
938608177
938608046
938608128
938608235
938614151
938609084
938609101
938614160
938609001
938613196
938608178
938609071
938609039
938613203
938609241
938615071
938609190
938614100
938615019
938609239
938614237
938615006
938615012
938610182
938615010
938615190
938616018
938610028
938615234
938609145
938616016
938610162
938615112
938615208
938610187
938616003
938615083
938616119
938615158
938610082
938616028
938616031
938610239
938615085
938616117
938616137
938610245
938616098
938609147
938616174
938611063
938616149
938611030
938616189
938616200
938610221
938610244
938702139
938616179
938611115
938616178
938611062
938610042
938701230
938611183
938611090
938611172
938711081
938702138
938802188
938612064
938611209
938611177
938611232
938808097
938611069
938611241
938612101
938612052
938612144
938611226
938612100
938612131
938806124
938711104
938810198
938816138
938612077
938810238
938810161
938612153
938606071
938812074
938809045
938814201
938612161
938816096
938906020
938612203
938815077
938906050
938613001
938906202
938906190
938816134
938613131
938906194
938613035
938613163
938612170
938613060
938908029
938612209
938613110
938909135
938613098
938910035
938612200
938910196
938613169
938909205
938613241
938911001
938911172
938613221
938908162
938910006
938910232
938910095
938615004
938614077
938613247
938614107
938915045
939009021
938613191
938909096
938614113
938915149
938614165
938613232
938615007
938613226
938911210
939009050
939009035
939009127
938615081
938909055
938615139
939009100
939009129
938614079
938615189
938615143
938615062
938615024
939009153
938615094
938615220
939013001
939013016
939009137
938616026
939009219
939013060
938616072
939013062
939009195
938616138
939013126
938616037
938616025
938912241
939013038
938615196
939013061
938616108
938616029
939013222
939013166
939013248
938609088
938616120
939013159
939013144
938704068
938616154
939013148
938616106
939013216
939013068
939201022
939013079
938802035
938616238
939201017
938713037
938802146
939201119
939013246
939201088
939201084
939201027
938802172
938704233
938616245
938701061
938715062
938803008
938811033
939201143
938803135
939202081
938709066
938809101
939201144
939202119
939202115
938904026
938814174
939201231
939201011
938802203
939202188
939202007
938815145
938904128
939202223
939202136
938909089
939202230
939202142
939203039
939202120
939202225
938812066
938909158
938812023
938906140
938906172
938912165
939203049
938906175
938908058
938911009
938906132
938806026
939203096
939202204
938912104
939009055
939009047
939203193
938912130
939203168
939203106
939203152
938911014
939203116
939009078
938911080
939203109
939009209
939009151
939203183
939203164
939203207
939203242
939009156
939204073
939009161
939009033
939009196
939203195
939009245
939202182
939009178
939203197
939204059
939013026
939204029
939203238
939013006
939013163
939013057
939204130
939013010
939204181
939013122
939013164
939013021
939204089
939204154
939009062
939205103
939205070
939013198
939013173
939013229
939013226
939201105
939013187
939201114
939204140
939205132
939205045
939205084
939201129
939201075
939013031
939205006
939013048
939205072
939204162
939205055
939205222
939201209
939201140
939202005
939205138
939201134
939201012
939201239
939201185
939206051
939206017
939201132
939205099
939206038
939202108
939202121
939205216
939205142
939206026
939202064
939205215
939206166
939202107
939206059
939206136
939205245
939202183
939202164
939202137
939206145
939202237
939202117
939202038
939202187
939206220
939207095
939207200
939203093
939202167
939203031
939206104
939203054
939207052
939206245
939209019
939203022
939208151
939203047
939203103
939202162
939202205
939208229
939203090
939203113
939203146
939206175
939203215
939209047
939202241
939203181
939208192
939203194
939209138
939209041
939204102
939209097
939203186
939203226
939209170
939209077
939203187
939209108
939204113
939204112
939204090
939210112
939208223
939209237
939207036
939210028
939204134
939203196
939204233
939209175
939210167
939210182
939204165
939204239
939211097
939210172
939210232
939205008
939204157
939205041
939205004
939205172
939210119
939211062
939211074
939205131
939205165
939205109
939202091
939205171
939205237
939205175
939205224
939206010
939205249
939212048
939206055
939212052
939206050
939204235
939206085
939206071
939212125
939207032
939212067
939205242
939207033
939206151
939207080
939206155
939207026
939207041
939206190
939207064
939211248
939208046
939212147
939207024
939207088
939208096
939208090
939212143
939208158
939207121
939208177
939207190
939207221
939208237
939207205
939208160
939208204
939208244
939208146
939213127
939208190
939208186
939208165
939209002
939213011
939209044
939215025
939209023
939209078
939209127
939209106
939209180
939209043
939209021
939215137
939209046
939209150
939209096
939204055
939209195
939209250
939209146
939209149
939210011
939209225
939211037
939210118
939210175
939210191
939210006
939211072
939209204
939210170
939212045
939209243
939211030
939211154
939211167
939212053
939211046
939211090
939210224
939211172
939211158
939212070
939211162
939212055
939212043
939212138
939212187
939404068
939404157
939212189
939212133
939212127
939212190
939212073
939212239
939212196
939212188
939212135
939213043
939212241
939212149
939212157
939213024
939213068
939404184
939212242
939213016
939213129
939213032
939213003
939213144
939406085
939212210
939213146
939215003
939213213
939213138
939213091
939213223
939213245
939406178
939215054
939215067
939213151
939215072
939215049
939215099
939213122
939215038
939406099
939215088
939406222
939215094
939215132
939215130
939213126
939215098
939215156
939406248
939215162
939215136
939215135
939407040
939215177
939215121
939215168
939304172
939215002
939306039
939301018
939310020
939215199
939307157
939215011
939307011
939312176
939312160
939306118
939315234
939307250
939310124
939215189
939404010
939404017
939404047
939404042
939404044
939313133
939315148
939404069
939408103
939404066
939404073
939311231
939404085
939404129
939404122
939404104
939404246
939404112
939404160
939404081
939401196
939404174
939406042
939406023
939406020
939406025
939406043
939404133
939406073
939406095
939406068
939406048
939406058
939406192
939408218
939406081
939408217
939406117
939406205
939406144
939404153
939406153
939406112
939406169
939408219
939406152
939406217
939406227
939409084
939406239
939409064
939409107
939406196
939406246
939407008
939407011
939406184
939407041
939407025
939407032
939406059
939407049
939407087
939407096
939407062
939407026
939407047
939407103
939410015
939407092
939407122
939407112
939407134
939407150
939407162
939407189
939407166
939407192
939407148
939407244
939410244
939408008
939410203
939407220
939410237
939408013
939408026
939408029
939408031
939408041
939411122
939408012
939408045
939408058
939408032
939408039
939408142
939408155
939408122
939408092
939411229
939408174
939408181
939408172
939408165
939408179
939408164
939408063
939406221
939408193
939408198
939409006
939408189
939406220
939408214
939408194
939408210
939407059
939409002
939409009
939412097
939409019
939408243
939408228
939409035
939409047
939409050
939412036
939409028
939409039
939409017
939409067
939409021
939409100
939409126
939409156
939412227
939407229
939407165
939409117
939409131
939409150
939409163
939409166
939409108
939409023
939409210
939409236
939409178
939409193
939409160
939409170
939409233
939410030
939410083
939410118
939410041
939410228
939411017
939409215
939410239
939410038
939409239
939411035
939410154
939410104
939411005
939410033
939411059
939410234
939411053
939410248
939413246
939411091
939411020
939411121
939414114
939411130
939411143
939411162
939411063
939411118
939411138
939411187
939411128
939411190
939411115
939411205
939411173
939411201
939411186
939411243
939412027
939411247
939411233
939411241
939412034
939411226
939412044
939411242
939412119
939412035
939412057
939412063
939411167
939412138
939412135
939412055
939412066
939412158
939412178
939412025
939412106
939412154
939412118
939412133
939412164
939412200
939412234
939412244
939412233
939412231
939413004
939412235
939412229
939412209
939412243
939413065
939413021
939413076
939412204
939416111
939413067
939416155
939413105
939413033
939413107
939413011
939416117
939416224
939413159
939413192
939413158
939416245
939416240
939413099
939413162
939416108
939413222
939413161
939413226
939413221
939413241
939414020
939413239
939413242
939416211
939506042
939504026
939414057
939414013
939504135
939414036
939506088
939414065
939414029
939414068
939414109
939507008
939414165
939413247
939508033
939507061
939414061
939507070
939414180
939508061
939506114
939414227
939414196
939504115
939415025
939414213
939509212
939508213
939506241
939415050
939510083
939415068
939415062
939509106
939510086
939415061
939414177
939415082
939509078
939415107
939511065
939509175
939415071
939415133
939414230
939511017
939510018
939415103
939415184
939512026
939512151
939415142
939512078
939511237
939512061
939415188
939415193
939415203
939512125
939416004
939415206
939513179
939416041
939415200
939512097
939513003
939415235
939504055
939415035
939514070
939512240
939514088
939416059
939416075
939416058
939513228
939416121
939416074
939414099
939514014
939416025
939507007
939416107
939514135
939416106
939416194
939514133
939416179
939516096
939416148
939416156
939515138
939416153
939515025
939515228
939508028
939514111
939515169
939416202
939504085
939416215
939416235
939416149
939504012
939504045
939516011
939416243
939415079
939701017
939504112
939504228
939516088
939504130
939701003
939613017
939506086
939511242
939616095
939516137
939506096
939504239
939506043
939701044
939506210
939507067
939506027
939507136
939701153
939701089
939701131
939701114
939611061
939506131
939507064
939513016
939508022
939508220
939508056
939702047
939509005
939701172
939509081
939508165
939702076
939701162
939702078
939509040
939702138
939508087
939507122
939702006
939509170
939701214
939509166
939509169
939702091
939702143
939509165
939511003
939509235
939416044
939509103
939510046
939512085
939509244
939702057
939511247
939510218
939702197
939702194
939702162
939511172
939702183
939702215
939702224
939702157
939704077
939512248
939513030
939702238
939512179
939704013
939513032
939512176
939702247
939512047
939704102
939513055
939513083
939513158
939513198
939514042
939705001
939702216
939514015
939704178
939704183
939704176
939513102
939514057
939705011
939514121
939705061
939514166
939514144
939515022
939705125
939514098
939705076
939513081
939705103
939515044
939513079
939705119
939515007
939516058
939515071
939705048
939705118
939705136
939515148
939704123
939705218
939705157
939705206
939705222
939611059
939605196
939701007
939516106
939701018
939706009
939706048
939515064
939615152
939705229
939706031
939701024
939507088
939615061
939706076
939701143
939701037
939706067
939706028
939515100
939701085
939701020
939701066
939706149
939701087
939516122
939701163
939701040
939701115
939706163
939706124
939706234
939701152
939701176
939706104
939706154
939701173
939702051
939701213
939706248
939707020
939701174
939702103
939706237
939706250
939706185
939702059
939701203
939707075
939516191
939702205
939702092
939702140
939702214
939702155
939702243
939702239
939704089
939707144
939704116
939702218
939707052
939707243
939707082
939704085
939707092
939513098
939707230
939704122
939707248
939704181
939707197
939708032
939704094
939707250
939704189
939705008
939708050
939704169
939704026
939707245
939704073
939708049
939708081
939705041
939705055
939704162
939704231
939708090
939705067
939704245
939708078
939705107
939705003
939708155
939708179
939705121
939705139
939704248
939705024
939708145
939705062
939708228
939708247
939708028
939705148
939705089
939705143
939709043
939705138
939709007
939705235
939705165
939705077
939709039
939709072
939705189
939705247
939705078
939706037
939709022
939706078
939709094
939705233
939705212
939709173
939705152
939709116
939705070
939709016
939706075
939705098
939515057
939710030
939706032
939705130
939705250
939706152
939709167
939706121
939706024
939709250
939708197
939710033
939706160
939706107
939706225
939706165
939706164
939710011
939710010
939710066
939706207
939706131
939710001
939707054
939709189
939710085
939707057
939710035
939707135
939707080
939705236
939711042
939707032
939711060
939707064
939710215
939710089
939707079
939708006
939707011
939711061
939711003
939706169
939711246
939708057
939707050
939707220
939707242
939708029
939707234
939711096
939711115
939708157
939711232
939712086
939707185
939711116
939712024
939707073
939707175
939708042
939708166
939713030
939711059
939708135
939708151
939707198
939711241
939712019
939712101
939708226
939712147
939713062
939708187
939713064
939708186
939712183
939709009
939708171
939713037
939708233
939714011
939709084
939708198
939713139
939706214
939714080
939713196
939713070
939714095
939709159
939713244
939714067
939709165
939709198
939709082
939714065
939708218
939714124
939714172
939714197
939708008
939714108
939713191
939714046
939713178
939710005
939709192
939713126
939710096
939710008
939715035
939715009
939709188
939709001
939714205
939710151
939710141
939709160
939709146
939709119
939710154
939710238
939711118
939711071
939715148
939715097
939715037
939715146
939715094
939710214
939715122
939714233
939712039
939712035
939712187
939714035
939715176
939715189
939715168
939716011
939716001
939711053
939711174
939715133
939715206
939715142
939711101
939713026
939711206
939711056
939716039
939712104
939713226
939715213
939715082
939712164
939712129
939715216
939713089
939716097
939714099
939712027
939714028
939716085
939714020
939716054
939716084
939713101
939716098
939714138
939714097
939713240
939712233
939713234
939713057
939714109
939716056
939716179
939716096
939714247
939714075
939714146
939714208
939716105
939716189
939715085
939716221
939716199
939716182
939716231
939716005
939716088
939714226
939714149
939715058
939716192
939716103
939716237
939716117
939716032
939715004
939901046
939716137
939715061
939716203
939714169
939905063
939902098
939907122
939716241
939904115
939716246
939715106
939906131
939716244
939901053
939716218
939716238
939901147
939904055
939716232
939902016
939902096
939904112
939910046
939909244
939909175
939904085
939904132
939909078
939904026
939908220
939910201
939909165
939901244
939904247
939901129
939904135
939910187
939909170
939904239
939912084
939904096
939905091
939906096
939905224
939905076
939912027
939913179
939904228
939906027
939907007
939912061
939906088
939906042
939906086
939906114
939904160
939906210
939904012
939914015
939913230
939914135
939907061
939907128
939907008
939914070
939907064
939907083
939909029
939907070
939909081
939908022
939909106
939906166
939907215
939907203
939907067
939908056
939908087
939907241
939908028
939909166
939908213
939909103
939916106
939908033
939909188
939908061
939911201
939910054
939911172
947305181
947304113
939710227
939909212
939911104
939909235
939910083
939910018
939911242
939907088
939910086
939911003
939912052
939912026
939911017
939715220
939911237
939912047
939911247
947402195
939912151
939910218
939911217
939913016
939916122
939912125
939912136
939913004
939912097
939912240
939912205
939912085
939913055
947409089
939913003
947405166
939913032
939913102
939913191
939913198
939913081
939913085
939913098
939914014
939912248
939914166
939914088
939913079
939914190
939914229
939914121
939915044
939912176
939914111
939914057
939915022
939915100
939915064
939915057
939915007
947412178
939916011
939913030
939916088
939915071
939915138
939916096
939915169
939916058
939915196
939916162
939916137
939915148
939915228
939916191
947302057
947416176
947303033
947411020
947303025
947305019
947501052
947303091
939915025
947303151
947304174
947501041
947302194
947413149
947503184
947303219
947308123
947416005
947308181
947308027
947304080
947503097
947304115
947305113
947416111
947309088
947503026
947314221
947308243
947309119
947504130
947311180
947308031
947401119
947316235
947311033
947314006
947316051
947403127
947405120
947404039
947309039
947315220
947406193
947407041
947315021
947408038
947512074
947407020
947405072
947315115
947408147
947406167
947404169
947310135
947406032
947412193
947412049
947412063
947411098
947411031
947409078
947411065
947410030
947413090
947409065
947413131
947409243
947514070
947415050
947516193
947412197
947415199
947414149
947416113
947509154
947412240
947501115
947413143
947414001
947501095
947503195
947415027
947504170
947504235
947504119
947415091
947504094
947505062
947504233
947802165
947504171
947504169
947503096
947501238
947503190
947502152
947504183
947507041
947505038
947505023
947505159
947807222
947413187
947615009
947505158
947504246
947809078
947509025
947506029
947508150
947809184
947813186
947809246
947510197
947509057
947508208
947506068
947508198
947509110
947816174
947507109
947509039
947509155
947511012
947508126
947509038
947816197
947509168
947510174
947511154
947512078
947511177
947509162
947902032
947509158
947901191
947901041
947512056
947511042
947901064
947512061
947512141
947902037
947513211
947902005
947902013
947513007
947902066
947513138
947902062
947513014
947513083
947511216
947513051
947511166
947513035
947512153
947514001
947514055
947902083
947514146
947513006
947903052
947514011
947516092
947514136
947514127
947516194
947903004
947516229
947903047
947903088
947515153
947606231
947903109
947803108
947903050
947903053
947903063
947607243
947607027
947601133
947903087
947903007
947903144
947903073
947514193
947903166
947803203
947516119
947803202
947601051
947606091
947903140
947804039
947806012
947804062
947806052
947805136
947804137
947612130
947808135
947903138
947809057
947903141
947903096
947904137
947804094
947904122
947903182
947904128
947812042
947810174
947903188
947903186
947905037
947904139
947904124
947905112
947810245
947809122
947813078
947904167
947812044
947813117
947905105
947906225
947808223
947805076
947905161
947813245
947814247
947904023
947813136
947815078
947812238
947812065
947816005
947905062
947906240
947812035
947814104
947816248
947815062
947815039
947901082
947816180
947907073
947901079
947901113
947816211
947901151
947901248
947901218
947902069
947901074
947811068
947901073
947902123
947908182
947902020
947902071
947909050
947902096
947902122
947902088
947902026
947902160
947902143
947901025
947902140
947909163
947902178
947902147
947902180
947902132
947816221
947908181
947903176
947903092
947908245
947902154
947902170
947901227
947903190
947909226
947902184
947903112
947903200
947904008
947903170
947910219
947902197
947904102
947904129
947904030
947904090
947905029
947905190
947904159
947904032
947911131
947905047
947910114
947904177
947905130
947911145
947911214
947905193
947903218
947905019
947906025
947905183
947906133
947906031
947912093
947905237
947907038
947906238
947904250
947906090
947905205
947906237
947907050
947906120
947907029
947912168
947912200
947907040
947906196
947906185
947907076
947913073
947907032
947912195
947907115
947908031
947908020
947907087
947907070
947907089
947907108
947908039
947907105
947908103
947914107
947908111
947907118
947908047
947908209
947913211
947908233
947914157
947908033
947909039
947908155
947908162
947909009
947908232
947909152
947908223
947908243
947909201
947909185
947908221
947909170
947909130
947909183
947909204
947915062
947915042
947915113
947910036
947909154
947909159
947909137
947910080
947910049
947910095
947915061
947910141
947910062
947910163
947915184
947910139
947910189
947915213
947910243
947910186
947911052
947916111
947915006
947911077
947910019
947911013
947911151
948009009
947911160
948004239
948004017
947916134
947911174
947911184
947916026
948012240
947911227
948102092
947911037
947912166
947911177
947907069
947912022
947911167
947911234
947911188
947911245
947912096
947912042
947912095
947912112
947912097
947912114
947912135
947912233
947912197
947912151
947913021
947913180
947912222
947913038
948112208
948108100
947914040
947914028
947913167
947913092
947913127
947913119
947914070
947914058
947914046
947914063
947913022
947914056
948208174
947914173
947914071
947910008
947914169
947909230
947914193
947914192
947914201
947914227
947914174
947914086
947910030
947914238
947914232
947914250
947914231
947914229
947915058
947914129
947915037
947915053
947915145
947914221
947915127
948307029
947915156
948214158
947915008
948311038
947916042
947915078
947915216
947915189
947915135
947915190
947914204
947915115
947916095
947916128
947916031
947916213
947916203
947916245
947916179
948002139
947916250
948502148
948003203
948503014
948003191
948010158
948006124
948009117
948003131
948502192
948014106
948013202
948102215
948015002
948002072
948503165
948102139
948504033
948111034
948103172
948105029
948109240
948112144
948504026
948504117
948112072
947914198
948201095
948202135
948016025
948504123
948202206
948203087
948201143
948114148
948505007
948505055
948206026
948208215
948204137
948206088
948208008
948203125
948209049
948209102
948506004
948215213
948211135
948301018
948215051
948506076
948506112
948216142
948301062
948215062
948304153
948306039
948304172
948306118
948003173
948303024
948307011
948307157
947916188
948505185
948315234
948507048
948313133
948312093
948303118
948507064
948310124
948307250
948311231
948507054
948312160
948312176
948402228
948405065
948408188
948501080
948012168
948405047
948501136
948501039
948412230
948405014
948501081
948508147
948501176
948108027
948501145
948501107
948409244
948508158
948502092
948501234
948502073
948501200
948508219
948502102
948502058
948503004
948503025
948503111
948502133
948503114
948503106
948503048
948502193
948503045
948503191
948503159
948503200
948510012
948503190
948503203
948504059
948212017
948504046
948504115
948504139
948504121
948510103
948504144
948505129
948504037
948504234
948505016
948506005
948505114
948504128
948511131
948510226
948506026
948505130
948504250
948505176
948505199
948505086
948506027
948506124
948505145
948506152
948506085
948506039
948512088
948505212
948506133
948506113
948506053
948506106
948512025
948506095
948512084
948506175
948506245
948507010
948506239
948507015
948506221
948507066
948506229
948506185
948507084
948512127
948507052
948507138
948507094
948507122
948507105
948507221
948405187
948512180
948512144
948507211
948508086
948508063
948508062
948508102
948507250
948512193
948508169
948508049
948508194
948508246
948508234
948512161
948508019
948508215
948501167
948513225
948509023
948509055
948512188
948509040
948509067
948509104
948501194
948508233
948508214
948509102
948513207
948510002
948509184
948509192
948509199
948510004
948513247
948509232
948510123
948509145
948510027
948510050
948509148
948510082
948509210
948509243
948511047
948511059
948510155
948510201
948510190
948510100
948513088
948511160
948510212
948511096
948511076
948511006
948510196
948511135
948511180
948515006
948515033
948512019
948511170
948515055
948511233
948516009
948511061
948511250
948515038
948516072
948512075
948511172
948511242
948516142
948512079
948515228
948512022
948516059
948512089
948512095
948512087
948512093
948516228
948516162
948512067
948512023
948512126
948512141
948512136
948512198
948512040
948512129
948512233
948512154
948512125
948606194
948512207
948616040
948512216
948512178
948512200
948512240
948509002
948513073
948513099
948513035
948513019
948616119
948513022
948513050
948701025
948614197
948513143
948513155
948513130
948701019
948513117
948513199
948513126
948512244
948514041
948513169
948514031
948701169
948513234
948513180
948513231
948701098
948701151
948701173
948514042
948514052
948514084
948701046
948514020
948701215
948514099
948514056
948702070
948702060
948513078
948514109
948702114
948514103
948514121
948514152
948514118
948701241
948702023
948514144
948702233
948514200
948702005
948514212
948702246
948514245
948702210
948515022
948703033
948515085
948703049
948703097
948514240
948513149
948702219
948514088
948702243
948515050
948515111
948515120
948515135
948515203
948703125
948703165
948703157
948515083
948514157
948515122
948702215
948516051
948515162
948703182
948703124
948516089
948703173
948703193
948516102
948515235
948703212
948516163
948516128
948516025
948703188
948516234
948702088
948516058
948515154
948515233
948516197
948703185
948703219
948516240
948703145
948704053
948604189
948703194
948704062
948704089
948704086
948516242
948704116
948704038
948610036
948704094
948607153
948604030
948516039
948610215
948703220
948611061
948605096
948704167
948704184
948516192
948615115
948704228
948613037
948614088
948616019
948704123
948701118
948701134
948704250
948704156
948606245
948701054
948701034
948616044
948701089
948704171
948705021
948616208
948705068
948701014
948704160
948701139
948705051
948705004
948704233
948701235
948705059
948705076
948702062
948515003
948702066
948705064
948701174
948705180
948705058
948702104
948703106
948702151
948702240
948702172
948705218
948702109
948703016
948705090
948702132
948703068
948702250
948705239
948705150
948705172
948701200
948701239
948703047
948705227
948705152
948706073
948706120
948703146
948703085
948703149
948703073
948703051
948706099
948703207
948706026
948706172
948704090
948706132
948705183
948703201
948704017
948706237
948706140
948704041
948703218
948706243
948705115
948704159
948704169
948705130
948703235
948707036
948703226
948705145
948707138
948707203
948707112
948707074
948703178
948704245
948707013
948707015
948707144
948705143
948705156
948705134
948708029
948707111
948708103
948705104
948705141
948706127
948707207
948706065
948707101
948706069
948705237
948708006
948705243
948707162
948708037
948706046
948706106
948706173
948704085
948706153
948708117
948707146
948706144
948707217
948706247
948708233
948706033
948707086
948708166
948707079
948709020
948709141
948709124
948707187
948707104
948709192
948706160
948707163
948707093
948707136
948707156
948706192
948708059
948709146
948709183
948710002
948709155
948708087
948708116
948710083
948706220
948707181
948707223
948710039
948710206
948701158
948707249
948707102
948709188
948710007
948708164
948710046
948708008
948708081
948710214
948710023
948708171
948710222
948710153
948709177
948709229
948711184
948709215
948710218
948710080
948709048
948712044
948709029
948710239
948711193
948712058
948708109
948710246
948712022
948710137
948710209
948711185
948712069
948710022
948710082
948710173
948712113
948712131
948712177
948710212
948712029
948710232
948711065
948712158
948712105
948711057
948712235
948713001
948710238
948712168
948711013
948712143
948711061
948711111
948711001
948711072
948712248
948713044
948713051
948712239
948711190
948713189
948712043
948713133
948711149
948714002
948713211
948712053
948711156
948711234
948712176
948714013
948714088
948713032
948712229
948714104
948712188
948714209
948714222
948711160
948714198
948714231
948714140
948715012
948713016
948713138
948713061
948714161
948715037
948712156
948715044
948714238
948714160
948715116
948715168
948713045
948708217
948713079
948715080
948715025
948713070
948713012
948713097
948713142
948713109
948716020
948715198
948713139
948716032
948715195
948715213
948713158
948716070
948713083
948713245
948716102
948713128
948716072
948716094
948714014
948715207
948716074
948716041
948715181
948716049
948716233
948716129
948714044
948716178
948716193
948716137
948714095
948715082
948708198
948803190
948716232
948802212
948715007
948714048
948708208
948805083
948716110
948715088
948808087
948711167
948709166
948804232
948714106
948714212
948804044
948715139
948716004
948904042
948709147
948809183
948811237
948815006
948806207
948716162
948714142
948905078
948716117
948716088
948910248
948816094
948715136
948909199
948711250
948716191
948716150
949001118
949001013
948910114
948716031
948803081
948906009
948911205
949001109
948808233
949001076
948716224
948911241
948716218
949001069
948716131
948910086
949001132
949002146
948816113
948913045
948901108
948811231
949001169
948716240
949001246
948913043
949001112
949002088
949002089
948910049
948716242
949002035
948915022
949002037
949001157
949001028
949002174
948912097
948915186
949002092
949002004
949002191
949002189
948910082
949001066
948905060
949002193
949001136
949002140
949002249
949001124
949002207
949002250
949001103
949002197
949002199
949003004
949002127
949003006
949002182
949003068
949003061
949002164
949002230
948711121
949001105
949003086
949002245
949002202
949002196
949003198
949003216
949001238
949003186
949003165
949002203
949003016
949003170
949005033
949003197
949003187
949003219
949003145
949003023
949003201
949003116
949003194
949005034
949003037
949003206
949005110
949005027
949005044
949005112
949005043
949003215
949005090
949005059
949005060
949005024
949005114
949005125
949005012
949005172
949005176
949005131
949005133
949005166
949005246
949005161
949007062
949005029
949007066
949007057
949007079
949005153
949005130
949005147
949007146
949003108
949005121
949007047
949005115
949005127
949005163
949008020
949005050
949005073
949007094
949007085
949007179
949008102
949007102
949007206
949007081
949007132
949008034
949008043
949007060
949007213
949008186
949007175
949007211
949007187
949008162
949008177
949008103
949007105
949008181
949008008
949008172
949007224
949007220
949008022
949007229
949007215
949008166
949015051
949008198
949008056
949008114
949008187
949015105
949008194
949008197
949008120
949015115
949008224
949008160
949015015
949007116
949103080
949008116
949008178
949015195
949015178
949112039
949111167
949108049
949015120
949015177
949015153
949111063
949114067
949111115
949115139
949112055
949115120
949112111
949303108
949303116
949303063
949303201
949303123
949303149
949114246
949114245
949303010
949303198
949309207
949103108
949303146
949309016
949101014
949303247
949015230
949309087
949309111
949303235
949309176
949303156
949309197
949309240
949005049
949309229
949503051
949404086
949315189
949315116
949402205
949315138
949309210
949403152
949413061
949309089
949309049
949409201
949309171
949605008
949409229
949309031
949315158
949509084
949615134
949315150
949504117
949008109
949608097
949604165
949416053
949602203
949407050
949702028
949511177
949510206
949705007
949502053
949515178
949603184
949702030
949512228
949708171
949705070
949603008
949515220
949714031
949415040
949705158
949708079
949605196
949715169
949708189
949607137
949603203
949604130
949008171
949901154
949608209
949615145
949804135
949809201
949806162
949609211
949706131
949705084
949904116
949904128
949904185
949807011
949904020
949706153
949705208
949905153
949705114
949705149
949905068
949706038
949614140
949706241
949906059
949906017
949706245
949709058
949905138
949906227
949707175
949706127
949709123
949711001
949903195
949711052
949709212
949906240
949905162
949711151
949711061
949309236
949907128
949908126
949709096
949711009
949714157
949907114
949315149
949905127
949908157
949911016
949908180
949711177
949712084
949712061
949909204
949807245
949908209
949907045
949911077
949907025
949911125
949809239
949805186
949813165
949911003
949714245
949804068
949807208
949911215
949806152
949714201
949915015
949813126
949914068
949911159
949902117
949914028
949816150
949902159
949711036
949914189
949809116
949902009
949903030
949815131
949915228
950103170
949904025
949903227
950106009
949903176
949901109
949915121
949914200
949904106
949914103
949903210
949816098
949901007
950015062
949904034
949916137
949904137
950102016
949916223
950109198
949905053
950302045
950116183
950302028
949907012
949903186
949904069
949905161
950309218
949904047
949904156
949907080
950115189
949907042
950114247
950503011
950502048
950403116
949916134
949907229
950502106
950503013
949908072
949708058
949906025
949908031
950504007
949908120
950105121
950503247
949909168
950504025
950502152
950505082
949908121
950503025
950505121
949907103
949908100
950506238
949911216
949914157
949911199
950508079
949911180
950406063
949914181
949914067
949914171
950509124
949914111
950507003
950506013
949914198
950508222
949915048
950507231
949916200
950509206
950508032
950514065
949916078
949915024
949916051
950511101
950511031
950509088
950503189
950514052
950009229
949916214
950011212
950111211
950012064
950515196
950114245
949915097
950804137
950606169
950509108
950706054
949916243
950012063
949909102
949915094
950102140
950713160
950606153
950804030
950701082
950806176
950806194
950702127
950813037
950016047
950101017
950107124
950302053
950902072
950814088
950301083
950311151
950304240
950315048
950914154
950916025
950315192
950807126
950808096
950412073
950501017
950815215
950316135
950903173
950913131
951008027
950912168
950501039
950306229
950909117
951014148
951005029
951012208
950501142
950502173
950503196
951108120
951201089
950503047
950407086
951012072
951101072
950504012
949907168
950309165
950504176
950405137
950503121
951102250
951009029
950506071
950505058
951208128
950505060
951204024
950502041
950506062
950311046
950508057
951208013
950508164
950508224
950507174
950511177
950506174
950508092
950515050
950508116
951204157
951213095
951209079
951216088
951214165
950514057
951306009
951211164
950514058
950511103
951404085
950606043
950606053
950606049
951204008
950606123
950606076
951213078
950606094
951308148
950506134
951306089
950606147
951306228
950606152
950606149
951405075
951406073
951308234
951407139
950606167
950606190
950708188
951509244
950806245
950606175
951511087
951501053
950606235
950901074
951404020
959904159
950815115
950803006
950901179
959903021
950903180
959903231
950903191
959904227
951505014
959903167
950903131
959906072
950816208
959904068
951508195
950914231
950904010
950912240
950814197
959905029
959903154
951004010
950907221
951006175
951002018
959908219
959908064
950915067
959906239
951012231
959902019
959909083
951101064
959912078
951015103
959908166
951012144
951002215
959910118
959908202
959909079
951011034
959907085
951111126
951005142
951108021
959914132
959913154
951104161
959909047
959912105
951116080
959911212
951114075
951113227
959913003
959915198
951204044
951016025
960001045
951204129
951208129
959914193
959911186
951115057
960002168
959914147
959916042
951206072
959915181
951207080
951209124
951209084
951209184
951211068
951107224
951213044
951306028
960004090
960003188
951306069
951307146
951214229
951216072
951204025
960006053
951213222
960006141
960006169
951307119
951307155
960005043
951213094
960008109
951508188
951408227
960003087
951405222
960009019
951512143
951502228
960007115
960007210
960007019
951505047
960009135
951308245
959903072
951512230
960009196
951503189
960011030
960011123
960008173
960011001
959904030
959901203
960011074
960011157
959905092
959901059
959901095
959904161
960011187
960009221
960011246
959903187
951508187
959903024
959908068
959908063
960011237
960011174
960009209
959908060
959904098
960011206
960011159
959908177
950811061
960012095
960012072
960012060
959907060
960012036
959904073
959907104
960012076
959910050
960012051
959912181
959911228
960012023
959909133
959905237
960012135
959914212
960012122
959914244
960012247
960012141
960012151
960012214
960012183
959913089
959913246
960013109
960001138
960001001
959916020
960001002
960001216
960012131
959916196
960013002
960013204
960001244
960002227
960013122
960004236
960012218
960012194
959909052
960014055
960013158
959913012
960012113
960003052
960003116
960003069
960003088
960003175
960013135
960003086
960004088
960002120
960014188
960013219
960013230
960005217
960006073
960014106
960014157
960015101
960014222
960014242
960005036
960006213
960006145
960003194
960014221
960004133
960006234
960015152
960007026
960015100
960015085
960015176
960015168
960016111
960012097
960007111
960015113
960008068
959908150
960016019
960014234
960008008
960007121
960016053
960013095
959915121
960016221
960009163
960008118
960101003
960101045
960101008
960009166
960009169
960101028
960008123
960009188
960011250
960009187
959913050
960016153
960009199
960016096
960016242
960012019
960014078
960102039
960016049
960101212
960102005
960101083
960101203
960101191
960101248
960101189
960101130
960101230
960102073
960101241
960102017
960102047
960101194
960102221
960102250
960102026
960101132
960103075
960101096
960001190
960102206
960102007
960103106
960103177
960101061
960102188
960103157
960103197
960103073
960102232
960102048
960102142
960102045
960103212
960102194
960102241
960102052
960103016
960103174
960102239
960104116
960103170
960103206
960102186
960103219
960103045
960104144
960104098
960104026
960103011
960103007
960104178
960103094
960105027
960103049
960105005
960103071
960102057
960103118
960103098
960104236
960105118
960105004
960105115
960102249
960104123
960105123
960103056
960103115
960103051
960103109
960104231
960103123
960103054
960104033
960105142
960105203
960104029
960103202
960105067
960105121
960105117
960105134
960106069
960106043
960105088
960103186
960106074
960103125
960106023
960104008
960105249
960106003
960106166
960106195
960106209
960106020
960104025
960103213
960104030
960106118
960104067
960105023
960104049
960106206
960106031
960104129
960104141
960103188
960106183
960107020
960104073
960106065
960107021
960107055
960105105
960107049
960104139
960106208
960107101
960107062
960107074
960107174
960105046
960105077
960107224
960107096
960107201
960105157
960105085
960107093
960108062
960108198
960105167
960108179
960108227
960108244
960105199
960105132
960108046
960108247
960107242
960105058
960106051
960109091
960106053
960109047
960109086
960105104
960105224
960105062
960106173
960106078
960108234
960109044
960106139
960109163
960109025
960106141
960106189
960106175
960109197
960109113
960109250
960107019
960109103
960106050
960108237
960111064
960111118
960109107
960109027
960107013
960109129
960106110
960107033
960107036
960111180
960107089
960107045
960107207
960112060
960108038
960111034
960111238
960106212
960111199
960111166
960108019
960112085
960108042
960107080
960107215
960107146
960107169
960108043
960103195
960112162
960112177
960112125
960113064
960108167
960107087
960112180
960113018
960108049
960112241
960111208
960108061
960109204
960108152
960112164
960111185
960108202
960108117
960108178
960114039
960109023
960113059
960108228
960113136
960108118
960114104
960114070
960113099
960113092
960114071
960114166
960112133
960109122
960113228
960108110
960109158
960109052
960108232
960114225
960114161
960109049
960109007
960115082
960109194
960115064
960114227
960109137
960109181
960111167
960115081
960111046
960111074
960115138
960114124
960111211
960111123
960114246
960111247
960113238
960113232
960111158
960109223
960107052
960111154
960112042
960114231
960112108
960115178
960116015
960112136
960114149
960116041
960112156
960115169
960112039
960116085
960113061
960116074
960116006
960113060
960113058
960112076
960113110
960116110
960116026
960112200
960115144
960113138
960114067
960112221
960113195
960114068
960114086
960116162
960116149
960113062
960106188
960116197
960114111
960114075
960116232
960116129
960114145
960116122
960116077
960116063
960114213
960116025
960201081
960116196
960114226
960116240
960114008
960202073
960115087
960114192
960114103
960116242
960114244
960202193
960202104
960116018
960115199
960115220
960116012
960202155
960203025
960203045
960115139
960116051
960116080
960203061
960116200
960115188
960116027
960116072
960115120
960116001
960203114
960203200
960203106
960109045
960203190
960203165
960116235
960116199
960116202
960116219
960201080
960201158
960203048
960203203
960203115
960203071
960203250
960202092
960202206
960203218
960116075
960204117
960111071
960204033
960202091
960115048
960203142
960204123
960202133
960203159
960203191
960204026
960204059
960204144
960206108
960204066
960204139
960204234
960115092
960204115
960204121
960205055
960204128
960204250
960206006
960206246
960205047
960206112
960206133
960204037
960206053
960207015
960206085
960206026
960206039
960205129
960205199
960206027
960207105
960206076
960206124
960206145
960206229
960206004
960206166
960207064
960111186
960207010
960206175
960207084
960208055
960208062
960208019
960206221
960207066
960208192
960207094
960207234
960206185
960206245
960208234
960211047
960207122
960209055
960208089
960209199
960205114
960211059
960208049
960207221
960116096
960211076
960208086
960208046
960211061
960208070
960208147
960209210
960208219
960208015
960207250
960211132
960211160
960211233
960212023
960211250
960207052
960208189
960212161
960207138
960212067
960208063
960212095
960206239
960212207
960208215
960209040
960208235
960208158
960213126
960212087
960213231
960212240
960212188
960212127
960211096
960214026
960208184
960214056
960209102
960213078
960209138
960214118
960212141
960214020
960213099
960214052
960214197
960209067
960213207
960209023
960214119
960214011
960209017
960209192
960215235
960209145
960214212
960208159
960215162
960214222
960211170
960215111
960209148
960216009
960212075
960211131
960214200
960211135
960216039
960209243
960215004
960214165
960215203
960216072
960211180
960211206
960212019
960212084
960216058
960212053
960212025
960214099
960216102
960212088
960212136
960216120
960211242
960216025
960216128
960212089
960308198
960216224
960212022
960216242
960216163
960212178
960212129
960312097
960313060
960212093
960311205
960311241
960302093
960212144
960212180
960206095
960212200
960403051
960212125
960212143
960213050
960504068
960213038
960415220
960404117
960212193
960213022
960213155
960503050
960601091
960508070
960213073
960213130
960507069
960601083
960213234
960601043
960505146
960601053
960212137
960213169
960601139
960601129
960212198
960214084
960514192
960214088
960601240
960214121
960214152
960214109
960601173
960602001
960214031
960214041
960214240
960214103
960214144
960601229
960602045
960215085
960215038
960602073
960602115
960215003
960602048
960215133
960215122
960601170
960216059
960215009
960602078
960602187
960215206
960215192
960215050
960215154
960602116
960602143
960602099
960602168
960214042
960215233
960601174
960602241
960603007
960602122
960216197
960216142
960216223
960216089
960216051
960216192
960208194
960216239
960603047
960603024
960216234
960216240
960215228
960304042
960603053
960602193
960603099
960214157
960305078
960603069
960301108
960313043
960313045
960216228
960603100
960603165
960603087
960603144
960306243
960602209
960603182
960216162
960404174
960603178
960404167
960314034
960604034
960414133
960603202
960603222
960411177
960414236
960306009
960604014
960316194
960501084
960604073
960604071
960409084
960604020
960507138
960604089
960603188
960604106
960503114
960604122
960502107
960604121
960502052
960605036
960603219
960605062
960604128
960508006
960605073
960604227
960601001
960508224
960601060
960508069
960603195
960601058
960604247
960601137
960601045
960601191
960601052
960605014
960605155
960601092
960506224
960605019
960605165
960605088
960605185
960605120
960605172
960208102
960605193
960601166
960602042
960601162
960601117
960601048
960602072
960605139
960602026
960601120
960606098
960602194
960602189
960602065
960602135
960606051
960605183
960606054
960606156
960216019
960602192
960607128
960606239
960602182
960602205
960602219
960602230
960606099
960603028
960607102
960601230
960607119
960603009
960607147
960603042
960606221
960607223
960603037
960603006
960603008
960607127
960607101
960602070
960603070
960608080
960603030
960607012
960607240
960607221
960603170
960608206
960603181
960607169
960608150
960603214
960608162
960603034
960302094
960603050
960603190
960603081
960603217
960603179
960608215
960603152
960603065
960604008
960608039
960604026
960603198
960604019
960608218
960608192
960608199
960604134
960608212
960609012
960604069
960604096
960604042
960608229
960604113
960608012
960603220
960607243
960604178
960604240
960608180
960604236
960609188
960605027
960605003
960611073
960609038
960611132
960605074
960605059
960609044
960605110
960609192
960605127
960611135
960605158
960612087
960609136
960605017
960605092
960612214
960613055
960611214
960612179
960611157
960605043
960612035
960605175
960613078
960607033
960611154
960613009
960612243
960605071
960605237
960605145
960613239
960612157
960613088
960605070
960607125
960607195
960607144
960607089
960614033
960606024
960607249
960604144
960607181
960605149
960614115
960611090
960607087
960614161
960608060
960614171
960607209
960614183
960614193
960614008
960608034
960607213
960614107
960608022
960608019
960615049
960615050
960615081
960607139
960614128
960615024
960614214
960606212
960615064
960614236
960615082
960615043
960608235
960609123
960614240
960608159
960615112
960609153
960613222
960608125
960606039
960615098
960615140
960615135
960609185
960609184
960616183
960615228
960609186
960616049
960616075
960616135
960609204
960608200
960615062
960611017
960609210
960611077
960609206
960616148
960611156
960611124
960616228
960616159
960702143
960612066
960616136
960612098
960707223
960611187
960612093
960611247
960612117
960612089
960702138
960707234
960613154
960613159
960615155
960705044
960611179
960706088
960611096
960711211
960708232
960710114
960709165
960705147
960704038
960613032
960611209
960708209
960705019
960714088
960614002
960613232
960612154
960614006
960613065
960614011
960614027
960802140
960614068
960713021
960614036
960903141
960613139
960614086
960614151
960902063
960611165
960614090
960903088
960614198
960614170
960815120
960614069
960903127
960803191
960904037
960903235
960904012
960614232
960906073
960901128
960612184
960905187
960614221
960614204
960614182
960906094
960614250
960614149
960715158
960614238
960908234
960614106
960807248
960907242
960911175
960909045
960616010
960909111
960615138
960909086
960911046
960912119
960908096
960615152
960615061
960909170
960615208
960913115
960615079
960615170
960909136
960615111
960908208
960911234
960914201
960616009
960701021
960616072
960915008
960615197
960616094
960914106
960914174
960702023
960914049
960702063
960616221
960616013
960915045
960916085
960915122
960703073
960703089
961013102
960916164
960909047
960616214
960913172
961012138
961012064
960915134
961008008
960706114
960704181
961113133
961112035
960616130
960708197
961113213
960703072
960704103
961201167
960706124
960708038
960709184
960707003
961012241
961216244
961202215
961011154
960701109
961301008
960916232
960710167
961214107
961301067
960710190
960716197
960716138
961301025
961303096
961211153
960714135
960711072
961302021
960807028
961302005
960808056
961302015
960714055
960715134
961302068
961303106
960612211
961304044
961304020
960816146
961302031
960811124
961302236
960805146
961303185
960814032
960807174
960903036
961304171
961304012
960704123
960905067
960906205
961305103
960904250
960903065
961306072
960902080
960903167
960908237
960909001
960901169
961312088
960903183
961311165
960906081
961311205
960911225
961306217
961309085
961306094
961309168
961309005
960912018
960906117
961309083
960912032
960909008
960909005
961307137
960912139
960912135
961312160
960911074
960912103
960914031
960913139
960916246
960913005
960912226
961314126
961313228
961313186
961313016
960912241
961315127
961315100
961313099
961314240
960914242
961111248
961003231
961311101
961202071
960912240
961102017
961105086
961202236
961314011
961116075
961316041
961102183
961202247
961114231
961201059
960616203
961214244
961315197
961316210
961407028
961302052
961203099
961301057
961208142
961316224
961316203
961216120
961301083
961302187
961701029
961213225
961302088
961601236
961106185
961701022
961303086
961701025
961303152
961613017
961212113
961701055
961407209
961303030
961316156
961701088
961303225
960914040
961701061
961701189
961701179
961304155
961304085
961701045
961701132
961304139
961304178
961304179
961304165
961702038
961305191
961701043
961702059
961305072
961304089
961702143
961306089
961306187
961702066
961702185
961304119
961307011
961703110
961304124
961307138
961308062
961304121
961308032
961703081
961703011
961306008
961702181
961307050
961312141
961309078
961702162
961703154
961307218
961703159
961703183
961312050
961308110
961703032
961312242
961312164
961703114
961312195
961313073
961703172
961703165
961703198
961312204
961313240
961311093
961313239
961703216
961314180
961703191
961703225
961315157
961313169
961313078
961703232
961316133
961314067
961313079
961704059
961314020
961313109
961316215
961315154
961315186
961704041
961608197
961704025
961704044
961704071
961702187
961701053
961401128
961407174
961704026
961403191
961704053
961701248
961415120
960914188
961412123
961701095
961704159
961701178
961704114
961701077
961704088
961702021
961702027
961704141
961704091
961702039
961701145
961702088
961705062
961705065
961705024
961702142
961703006
961705053
961314181
961706052
961702170
961702160
961705059
961705203
961702092
961705103
961702017
961702065
961702208
961703070
961703026
961705136
961706098
961705158
961703069
961703048
961703028
961703098
961706172
961706124
961706230
961703096
961706079
961703025
961706069
961703100
961703134
961703219
961703215
961707033
961706238
961706144
961703229
961707075
961703094
961704019
961703141
961703175
961704090
961703076
961604155
961704049
961703226
961704024
961707041
961703056
961704139
961704156
961704162
961708058
961704230
961705003
961708069
961704037
961702100
961705069
961708008
961705083
961704094
961707234
961708148
961707220
961708217
961709012
961708015
961709026
961704128
961708092
961706103
961708193
961705038
961705237
961705163
961706120
961705161
961706003
961709073
961709041
961304073
961709129
961705206
961707111
961706133
961706223
961709116
961706132
961709096
961709166
961708046
961709027
961709200
961706174
961707115
961708021
961708063
961707223
961709246
961706213
961708087
961708199
961707003
961704122
961708097
961711111
961711076
961711014
961708224
961708173
961711001
961702051
961711120
961709198
961711103
961704173
961711153
961708232
961708181
961708189
961709019
961708244
961709001
961711185
961711116
961711247
961708192
961708206
961711234
961709040
961708197
961711125
961709170
961709195
961711191
961711208
961709222
961712069
961712129
961712078
961709121
961709140
961709150
961709236
961711023
961709160
961703214
961711045
961712077
961711156
961712056
961712196
961711012
961711164
961711093
961711172
961711052
961709197
961712184
961711169
961712211
961713088
961712177
961711226
961713126
961712061
961711160
961712183
961712030
961712164
961713079
961712055
961712156
961713112
961714002
961712039
961712241
961712207
961714065
961714093
961712157
961714094
961713173
961712170
961713111
961712242
961711192
961713213
961711195
961713016
961714219
961714067
961714218
961714149
961713235
961713158
961714105
961714135
961714019
961712210
961714228
961714008
961715038
961713160
961715012
961715001
961713238
961715072
961715062
961713023
961714097
961713011
961715147
961707181
961715149
961715190
961715003
961714107
961716080
961715142
961714239
961715023
961716179
961715045
961716149
961716162
961715071
961716192
961716153
961716218
961715037
961716234
961715230
961715044
961711132
961716231
961803006
961714165
961714249
961715078
961716224
961715087
961715049
961815215
961715122
961816208
961812032
961715052
961715135
961715143
961808096
961811061
961715154
961715145
961715120
961815115
961715009
961903115
961904161
961715085
962001097
962001142
962001115
962001130
961715197
962001058
962002019
961715178
961715198
961715206
962002145
961716041
961715216
961715199
961716020
962002244
962003006
962002159
961716063
962002223
962002183
962003112
962002048
961716060
962003179
962003064
962003008
962003216
961716164
961716102
962003194
961908147
962003183
962003217
962003226
961716233
961716126
962003103
961716097
961716074
961716122
962004085
962004062
961715188
962003242
961716232
961716221
961716241
961716242
961716175
962004086
961716225
962005107
961813037
962005024
962005142
961806245
961806194
961716244
962005156
962004112
962005118
961814197
961816119
961714140
961716247
962005161
962005149
961908076
962004014
961904119
962005166
962004235
962005175
962005171
961902250
962005224
962005120
962001074
961914069
961716088
962005188
962006044
962001056
962005208
962001215
962005167
962006123
962001138
962006005
962005229
962002088
962006065
962006063
962006108
962006156
962001104
962006184
962006058
961715139
962001229
962006004
962006155
962006094
962002116
962006209
962006136
962006227
962006220
962002185
962006190
962002173
962007119
962006246
962006235
962007092
961716051
962007069
962002202
962002073
962007207
962003030
962007128
962007134
962002103
962003021
962008070
962003014
962006248
962007105
962003110
962008008
962008063
962008158
962007125
962007026
962003106
962003086
962003108
962008206
962003172
962003164
962008142
962009172
962003033
962003184
962003195
962003180
962003232
962003193
962009071
962004068
962009177
962004025
962008222
962009029
962008089
962008121
962004144
961906227
962004141
962008248
962011124
962009204
962004176
962005003
962011228
962004019
962012087
962005076
962005007
962011185
962005025
962004114
961901243
961909153
962004234
962011013
962012111
962004172
962006069
962012178
962001083
962012193
962005206
962005057
962006145
962012068
962013110
962012030
962001009
962005103
962013003
962012036
962013248
962006103
962006119
962007174
962012214
962014142
962007082
962006141
962013244
962013032
962014136
962014016
962007136
962008033
962007250
962005089
962007170
962008080
962007167
962014193
962007137
962008096
962008124
962014058
962008179
962014219
962008168
962014246
962008227
962008136
962014169
962014206
962014234
962008166
962008229
962015101
962008159
962009040
962013080
962009079
962014245
962009057
962008167
962008244
962009096
962009162
962015127
962008148
962009133
962009082
962016019
962016013
962014099
962009223
962009026
962008056
962015176
962007235
962016078
962011073
962015193
962011065
962015140
962009115
962009171
962009239
962011009
962016111
962016096
962011062
962016134
962011097
962016010
962011209
962011091
962011160
962016166
962011120
962103097
962016122
962011164
962011250
962011126
962107147
962011195
962103109
962105120
962011221
962102023
962011241
962012034
962103213
962016232
962012023
962012127
962012119
962105107
962106112
962109028
962011211
962108049
962112162
962011242
962011247
962012123
962012153
962013055
962113130
962013211
962012097
962113237
962204068
962013247
962013017
962111040
962012139
962206148
962013238
962013036
962203082
962012184
962208171
962116133
962211199
962209149
962014090
962203210
962013125
962014088
962211124
962014128
962107088
962203188
962014048
962212066
962212189
962013045
962015033
962014205
962015025
962213174
962014135
962015128
962014212
962212201
962013235
962015143
962015094
962015206
962016130
962015137
962309169
962213157
962015040
962308087
962403046
962102157
962103224
962311177
962213010
962016230
962014027
962108167
962213213
962111106
962314094
962211172
962112095
962103072
962103202
962312157
962406221
962411144
962115050
962015116
962612180
962114213
962204116
962204160
962413015
962016203
962504091
962206246
962208055
962209068
962603181
962210066
962709241
962703086
962806192
962616018
962206034
962805007
962211131
962211194
962212164
962208125
962903140
962812151
962212130
962211040
962212151
962212156
962212203
962903096
962902176
962903092
962211221
962506179
962904236
962907094
962816214
962215208
962213101
962311237
962307050
962309183
962304232
962307089
962902052
962311231
963014094
962212045
962908188
962406058
963004023
962908177
962404135
963016113
963011231
962302145
962407012
962403188
962409126
963112034
963003048
962407172
962411211
962409016
962412160
963113216
962404156
962414201
962511192
962602172
963301196
963301077
962406010
963112123
963107174
962413200
962506250
962514250
963103191
962406147
963302183
963311188
962705051
963309011
962802122
963304247
963113078
963305108
963308061
962612168
962604007
962702239
962609188
963403011
962904094
962611071
962709106
963307230
962904147
962807215
962809175
962906147
963307021
962907134
963403201
962906160
962815050
962908013
962206195
963409046
963302128
962803025
963315052
962901188
962907019
963409055
962903094
963412179
962215199
962911174
962911167
963412017
962911029
963412247
962908100
963409196
963412035
962707133
962911237
963505021
962903231
963504118
963002145
962912068
963007050
963609055
963602134
963602136
962915012
963601143
963602014
963715082
963609197
963616018
963011177
963703047
963009169
963509114
963009153
963107028
962208038
963011237
963716230
963604024
963109197
963802224
963015009
963807094
963109043
963101128
963815215
963816203
963301245
963116152
963115120
963303061
963902169
963302140
963915094
963107209
963901233
963302102
963305173
964001022
963915071
963905130
963908022
963306074
963307099
964004239
963403016
963312157
963307250
963409019
963409096
963409017
963409002
963409195
964002045
963403202
964003167
964102218
963409106
963409111
963409206
963409176
963412037
964108102
963412051
964104024
964012056
963412168
963409171
964102202
964110115
963412165
964105025
963412069
964115120
963506173
964111208
963512051
963504110
964204231
963507221
963503099
964208109
964111147
964206248
963516128
964202124
964110206
964210153
963601191
963602083
963412084
963512149
964111042
963602031
963609022
963501091
963602088
962904052
962902241
963608197
963605167
963614144
964209043
963609047
963604140
964306248
964212070
963703207
963703115
962907219
964306108
964211072
963709012
964306009
964306031
963608006
964309015
963603112
964309050
964309086
963803196
964306095
963801004
964309087
963801169
963806017
964213180
963807175
964306250
964309108
963702157
963808086
963806040
963810164
963812207
963811067
964309117
964309148
964309188
963816025
964309197
964309134
963902141
964309223
964309181
963813034
963706012
963902007
963901235
964311157
964311104
964309246
963814218
964309180
964311059
963904119
964311141
964311075
963916070
964311042
963912227
963914031
964311116
963907221
963908195
963916079
964311228
964001079
964002080
964311241
964001219
964309144
964312017
964002249
964312057
964007060
964002219
964312029
964312161
964003210
964108240
964312072
963913203
963808164
964101002
964312144
964110160
964407094
964312156
964009134
964112025
964405170
964102059
964401174
963807233
964201053
964007229
964011164
964202048
964410164
964115152
964102063
964116129
964312226
964116136
964408086
964202076
964416025
964206163
964416092
964415215
964213033
964503030
964209205
964204162
964201057
964501043
964502071
964503190
964203165
964210203
964215054
964213079
964212025
964306008
964603051
964213067
964615022
964208167
964604053
964605086
964505046
964215085
964306128
964213037
964309001
964306052
964309028
964702215
964701041
964306053
964615128
964306017
964616223
964814142
964809126
964703121
964306238
964309106
964309146
964309110
964901041
965005095
964910182
964713107
964309012
964309096
964903121
964903181
964208013
964309077
963711123
964311029
964309244
965010154
965006185
965016075
965010167
964915234
964309042
965015052
964311145
965010022
965008195
964311053
964309171
964311227
965101065
964912168
964311209
965102077
964311185
964311208
964312113
965101112
964311126
965101079
965101082
964312199
965101249
965102142
964312204
964312145
964312052
964311030
964312176
964607229
965101009
965102213
965102211
964312247
964403196
965102215
965102197
964312211
964312060
965103011
965103170
965102185
964312248
964414114
965104073
964413202
964312056
965104077
965103125
964416014
965105195
964408207
964407175
964508193
964412207
965104106
964501059
964505131
965103175
965107036
965104233
965106028
964504067
964502168
964507112
965107150
965109007
964512044
965107213
964309083
965109136
964312238
965109126
965107040
964512207
964504179
964503103
965109206
964602066
964605017
964511090
965107187
964602106
964501045
964604084
964609244
964702172
964610246
964605023
964614027
965109247
964709188
964615055
965201031
964611103
964716018
964616137
964703181
964711067
965202228
965201230
964811168
964902172
964806031
965109159
964715234
965201218
964916018
964913107
965203191
964806014
964909188
965205096
965207128
965206068
965205043
965002204
965001236
965101083
965012035
965014231
965207086
964804135
965016159
965102108
965109153
965101153
965209043
965115154
965209019
965214083
965101169
965215228
965303196
965215115
965103113
965214009
965101066
965102079
965306156
965102181
965102205
965212071
965104071
965102133
965102145
965103140
965314200
965307166
965304121
965102212
965101051
965102237
965103195
965102088
964911067
965404118
965311169
965103220
965104017
965103146
965408215
965409055
965307248
965104085
965104163
965312105
965310228
965104086
965412069
965504053
965404140
965104088
965105065
965104117
965104161
965106098
965312089
965106190
965105161
965508224
965416018
965105237
965106233
965106181
965502038
965506226
965107104
965107058
965109045
965508013
965106124
965106169
965413081
965109011
965703098
965107201
965109158
965109080
965707110
965701146
965514076
965708172
965109083
965705028
965712016
965109023
965715044
965703154
965516224
965205185
965708223
965703196
965202140
965708117
965202154
965115048
965716219
965201059
965210190
965210116
965205206
965109214
965207054
965713010
965703057
965715048
965205059
965901137
965811188
965214078
965903061
965802103
965207201
965802164
965812147
965903184
965212084
965203170
965808164
965715146
965812111
965302170
966002080
965306165
965214183
965909011
965215138
965307219
965212147
966003065
965902092
965303061
965215158
966004037
965212156
965308245
966006073
966005141
966005241
965406194
965908245
965315192
965408197
965402031
965316013
965910243
966005011
966004012
965308145
966009086
965409047
966007062
966008208
965915138
965409197
966008237
966009111
965415108
966009136
965507157
965507069
965508069
965310092
965516010
965402222
965409124
965407234
966009170
965706147
965505086
965409022
965710198
965702191
965516072
965713009
965513245
966011074
966010043
965801118
965714058
965709210
965808079
965704165
965712096
966013115
966013005
965805025
965815039
966014031
965705217
965809205
965902090
965716113
965815153
966007242
965716236
965813126
966113202
966001028
965804013
965907125
966001128
965905130
965915051
965901065
966001229
965913158
965915196
966002063
966003088
966003235
966003141
966005033
966003127
966004250
966003167
966002064
966207069
966006148
966005067
966006081
966006117
965105089
966006134
966207218
966003183
966009055
966009001
966005139
966006205
966009045
966008096
966008234
966009008
966005163
966208020
966011073
966207221
966010044
966011118
966208032
966208243
966007118
966011228
966012018
966012114
966207133
966012241
966011234
966010213
966008207
966012032
966012119
966211092
966012226
966013172
966014106
966013139
966012154
966015134
966014242
966014040
966016232
966014201
966012135
966211172
966014188
966213189
966009101
966112066
966016246
966015045
966213149
966102182
966206019
966016164
966206027
966206120
966206144
966104027
966016085
966314111
966213186
966211234
966213207
966206051
966206132
966206145
966206209
966206049
966206028
966206223
966207036
966206118
966409107
966206207
966001169
966207057
966206246
966005048
966406131
966207007
966207023
966404140
966207040
966207092
966207061
966207054
966403016
966207099
966512100
966508075
966207211
966512138
966503058
966207171
966207229
966207111
966207124
966207138
966207149
966014049
966207081
966501233
966414149
966601002
966208022
966208017
966208062
966208105
966208162
966208122
966208035
966208006
966208194
966208177
966701230
966208121
966701051
966208193
966208212
966702016
966211069
966208227
966211034
966701240
966701116
966702065
966208195
966211118
966211088
966211053
966608071
966208224
966211143
966702021
966208125
966702007
966211087
966207013
966208165
966211227
966702193
966211144
966702142
966211078
966213026
966213034
966211237
966703110
966703057
966703037
966213012
966703113
966211238
966211174
966213144
966213138
966703145
966704010
966213178
966213095
966703140
966703207
966703152
966308079
966307124
966308028
966213124
966704088
966213059
966307213
966213192
966308167
966308243
966704181
966314247
966307027
966314205
966703219
966704160
966405148
966402037
966704118
966705067
966704165
966314231
966307057
966409011
966403121
966705056
966409175
966705166
966404232
966409157
966401070
966705245
966705082
966404247
966705065
966409214
966414135
966412125
966704176
966413170
966416096
966705153
966506227
966415213
966402136
966414237
966501158
966513102
966706140
966706167
966512241
966706147
966211178
966706155
966609243
966512064
966603216
966603134
966707016
966604159
966706207
966707029
966706224
966707119
966707037
966701229
966707039
966701235
966701076
966701136
966701056
966708105
966701250
966707126
966707083
966602101
966707236
966707001
966708072
966702079
966708055
966707198
966702059
966701241
966702039
966702028
966702101
966708172
966401124
966702222
966707003
966709119
966702068
966615195
966709052
966709147
966709067
966703070
966708203
966703022
966708200
966709144
966703052
966709214
966703058
966709108
966709080
966703030
966702198
966710066
966710038
966703142
966710003
966703115
966710076
966705167
966710083
966702158
966703215
966703232
966703100
966703224
966703194
966703217
966706166
966710174
966704026
966704019
966703213
966704098
966511154
966703202
966710030
966710203
966710215
966706175
966710182
966710160
966711074
966710171
966704037
966704155
966711090
966704103
966711111
966704250
966710126
966704134
966710141
966704139
966711125
966704184
966711135
966711069
966711183
966705036
966711206
966711185
966711165
966705222
966711194
966711215
966711211
966711177
966704153
966705176
966711228
966705115
966705215
966706082
966705146
966705127
966705216
966403248
966704013
966712039
966706133
966705182
966712172
966706152
966711104
966707045
966707032
966712027
966712023
966706008
966706193
966706168
966706208
966707085
966707038
966707007
966706153
966712115
966713110
966712189
966707050
966707107
966712151
966707144
966713112
966707072
966713190
966706230
966713165
966709051
966708190
966713123
966703094
966713139
966708100
966709027
966713083
966707161
966707115
966713221
966714078
966707149
966714052
966708247
966708220
966709050
966709192
966713246
966709077
966709197
966714126
966714135
966709235
966714170
966714080
966710079
966710009
966713196
966709062
966710104
966710092
966714154
966714238
966710082
966714212
966714172
966715114
966710108
966710036
966715082
966710161
966710173
966710164
966710167
966710049
966714148
966715143
966715170
966714179
966715135
966709240
966715119
966710245
966715176
966710202
966715216
966710249
966711014
966710226
966715168
966716049
966711214
966715201
966714244
966711172
966711193
966716027
966716053
966711231
966711201
966711147
966711115
966716052
966710135
966711209
966712026
966716094
966711250
966716110
966711227
966712047
966712101
966712048
966716119
966712029
966716106
966716179
966712167
966716121
966712086
966716232
966712044
966716203
966712179
966716180
966712196
966712063
966716191
966712200
966712214
966711052
966712188
966804165
966716243
966713088
966713027
966812184
966809162
966713159
966713187
966816208
966712235
966812096
966713127
966812124
966713163
966805036
966814058
966815044
966713238
966713119
966713193
966714109
973711248
973713133
966713228
973714231
966714114
966714169
966813010
966714066
966714043
966716031
966714193
966714083
966714072
966715131
966714231
966713244
973712035
973801132
966715007
973801088
973801121
966715153
973801114
966715095
966714224
966716012
973801128
966716018
966716072
966716051
966715203
973801184
966715228
973702183
973802092
973801218
966716095
966716131
973802059
966716075
973802182
966714184
973801138
966715187
966716178
966716084
973802072
973802202
966716214
973802205
966715150
966716077
973802218
966805217
966815048
973802223
966808172
973802106
966716133
966716236
973803134
966716157
966716235
966716250
973803033
973803064
966716026
973702204
973710167
973705095
973804135
973702017
973716075
973801052
973803247
973801037
973804172
973807003
973807104
973707023
973706185
973710154
973807036
973803219
973807032
973801048
973801129
973801087
973801101
973807124
973807073
973807146
973801083
973801216
973815150
973815114
973801117
973903220
973807137
973801116
973801137
973801079
973903081
973801237
973801220
973807184
973904010
973905065
973905025
973801230
973905126
973802028
973909233
973802037
973801213
973801170
973802068
973802232
974002180
973801082
974005036
974005217
973802063
974002208
973803142
974015044
973802164
974012076
974013009
974016208
973802160
973802090
973803070
973803202
973803052
973803098
974014058
974008172
973803232
973803179
973804139
973804174
973804023
974101151
973803226
973803216
974016235
974015155
973804084
973804019
974103046
973807038
974105067
974109016
973807028
973801060
974107012
973807041
973804230
973807084
974106221
974104052
974104135
973807045
974203053
974202208
974105172
973807121
973807151
974111211
974204030
974116119
973815045
973903068
973807195
973807085
974114201
974113046
973807130
973815139
974203057
974209031
973807170
974205096
974215050
974205075
973815208
973801072
973815216
974208223
973815051
973904094
973802115
974216236
973815145
973903179
973905071
974501168
974407175
973903201
974410076
973904084
974011193
974416223
974515050
973914117
974601121
973914071
973807233
974013147
974008235
966716188
974106058
974105121
974604114
974607037
974606004
973909055
974016113
974112160
974106147
974603170
974607213
974103188
974607011
974205051
974205142
974112184
974016236
974111144
974611034
974203023
974409195
974205205
974615131
974210213
974209055
974702137
974210022
974206013
974209096
974616223
974608155
974706245
974214138
974205165
974611093
974215023
974213126
974215162
974404030
973801162
974707102
974403202
973905075
974704026
974404110
974707187
974702046
974707224
974707064
974501151
974708056
974707123
974414179
974404017
974707242
974413239
974708219
974413070
974708195
974604247
974413223
974711164
974712039
974505180
974505043
974512151
974713148
974604235
974414172
974513097
974811210
974503025
974514172
973803200
974603226
974812068
974608117
974801238
974713223
974609111
974604177
974611063
974712145
974605068
974814172
974901018
974816223
974513090
974503213
974615119
974901064
974516223
974812060
974901028
974703053
974615061
974815181
974613245
974901140
974703088
974703007
974704085
974901215
974615208
974901222
974901136
974708057
974706103
974704103
974902020
974707011
974901218
974707038
974707169
974709042
974902058
974708114
974707221
974703029
974901248
974901113
974901240
974901082
974806071
974803114
974902066
974901073
974902022
974707124
974902071
974902026
974813068
974714172
974704128
974804030
974901151
974901041
974901017
974702040
974902088
974901074
974901092
974902078
974901203
974902069
974902096
974901079
974902037
974902132
974903188
974902083
974905029
974902123
974902180
974905064
974902106
974904068
974902154
974903190
974903176
974902090
974905062
974902101
974903047
974901191
974903073
974902206
974902122
974902124
974902158
974902155
974215107
974902140
974902198
974903088
974905112
974906237
974902197
974907087
974903007
974510078
974902170
974907115
974906025
974902164
974903050
974908020
974903087
974907175
974908103
974903053
974902247
974908033
974902160
974607198
974903139
974903141
974903063
974903092
974907135
974907105
974903052
974903200
974907070
974903109
974907152
974903112
974908223
974904023
974904030
974903218
974907156
974907073
974903140
974904008
974903186
974908233
974908182
974908162
974904032
974904128
974909009
974904102
974908243
974904137
974909152
974909137
974904129
974904122
974909039
974909112
974904139
974908232
974909204
974909121
974909050
974909159
974905019
974904177
974910022
974904250
974904159
974909163
974904124
974909185
974904167
974905096
974910062
974903096
974905161
974910095
974905130
974905037
974910121
974905102
974910046
974905063
974910078
974910155
974910182
974905139
974905105
974910219
974910186
974910080
974905205
974908155
974910104
974910237
974905193
974910162
974910151
974904090
974911151
974905190
974911145
974905171
974911037
974911227
974906090
974911167
974911160
974911184
974905212
974911131
974911214
974904054
974911234
974905092
974913038
974905237
974906120
974906196
974911177
974912105
974906185
974906225
974907040
974913073
974907039
974913092
974907038
974907032
974912042
974913112
974912197
974906133
974912222
974912093
974912151
974913021
974907069
974907118
974913167
974906238
974907029
974913127
974907153
974907162
974913119
974915127
974913211
975004042
974907083
974907121
974907108
974907050
974915062
974907089
974915113
974915189
974915156
975001108
974908039
974908031
974913180
974916223
974908209
974915115
974908128
975005078
974908111
974907187
974915213
975009199
974909201
974907239
975011205
974909230
974909170
974909183
974912096
974909016
974910008
975007065
975010049
974912022
974908245
974910019
975005175
974910023
974910036
975007083
975010114
975010082
975011141
974910114
975016223
974910139
975106116
974911013
975011241
975105250
975103165
974910030
974910141
975103081
975110043
974902005
975014172
974911052
974910243
975202128
975112218
974911188
974912135
975110124
975205173
974911174
975202102
975104133
974912168
974912112
975202140
974913022
975204247
974915145
975201148
975215052
974912243
975206074
975207250
974912200
975208061
975207236
974902139
975205108
974915078
975304077
975303218
974914172
974915170
975310155
974912226
975314165
974915184
974915058
975208117
975309247
975312087
975002093
975403196
975408167
975406156
975002094
974915190
975305011
975012097
975207021
975503025
975010086
975013045
975414200
975411169
974910049
975502137
975102089
975201245
975412089
975104114
975105224
975007075
975407219
975207223
974915216
975206086
975507123
975005060
975202183
975203061
975507064
975101036
975110132
975212157
975207230
975109035
975504026
975215213
975407248
975511164
975305168
975304032
975507169
975303154
975305185
975515213
975509090
975210006
975207191
975313152
975312124
975211188
975502081
975508195
975511221
975316120
975406165
975312164
975404121
975516235
975412105
975407166
975408245
975601131
975604030
975405121
975612060
975516221
974905206
975701081
975503011
975606071
975415192
975504128
975515130
975503007
975502040
975504103
975701085
975611210
975502124
975508056
975507124
975506245
975503103
975507222
975614133
975701234
975701136
975507187
975702092
975507011
975509042
975701194
975503029
975701145
975701022
975615181
975613068
975702193
975703165
975703025
975512145
975703190
975509176
975702213
975607169
975603114
975701070
975701158
975701080
975702106
975703200
975013043
975704115
975704026
975704066
975704059
975702073
975704128
975702133
975704121
975701200
975704144
975702143
975701212
975702155
975701243
975705009
975702107
975705070
975704139
975705007
975703191
975703114
975705047
975705036
975705083
975703045
975704174
975703048
975705061
975705145
975702206
975703159
975704033
975705163
975705114
975705084
975705198
975705130
975705103
975703218
975703061
975703203
975214002
975705199
975704117
975406169
975706004
975705212
975704123
975706085
975706027
975705055
975704234
975706229
975705018
975706124
975707015
975706152
975706039
975705063
975706239
975706245
975707052
975706175
975705108
975705129
975707054
975707105
975707160
975705150
975707162
975705137
975707138
975707023
975708055
975707010
975708019
975704037
975707211
975209011
975708046
975707208
975708062
975705188
975707066
975705176
975705185
975708063
975709023
975708215
975708089
975705225
975707250
975706095
975708102
975709210
975706053
975710050
975706026
975705136
975709102
975708147
975706112
975709145
975710103
975706133
975710127
975706185
975707064
975709148
975707122
975710002
975707094
975710196
975710212
975710151
975707084
975710155
975710100
975303190
975711076
975701021
975710051
975707032
975706076
975706221
975710201
975707240
975711047
975707109
975707205
975707221
975707234
975708049
975711180
975708194
975711135
975711131
975711206
975711160
975709055
975712023
975711172
975508057
975712084
975709002
975711059
975707132
975712089
975708158
975712136
975708086
975712093
975712137
975709138
975709040
975712200
975708219
975712180
975713050
975709032
975709067
975710190
975708234
975713078
975712193
975713199
975713231
975712161
975709192
975713088
975710082
975714020
975714031
975710027
975709199
975713149
975714118
975710231
975711233
975711096
975714152
975712019
975714041
975710226
975714109
975710081
975715127
975711132
975714088
975709017
975715235
975711061
975715038
975714099
975713126
975714084
975714157
975716039
975715203
975712077
975711250
975711242
975716025
975710003
975712075
975716019
975715228
975714245
975703142
975714222
975712088
975716234
975715192
975712087
975716102
975716142
975712067
975716051
975716089
975712125
975805032
975716072
975712144
975716197
975803088
975802240
975716058
975716162
975712198
975713022
975807146
975712129
975712178
975809064
975712095
975811158
975712127
975712240
975901153
975712188
975903219
975713234
975712025
975713073
975801246
975713130
975805123
975716239
975713207
975812088
975712207
975713155
975908029
975713099
975713247
975905089
975714042
975714121
975714026
975714038
975903063
975714052
976003196
975903047
975714103
975913187
975714056
975909028
975911009
975715050
975714212
976004121
975713174
975715085
976102211
975908055
975714200
976008245
976107074
976013130
975715055
976004106
976006156
975714165
975904227
975715071
975715003
975714240
975715122
975715233
975911241
976101083
976107130
975715111
975716059
975715162
976105021
976108199
976111132
976103206
975716009
975714224
975715120
975716163
976301229
976114076
976115139
976104067
975716128
975716120
975811067
975807156
975716192
976109007
976115195
975716223
976302080
976112165
976303235
976302063
976301128
976304037
976303088
975814149
975716240
975809081
975816189
975901245
975803229
976306117
975909180
976303167
975903173
976305067
976303036
975811183
976307118
976306081
975905048
975906235
975901045
976006165
975913202
976305011
976307062
975908120
976007248
976013169
975716242
976309001
975907007
976308234
976305048
976308208
976303141
976016013
976011169
976012089
976311074
976309008
976308096
976305241
976309111
976311073
976107108
976104098
976313172
976104129
976005089
976115106
976310043
976312119
976107032
976312114
976101229
976312226
976302064
976310209
976112141
976309136
976314201
976306148
976306073
976104049
976312018
976315045
975709243
976316232
976109113
976116101
976312135
976305139
976316246
976304250
976315134
976316164
976307242
976314242
976508147
976501136
976316234
976304012
976305163
976309045
976314197
976306094
976309086
976513007
976602022
976502032
976308237
975714144
976516042
976311173
976311046
976602054
976309170
976602222
976602169
976313115
976314106
976310213
976511178
976312240
976312032
976310044
976602206
976311234
976610047
976602227
976313139
976602221
976610095
976303127
976312241
976314188
976610062
976314031
976610136
976314049
976610099
976610137
976404174
976610103
976610141
976409084
976403051
976610111
976610159
976316085
976314040
976404117
976610206
976614026
976610218
976501058
976602236
976614033
976509107
976610209
976509149
976414133
976407220
976415220
976610212
976412228
976507119
976610249
976512149
976614035
976110202
976511093
976610213
976513211
976614230
976602037
976602028
976614181
976602223
976602204
976602035
976614233
976602211
976602163
976513016
976602192
976614152
976602185
976701044
976614121
976614247
976610142
976614232
976714043
976610028
976614186
976614028
976702221
976706114
976614117
976707223
976614192
976712119
976703003
976610179
976710213
976614128
976610139
976709115
976801143
976708094
976715193
976715099
976806108
976702007
976610215
976806046
976806124
976715114
976802195
976802092
976808061
976716219
976806019
976811067
976816018
976808173
976807010
976614109
976705083
976804026
976904157
976716045
976812113
976809057
976809022
976903101
976805158
976808133
977002099
976807019
976916134
976916018
976903118
976904114
977008209
976903051
976901069
977101118
976904122
976906020
977009103
976712180
977003201
977103203
977012115
976902039
976907016
976907059
976906249
977104094
977104137
977101240
976907024
977104039
977102078
976908058
976905158
976903189
976907093
977107206
976908226
976906132
977105076
976908237
976908071
977105012
976907167
976907074
976910209
977113136
977112035
977105134
977114104
976910150
977106012
976911116
976909245
977115062
977112238
977114247
976911121
977110125
976912044
976314174
976913081
977116211
976306205
977116180
976913172
977201021
977115039
976515072
976911210
977116005
976914147
977113186
977201063
977201128
977201117
976915233
976911184
976915079
976915064
976915213
977201109
977201142
976914036
976914011
977201108
977202060
977202126
977202164
976916236
977201068
977001248
977101082
977202128
976916224
977202136
977006234
977202183
977101163
977202145
977005051
977104062
977202212
977202160
977102020
977203016
977202191
977105133
977105089
977203006
977102031
977201219
977203125
977203078
977104012
977107099
977203134
977108223
977203063
977203014
977203114
977203045
977108135
977203202
977203225
977204115
977109057
977109122
977109184
977105136
977203033
977204106
977204091
977101200
977203083
977203248
977205024
977205021
977116174
977204162
977109078
977109246
977204181
977205062
977113166
977112065
977205088
977206028
977116221
977205231
977116197
977201097
977205123
977201048
977205043
977201173
977112042
977206080
976802031
977202103
977206120
977206209
977206116
977205092
977202146
977116248
977206131
977202067
977202073
977207074
977205173
977202134
977207036
977202092
977206193
977207033
977202038
977202114
977202182
976903033
977206248
977203025
977207075
977207144
976904098
977202169
977206246
977207155
977007092
977207082
977115078
977203049
977203082
977207162
977205019
977206181
977203098
977203214
977207236
977202218
977204088
977208110
977205082
977208168
977205076
977208136
977207218
977204174
977203076
977203191
977208245
977205089
977207245
977206088
977205161
977206013
977205153
977205094
977208126
977208213
977208103
977203140
977207062
977206224
977205158
977203247
977209044
977209169
977206024
977207084
977208208
977206140
977209047
977209122
977209048
977208203
977207015
977207114
977206231
977207056
977210032
977209140
977209194
977210046
977207229
977207124
977207107
977209027
977301184
977207136
977210162
977210168
977210138
977208070
977207135
977209188
977202090
977208123
977209173
977208133
977209197
977209088
977208206
977208222
977209068
977308172
977401235
977210239
977306065
977210170
977208121
977207223
977210134
977303021
977309206
977402132
977402121
977210136
977205096
977210030
977210225
977402101
977210084
977209196
977404054
977303007
977403080
977307083
977210203
977403198
977401004
977404154
977402171
977401168
977402180
977404113
977401064
977309033
977405024
977405005
977405034
977401157
977405100
977405009
977404068
977406074
977405159
977405092
977407067
977405007
977408154
977409119
977407011
977406169
977409027
977405027
977409107
977407146
977409120
977408160
977409106
977407128
977410228
977411062
977410099
977409101
977409122
977409130
977410164
977409137
977401203
977409160
977411120
977406149
977407023
977410242
977409244
977409108
977410123
977410135
977412048
977411228
977409217
977404133
977412200
977410083
977408015
977410080
977412023
977412047
977411158
977411248
977412030
977412031
977411238
977411178
977412161
977414002
977411157
977412124
977412177
977416029
977411168
977415149
977413019
977416246
977412061
977416135
977414038
977412232
977415015
977412053
977414078
977413102
977415012
977413029
977508223
977504227
977507041
977414193
977512162
977414127
977414166
977414216
977413112
977602159
977411164
977414209
977604019
977510246
977508197
977414105
977416211
977605229
977606121
977602027
977505193
977610080
977615157
977502147
977415193
977415103
977416210
977416140
977805124
977610164
977505011
977611188
977805096
977511097
977508102
977612122
977804137
977803006
977810215
977416235
977516078
977813037
977511172
977806245
977815115
977616031
977602120
977812032
977601004
977601237
977413126
977415094
977904130
977503099
977604051
977909110
977603125
977911130
977908076
977507105
977604236
977910244
977901220
977603081
977909089
977603140
977906052
977604233
977604123
978001055
978001009
978001128
978001193
977916096
977606029
977611047
978001154
978001048
977916245
977607087
978001172
977607210
978001013
977605077
978001233
978001120
977612045
977609022
978001245
977609014
978002044
977810036
978002129
977609015
977414032
978002170
977807153
977801220
978002250
977615059
977806194
978003024
978002161
978003091
977805245
977805005
978003013
978003012
977811061
978003070
978003086
978003144
977614078
977816019
977816119
978003165
978003140
978003193
978004080
978003197
978003189
977902114
977815215
978002067
978003218
978003233
977814088
977901048
977905025
978003184
977908222
977905124
978005083
978003182
977912189
977902094
978005020
977912149
977815122
978005053
977901214
977905023
978004098
977913155
978005048
978004023
977916115
978005085
978001066
978001070
978001119
978005158
978005168
978005112
978001073
978001140
978001101
978007066
978001031
977816208
978006031
978007037
978001153
978001179
978007027
977915035
978001085
978007036
978007081
978001175
978002092
978007079
978007011
978002052
978002077
978007068
978002045
978001158
978007131
978007065
978007067
978002244
978007123
978002099
978004155
978003025
978002157
978003028
978007112
978002213
978003069
978007109
978007115
978007087
978003047
978007151
978003081
978007242
978003065
978003076
978007169
978003083
978007135
978008079
978003178
978003046
978007244
978003250
978003231
978003141
978007170
978009011
978004137
978005018
978005039
978004017
978009185
977411047
978009094
978005050
978010206
978011016
978009225
977412074
978004177
978010044
978010118
978004088
978003151
978011052
978010079
978011073
978011029
978011047
978011075
978005142
978005165
978005080
978006059
978005044
978012180
978006026
978006163
978012115
978005243
978011211
978005244
978011183
978007033
978006074
978013131
978007108
978006233
978007029
978006043
978013111
978011246
978012018
978007054
978007059
978007028
978013157
978005193
978007012
978007050
978012239
978007224
978013133
978012230
978007198
978007146
978007209
978013166
978012196
978008050
978008114
978012226
978007213
978003080
978013092
978006076
978009162
978014031
978013241
978009141
978009107
978014063
978007125
978008212
978007094
978010086
977513151
978015168
978010015
978010243
978013190
978015051
978010212
978014179
978015158
978014154
978011014
978010100
978011042
978011013
978011053
978011067
978015186
978011093
978016230
978011101
978010090
978016122
978011087
978011090
978008209
978015234
978016225
978003027
978111101
978011208
978101044
978016153
978206159
978011120
978207053
978016211
978208096
978302147
978108078
978306248
978012110
978308197
978011104
978112023
978205112
978316078
978011214
978101193
978011191
978012035
978012020
978012156
978207038
978405038
978007235
978209001
978013003
978013081
978012027
978210080
978412149
978013130
978402195
978012157
978013230
978405185
978013203
978404117
978410120
978013034
978013145
978013179
978012165
978013142
978414006
978014060
978412145
978501132
978501061
978501045
978501095
978014068
978014075
978014080
978014200
978014152
978013191
978014098
978501085
978014073
978501178
978502065
978014070
978015061
978014113
978014229
978015007
978015041
978501034
978503026
978014232
978016027
978405115
978016103
978502066
978016053
978503032
978015181
978016221
978016101
978502174
978016247
978209138
978502100
978502088
978503011
978305058
978303099
978502143
978301079
978312162
978502092
978311097
978111005
978502187
978216179
978503114
978402173
978503191
978308223
978503216
978402123
978401136
978403212
978304227
978402134
978404106
978504025
978503225
978010058
978503226
978403069
978405162
978504026
978503172
978103187
978411178
978402224
978414098
978413220
978411158
978504019
978412017
978504156
978504128
978012019
978501029
978505024
978412126
978501055
978501018
978505003
978415183
978501031
978406237
978011238
978501112
978504130
978501146
978501145
978501077
978505103
978501179
978501088
978505062
978502038
978501248
978501229
978505202
978416134
978501249
978409229
978502021
978502027
978502045
978412127
978501082
978502064
978502051
978502039
978506047
978502180
978502162
978502160
978505206
978502167
978502170
978502142
978502054
978502017
978503048
978503006
978503025
978502161
978502181
978502185
978503076
978503028
978503081
978503104
978503096
978503056
978507234
978503098
978503134
978507181
978503110
978503175
978503070
978507116
978503154
978502096
978503141
978503100
978507220
978508187
978502191
978508192
978503214
978503198
978504037
978503218
978504018
978503229
978503232
978504041
978504044
978504049
978508148
978504024
978509129
978509116
978504094
978504110
978509026
978504090
978503219
978509099
978504073
978504122
978504059
978509200
978510004
978504053
978503210
978505017
978505052
978504230
978504162
978510009
978504114
978510013
978509246
978509241
978504173
978505021
978504071
978505053
978505069
978505065
978510214
978505083
978505158
978505073
978505008
978505203
978505161
978505163
978505237
978510090
978506132
978510243
978510239
978510117
978506052
978506069
978506003
978505115
978506133
978511052
978511093
978511103
978511001
978506103
978506174
978506172
978511132
978506223
978506144
978507041
978507033
978505224
978507003
978507075
978511164
978506124
978507241
978511229
978508015
978507089
978507223
978508021
978507115
978508046
978512177
978511169
978508069
978506230
978508063
978512170
978508173
978508092
978508193
978508197
978508087
978508103
978508206
978503165
978508199
978508244
978509027
978508224
978509019
978513088
978509012
978509001
978508217
978509073
978509096
978508058
978509140
978513079
978509121
978509041
978509150
978509170
978514008
978513247
978509225
978509197
978510044
978509198
978513160
978510036
978509236
978510008
978510112
978510196
978510131
978510222
978510081
978510082
978514165
978510010
978515003
978510163
978514090
978510219
978514105
978510250
978510231
978511023
978511045
978511014
978511076
978511031
978510046
978511011
978511116
978514065
978511012
978511111
978511172
978515038
978515078
978511120
978511192
978511156
978511208
978511209
978511153
978511185
978515142
978511226
978512069
978512056
978511191
978511234
978511247
978512039
978512055
978516051
978512113
978512157
978512077
978512104
978512183
978515197
978512136
978512129
978512164
978512059
978511160
978516149
978507021
978513011
978513018
978512184
978512242
978512210
978513111
978513016
978512211
978513238
978516232
978512196
978513213
978512241
978512230
978513179
978514015
978513126
978514002
978603011
978514029
978513158
978514107
978514094
978510011
978514067
978513112
978602217
978514239
978609223
978514097
978514236
978514135
978514228
978701036
978514042
978514140
978515001
978515012
978515049
978515023
978514149
978515085
978515009
978515037
978701193
978515044
978515062
978515052
978602193
978702020
978515045
978515122
978701244
978515072
978515128
978515120
978515071
978702121
978515145
978515135
978515139
978702073
978702176
978515147
978515144
978515154
978515190
978515198
978515230
978515206
978703016
978515178
978515188
978515199
978516059
978516074
978516060
978515149
978516041
978515216
978516063
978516080
978516020
978516102
978516088
978703087
978516126
978516122
978516097
978516129
978516164
978703064
978516153
978516175
978516192
978514219
978516218
978703085
978703152
978514249
978514218
978703115
978516225
978703101
978516179
978516233
978516224
978516242
978516185
978703181
978516234
978605233
978516221
978516241
978603032
978606072
978615087
978610246
978603063
978701021
978516247
978606104
978704133
978613017
978613026
978701050
978701014
978701013
978612083
978701058
978701017
978701009
978701140
978701109
978701072
978701240
978701237
978701057
978701219
978701228
978701061
978701097
978701179
978705082
978705075
978705074
978702036
978702108
978705055
978702009
978705136
978702017
978702031
978702228
978702158
978702191
978705159
978702240
978701248
978702063
978702237
978703007
978702245
978702072
978703024
978702178
978703029
978702249
978703045
978702021
978703058
978703011
978703030
978702231
978703089
978706120
978703100
978706128
978703061
978703081
978703080
978703083
978706131
978703140
978703047
978703173
978703142
978703070
978703104
978703121
978516162
978706237
978703091
978703195
978706192
978703182
978703203
978703187
978703218
978703075
978707054
978703214
978703242
978704112
978703177
978706206
978703235
978704177
978704115
978703176
978704142
978707193
978703226
978704137
978705007
978704246
978704117
978703194
978704118
978704163
978704130
978705032
978704124
978707198
978705056
978705018
978704179
978705003
978705066
978705047
978705008
978705132
978708164
978705099
978705126
978705071
978708215
978704172
978705130
978705148
978708226
978708237
978705134
978705115
978705193
978705172
978705053
978705065
978705216
978708069
978705241
978705161
978705233
978705186
978705188
978706058
978709181
978705189
978706032
978706121
978706054
978706124
978706056
978706145
978710037
978706059
978706141
978706169
978706189
978709245
978709203
978706183
978710006
978706239
978706140
978706174
978706195
978705225
978710150
978707037
978710136
978706247
978706248
978707055
978706220
978707047
978706132
978707029
978707027
978707083
978707060
978707133
978707062
978707108
978711121
978707112
978707081
978705165
978707087
978707172
978707073
978707242
978707205
978707134
978707168
978708009
978708034
978707064
978711136
978708013
978708061
978708080
978708032
978707163
978708199
978708148
978707207
978708123
978709008
978708169
978709012
978709007
978708188
978712057
978709048
978708229
978708222
978709021
978709055
978709077
978708076
978708212
978709085
978712082
978708070
978709133
978709149
978709119
978709155
978709172
978709089
978709173
978710044
978709198
978712197
978710016
978709185
978712045
978709209
978710021
978709236
978710036
978709180
978710097
978710081
978713055
978710111
978710090
978713023
978709239
978710103
978713061
978710086
978710124
978710082
978710114
978714066
978713142
978710128
978710127
978710098
978713161
978710099
978710142
978710179
978710232
978710119
978714072
978710195
978710171
978710244
978714103
978710213
978710186
978713239
978711034
978711062
978711091
978714154
978710196
978714139
978714039
978714142
978711064
978711123
978714190
978711115
978714244
978711042
978710237
978711116
978711124
978714157
978711149
978714230
978711009
978711141
978715078
978711158
978711093
978711154
978714187
978711157
978711177
978711201
978711166
978715213
978715111
978711160
978716001
978715197
978716077
978716013
978711217
978711144
978712042
978716120
978711208
978712044
978712029
978716028
978712050
978712017
978716059
978712100
978712071
978712149
978712129
978712098
978716108
978712125
978712101
978716131
978712131
978716208
978714231
978716146
978710050
978712218
978712207
978716134
978712134
978716189
978716156
978712086
978716215
978712061
978712211
978712241
978712229
978715143
978712165
978716225
978716197
978713054
978713003
978712210
978713020
978801240
978713030
978713131
978802020
978806054
978716238
978805104
978807175
978713075
978714006
978713151
978714094
978713038
978812049
978804155
978712239
978713083
978902162
978713207
978714100
978714028
978714126
978813172
978714027
978904112
978816003
978714055
978713160
978810221
978714136
978811167
978714170
978811153
978714121
978714192
978909207
978715023
978908235
978713220
978714165
978915055
978914234
978714118
978904091
978714202
978714140
978714222
978714216
978715040
978715139
978715098
979002127
978715054
978916223
979006054
979001098
978914201
979004067
978714219
978715150
979002232
978716011
978715092
978714110
979003159
978715136
979111246
979102039
978716060
978714150
979002214
979009162
978715147
979016113
978715220
978716121
979107248
978716101
979110011
978912111
978716095
978716043
978716041
979113172
979104117
978716200
978716078
978716185
979115064
978716174
979111121
978802183
978806095
978802231
978716128
979202123
979111169
978716157
979201043
979116018
978810004
978810179
978804080
978812064
978808156
979207007
979115094
978816042
979209142
978904165
978816114
979204157
979201024
979111109
978812145
979205147
978711104
978908202
978913136
979208126
979211172
979304140
978908084
978916096
979312119
978908079
978804167
979002005
979002120
979316049
979001115
979401055
978911016
979001073
979011092
978903082
979312032
979401063
979401052
979314187
979002083
979203189
979101070
979003057
979003103
979314011
979401146
979401169
979102244
979103033
979104098
979002198
979102213
979013160
979402120
979106132
979103118
979402157
979401134
979401057
979110209
979106020
979103061
979402158
979110225
979402163
979401101
979108058
979402153
979002182
979402185
979106249
979402205
979114011
979014202
979107059
979404017
979403146
979403248
979115233
979116134
979404114
979405005
979403188
979114113
979404232
979116224
979113081
979111210
979404128
979115213
979403170
979404161
979403235
979404122
979404236
979205076
979404250
979403057
979204112
979404147
979403193
979209051
979203134
979406067
979406116
979405044
979208032
979405168
979405027
979215187
979406135
979215103
979405056
979301215
979210250
979407067
979114245
979210086
979205068
979406010
979405225
979407040
979208208
979308012
979407162
979406162
979304071
979408009
979304084
979308223
979308197
979407137
979407144
979407166
979309065
979309052
979309176
979407045
979311017
979309047
979405215
979313118
979312211
979408092
979408232
979407110
979308063
979408184
979408020
979408017
979209138
979314190
979407250
979401071
979401018
979408203
979408234
979401120
979401003
979401151
979402080
979409151
979215045
979402007
979402203
979410017
979408212
979401213
979409064
979402206
979402021
979410142
979401153
979402046
979409136
979409244
979402237
979402133
979409173
979410082
979411061
979410086
979402240
979410242
979409163
979411059
979402189
979407124
979403047
979402182
979403069
979404024
979410162
979411115
979411159
979402239
979411156
979411210
979411001
979403217
979404163
979411167
979403096
979411237
979403149
979411067
979411138
979412053
979404069
979402244
979412061
979405017
979413043
979414133
979405038
978814016
979410099
979402227
979405121
979405127
979413240
979412071
979405138
979405132
979403145
979414046
979405078
979405025
979406124
979414179
979413231
979414230
979407062
979407099
979405153
979415220
979416058
979405183
979416126
979413112
979405245
979416096
979407157
978906135
979407160
979415154
979407169
979414071
979416208
979416183
979501235
979407198
979416238
979416242
979416106
979407224
979414197
979408038
979407206
979408061
979507191
979407079
979508178
979502233
979408039
979408208
979507248
979408219
979408167
979511103
979516025
979408242
979511075
979409091
979409006
979512029
979509025
979405145
979616223
979416236
979611016
979408036
979510135
979511121
979111011
979410006
979410091
979409089
979709031
979606135
979611185
979409188
979406202
979410244
979411009
979411047
979409245
979616159
979409115
979411154
979410201
979410123
979410136
979802164
979411178
979801054
979808060
979412209
979412199
979806117
979807138
979802143
979514196
979412067
979902071
979412156
979911013
979412238
979413221
979411247
979913216
979414067
979910247
979412143
980002035
979413244
979413132
979414115
979413204
979414131
979415050
979413051
979414202
980007109
979914060
979907074
980007207
979916233
979414246
979414076
979415177
980002213
979912201
979416026
979915027
979414094
979915188
979414250
980008200
979415144
980013160
979416063
980014247
979416018
979416074
980009021
980110128
979416084
980010011
980015012
979416211
979416152
980105197
979416180
979416070
979414140
979416119
980016162
979416241
979502119
979502051
979504165
979506084
979416247
979415213
979416156
979415130
979502193
979516115
979513239
979505208
980212238
980207211
979505024
980204139
979406141
980213075
980009189
980207068
979516248
980209244
979514099
980207133
979608079
979508234
979609207
979602072
979516135
979714211
980307221
979710086
980306039
979801244
980305114
979608232
980307058
980304177
980312229
979714076
979805032
980308027
979806047
979806013
979807015
979808097
979806014
979904119
979811074
979912136
980401229
980405048
980403167
980403235
980404250
979906178
979907057
979914157
980405011
979913032
980005225
979908122
980404012
979909005
979810014
980406205
980408234
980006165
980406117
980408152
980008089
980406073
980004014
980405139
980009174
980012208
980405141
979916152
980010010
980409086
980011201
980103089
980008215
980407242
980015113
980409008
980001033
980103033
980104234
980411046
980409136
980102174
980101097
980410209
980014043
980105007
980409170
980412032
980105107
980105123
980412114
980411234
980106084
980409207
980111008
980413139
980413172
980412018
980107099
980412119
979613136
980211141
980201017
980412135
980203116
980107175
980414188
980203003
980112068
980115026
980501080
980414242
980416232
980204140
980201084
980201118
980110175
980205229
980416246
980208105
980209120
980107003
980104227
980501214
980212151
980501108
980501085
980214231
980207155
980207087
980502107
980307181
980502143
980501070
980209203
980301130
980502091
980303081
980306082
980302181
980503048
980303152
980502133
980302231
980501243
980307210
980502073
980304236
980215004
980311092
980502180
980312133
980313187
980308199
980501234
980504026
980308230
980212022
980504121
980402064
980401169
980504059
980504128
980404037
980403141
980316163
980504037
980401128
980313126
980405033
980503045
980505009
980403065
980504139
980403088
980402080
980406148
980505007
980406094
980505055
980405224
980505018
980403127
980505084
980407062
980405241
980505176
980505114
980504234
980408208
980405067
980409189
980505136
980408237
980505185
980506043
980408096
980412226
980411073
980411074
980506133
980413115
980506006
980409045
980410043
980505137
980506245
980507015
980409001
980414031
980507052
980506239
980507094
980505130
980414106
980412241
980415134
980507064
980406081
980506229
980414174
980410213
980507109
980507211
980507132
980501136
980501117
980501241
980501194
980507221
980414201
980508102
980409111
980416164
980502193
980501158
980502206
980416210
980502092
980501022
980502213
980508159
980502155
980503025
980508055
980503061
980503114
980508219
980503159
980503158
980508194
980509067
980503142
980501200
980508046
980503203
980503190
980504033
980503218
980504115
980503232
980510002
980504117
980504123
980504174
980509222
980509148
980509192
980503191
980510003
980504144
980503200
980505103
980505036
980505063
980503106
980510012
980510123
980505047
980505061
980505129
980505188
980505187
980505108
980505070
980505083
980510155
980503165
980506026
980511132
980506004
980505225
980511061
980512023
980506027
980505212
980505199
980511131
980506076
980512019
980505198
980512127
980512095
980506039
980512089
980505145
980506095
980506152
980506124
980512136
980506185
980512087
980512141
980507162
980506053
980512093
980512200
980512178
980507032
980416085
980512144
980512240
980507010
980513231
980507105
980513155
980507023
980507054
980513073
980513050
980507138
980507084
980507205
980507134
980506221
980512129
980502039
980513126
980507066
980514042
980514031
980507208
980513199
980514109
980514020
980514144
980508049
980513247
980515004
980514103
980508086
980507240
980514200
980508062
980507160
980515038
980515120
980514099
980508015
980514157
980515085
980508158
980507250
980514222
980507234
980514152
980508215
980514165
980508063
980508184
980508089
980515162
980515190
980516058
980509040
980508147
980508234
980516019
980516128
980516072
980509199
980515203
980516197
980516162
980509023
980509145
988208162
980509210
980508235
980516025
980510081
980516224
980510082
980509102
988208229
980509243
980510127
980510103
988302178
980510196
980510190
988301087
980510212
980510231
980510100
980510201
980510151
988301115
988302152
988304231
988303002
988302053
988305237
980511059
980510226
980511047
988306151
988303051
988304094
988306183
988306052
980511160
980511076
980511006
988307089
988307099
980508019
980511096
988307167
980511206
988308082
980512025
980512067
988307206
988310048
980512084
980511135
980512077
988310124
980512137
980512161
980512193
988310244
988310160
980511180
980512088
980512180
988310081
980512207
980512188
988310141
980512075
980513099
988312131
980513207
988311243
980513130
980514041
988311211
988311103
980514088
988314078
988312083
980513149
980514056
980513078
980513234
988314226
988311059
980514084
980514052
988312180
980515003
988314106
988314122
980513244
988315087
980514199
988316108
988302062
980514118
980513169
980514212
988315079
980514240
988405025
988316164
980514121
980515111
980515009
988316240
988316012
988402164
988315188
980515122
988415039
988408079
988412111
988505041
980515235
988409205
988412147
980515228
980515192
988501017
980515127
980515233
980516039
980516059
988514245
980516089
988516183
980511242
988607092
980516051
980516102
980515050
980516163
988604181
988506009
988604177
988611012
988507124
980516192
980516228
980516223
980516120
988608198
980516240
988608020
988416157
988208057
980516242
988208208
988703207
988704007
988611029
988705118
988302040
980516142
988702221
988615035
988208233
988302249
988702106
988708228
988313149
988301220
988304013
980516234
988711081
988712147
988306132
988305108
988805103
988302119
988306240
988810225
988307150
988307081
988801235
988307075
988308156
988803085
988816236
988803057
988310012
988307170
989001045
989001057
988305033
988308226
988310202
988309149
988309042
988309204
989001091
988307134
989001131
988814117
988310136
988709162
988310186
988311153
988311135
989001142
989002020
988308194
989001190
988312078
988314244
988314231
988312144
988315074
988312170
989002079
989002078
989001175
988315072
988314107
989002162
989002090
988312243
988315187
989002174
989002230
988316149
988316241
988316157
989002191
988303184
988404173
988404013
988703145
989003014
988408164
988411188
989003073
988413126
989002070
988415022
988809031
989003093
988305047
988415153
988502016
989001006
988503170
989003076
989003109
989003147
988509198
989003053
989003144
989003139
988515189
989003091
988505121
989003200
988511211
989003193
988514247
989003149
988604041
989003063
989003245
989004025
988708126
989003242
988702209
989004029
989004053
988701098
988311086
989004067
989002054
988707153
988713205
988702126
988709244
988709142
988712044
989004124
989004113
988803245
989005069
988713180
988315048
988716137
989005027
988714090
988805075
988316004
989004096
988716243
989004160
989004185
988808223
989005127
988810079
988804068
988806013
988316223
989005178
989005076
989005096
988806070
988815162
988812208
989001027
989005090
989001003
989005120
989001088
988804030
989001120
989006024
989001138
989002180
989005181
989001098
989006025
989001158
989002005
989006062
989001162
989001170
989001084
989006063
989006073
989001188
989005204
989002093
989001153
989003047
989002006
989005182
989006162
989006133
989006090
989002076
989006124
989001230
989002121
989006135
989006144
989002132
989006096
989002115
989002037
989006151
989002161
989006167
989006187
989002137
989002207
989002123
989002168
989007027
989003065
989003072
989003005
989007011
989001053
989007073
989006230
989002238
989007114
989007045
989007067
989002217
989003069
989003012
989007056
989007133
989003092
989007202
989003056
989003170
989007236
989007125
989003145
989003030
989003159
989008097
989007146
989003140
989008082
989007096
989003195
989008031
989003173
989003229
989003189
989008028
989007139
989004077
989003167
989008173
989006235
989008102
989008186
989004054
989008180
989003207
989003248
989004030
989004086
989008108
989004115
989009151
989009171
989004048
988613139
989008203
989009096
989009200
989004177
989009117
989009050
989004085
989009244
989005005
989005066
989005063
989008103
989005064
989008122
989005026
989010041
989010109
989003217
989005152
989009195
989005163
989009169
988804007
989005115
989010226
989010195
989010134
989006067
989005043
989004137
989005205
989005203
989006026
989005158
989010002
989006076
989010166
989010121
989007025
989006181
989010083
989006245
989006165
989005088
989006089
989006159
989010019
989006208
989007049
989011076
989006250
989007112
989011136
989007055
989007057
989011088
989007060
989011192
989011122
989011164
989011037
989008073
989012056
989011158
989007240
989011020
989007181
989008111
989012050
989008094
989008117
989007249
989012063
989012084
989012027
989008072
989007151
989008118
989012115
989012151
989008159
989008209
989011234
989008164
989012086
989008188
989009006
989012037
989008109
989012161
989012210
989012177
989013048
989008168
989012238
989008193
989012166
989009007
989012195
989013026
989009090
989009009
989013059
989008190
989013208
989013090
989008208
989014100
989013070
989009023
989013154
989013122
989009067
989009109
989009046
989014070
989009184
989009106
989009202
989014128
989009190
989013199
989014148
989014131
989009088
989009247
989009209
989009239
989009029
989014027
989014172
989014220
989014218
989015023
989010016
989009078
989009153
989009212
989014239
989010080
989010104
989010091
989010127
989015082
989015025
989010092
989010120
989009204
989011001
989011013
989015093
989015152
989016043
989015027
989014107
989010114
989010182
989015198
989015206
989010212
989016163
989016089
989015081
989016085
989016091
989015136
989011116
989011159
989011126
989010190
989011003
989016113
989011172
989016095
989016111
989011227
989016204
989011177
989104037
989012053
989011150
989016193
989011077
989101229
989012064
989204137
989012060
989012069
989011188
989011023
989012119
989208006
989209020
989012158
989012076
989214041
989012164
989211131
989012170
989303134
989012110
989012168
989012125
989216129
989201189
989013105
989013081
989012193
989013198
989014016
989012172
989013010
989012072
989012189
989013205
989205117
989212198
989012073
989014173
989013032
989303165
989315085
989014121
989014002
989014084
989308045
989310142
989314182
989315113
989014071
989014177
989014170
989014028
989014200
989401022
989014209
989401158
989401117
989401241
989014112
989015007
989205131
989402073
989402093
989402091
989401108
989014219
989014244
989015024
989015043
989403003
989015071
989402133
989402194
989401070
989402213
989402206
989015037
989402155
989402193
989403048
989403106
989014216
989403024
989015169
989014057
989403187
989015144
989403159
989015099
989403045
989016018
989015050
989016049
989016059
989403232
989016080
989016109
989015122
989016115
989403210
989016156
989016121
989016221
989016178
989016120
989016200
989016224
989404059
989404139
989105157
989404115
989404128
989015085
989405070
989405009
989016237
989109235
989102161
989014008
989405061
989107231
989405036
989106058
989405055
989112162
989207219
989109218
989115097
989406026
989405129
989112039
989211053
989303135
989202158
989406185
989211063
989210182
989213178
989211071
989406039
989406133
989212238
989108174
989007121
989406245
989406229
989406095
989406053
989308208
989306156
989407064
989407015
989407134
989311121
989309193
989306247
989407052
989315099
989407084
989308031
989307213
989407066
989401136
989401212
989309136
989315177
989401039
989310197
989402092
989402107
989401145
989315009
989407208
989403025
989401085
989407205
989314060
989401243
989401234
989408063
989403014
989403061
989408019
989408086
989407122
989403190
989404033
989403191
989403218
989403200
989408062
989408135
989403114
989408215
989405130
989408147
989403142
989408194
989404026
989409040
989404037
989404121
989409023
989403203
989408102
989404034
989409145
989403165
989402192
989407234
989410012
989410100
989408234
989410190
989410142
989404144
989405018
989405063
989410081
989405047
989404066
989410003
989412019
989411061
989404234
989402143
989405016
989405108
989411096
989411180
989412067
989405114
989411047
989412075
989405188
989405136
989405137
989405007
989405103
989405084
989405145
989405212
989405176
989405185
989406175
989412087
989412022
989406152
989406027
989406076
989406004
989406124
989412127
989405225
989407094
989412095
989406085
989406221
989407048
989406239
989413123
989407250
989412193
989407023
989414056
989413247
989407162
989407032
989407105
989407211
989407132
989408158
989407109
989407221
989408049
989408184
989408233
989409067
989408055
989409055
989408219
989409002
989409102
989409138
989408235
989408089
989409199
989409192
989409210
989414212
989414157
989409243
989409148
989410051
989414240
989410155
989414242
989410226
989410196
989410103
989410123
989411076
989410082
989410201
989412053
989410231
989411160
989411172
989416163
989412089
989412088
989411131
989412023
989412137
989408046
989412144
989507085
989416089
989412093
989412129
989510014
989410212
989412084
989412141
989412136
989412200
989412180
989411006
989412125
989412178
989412188
989412161
989413022
989411242
989412207
989413126
989412244
989413099
989413078
989413155
989413234
989413207
989412240
989411059
989414020
989404123
989413169
989413130
989701158
989414026
989414031
989414084
989414038
989414042
989414103
989414109
989413231
989414119
989414041
989414088
989414152
989414200
989414222
989715101
989415050
989414132
989414118
989415083
989414224
989816194
989414165
989811141
989414209
989415003
989414121
989414245
989809119
989805190
989415111
989715186
989415122
989903023
989415162
989814136
989811017
989415192
989415154
989906020
989415120
989415233
989414052
989908159
990002063
989415235
989904157
989416025
990004012
989416058
990005011
989416059
989416051
989416072
989416019
989416162
990005067
989915153
990005241
989415228
989416224
990002080
990006117
989416192
990005139
990005033
989416039
989416120
989416197
989416223
989507068
989416128
989416228
990007062
989412025
989505100
990005163
989416234
989416242
989508087
989416102
990008234
989513029
989601233
989509011
989416241
989511199
990009001
989416240
989607026
990010213
989612125
990009135
989605130
989508188
989602169
989610032
989616079
990009086
990011234
989616236
990010128
990014188
990015045
990016164
989511040
989613203
989613133
990009136
989704122
990011111
989703078
990012119
989704250
989607221
990012226
989606247
990013172
989711017
989709100
989704132
989708160
989705003
990016085
990016208
989712184
990101074
989711060
989713122
990010209
989713232
990101129
990101151
989806026
989711193
989716016
989710154
989809077
989708032
989903176
990102106
990101191
990016232
990101113
990101064
989906063
989909145
989711205
989803184
990102037
989809209
989415085
990101215
990102005
989916092
990102096
990102124
990101079
990102101
990102066
990102083
989910119
990102155
990102197
989815100
989715130
989907044
990102107
990003141
989907234
989812071
990102178
990102214
990102206
990001128
990001229
990005048
990004037
990103050
990102170
989901085
990102180
990103112
990003127
989807093
990102140
990103087
990005141
990003088
990103052
990103141
990103140
990103073
990002064
990007118
990104159
990103187
990103063
990104122
990006148
989906119
990006081
990008237
990103218
990008096
990104068
990008208
990005224
990006205
990104177
990009170
990009008
990009045
990009111
990006073
990104030
990104137
990103190
990104190
990103144
990012032
990105237
990010044
990105190
990011057
990105206
990105105
990105063
990105092
990010043
990104250
990105205
990012114
990105130
990105037
990012135
990104167
990011118
990011046
990013139
990101018
990101017
990014106
990014201
990101082
990106225
990101136
990101240
990016234
990016246
990101140
990107121
990101218
990107046
990107083
990107039
990107135
990102039
990101063
990102022
990102030
990108039
990108060
990106238
990102020
990101041
990102069
990101092
990108031
990102090
990102122
990107108
990107105
990102078
990109039
990107175
990105203
990102071
990108103
990102158
990108223
990109151
990101043
990108209
990109163
990102026
990109183
990103007
990103053
990103088
990103109
990102160
990102198
990109050
990103170
990108155
990110095
990110030
990103096
990110008
990102164
990103214
990110114
990102247
990109226
990110186
990110036
990103164
990110080
990103200
990110155
990102154
990110019
990110141
990111131
990103176
990110151
990104012
990104023
990111037
990007242
990110162
990104008
990104129
990111214
990104032
990110237
990103186
990110062
990105062
990105019
990111188
990110243
990111167
990112166
990112135
990105139
990105029
990112042
990111160
990011074
990105064
990112197
990113092
990105112
990104091
990111234
990111227
990105096
990105161
990112096
990105171
990113038
990106120
990114058
990106237
990106025
990104128
990112248
990107029
990114046
990113211
990106185
990107032
990105212
990107038
990105193
990113167
990114070
990106090
990113112
990107115
990107050
990107089
990107040
990114229
990114157
990107084
990107073
990114147
990107069
990114250
990114201
990115092
990114173
990107162
990107087
990107156
990108162
990115113
990107152
990108020
990107153
990115062
990109009
990108033
990108111
990109137
990108233
990109016
990109152
990115206
990116095
990109230
990109159
990108182
990115189
990110022
990116223
990115213
990115170
990116203
990108243
990103188
990201061
990116026
990116111
990109201
990109170
990115127
990201004
990116250
990109204
990110046
990110049
990110023
990110182
990110219
990111086
990110121
990201059
990111052
990110139
990201088
990201127
990110078
990201197
990112097
990201071
990111029
990112022
990201130
990201154
990111013
990201091
990202065
990201145
990201169
990111174
990112095
990111177
990112093
990111151
990112226
990112222
990112151
990112243
990113022
990113021
990202083
990114071
990113127
990202193
990114063
990202137
990202157
990114028
990114169
990111184
990202142
990202128
990104090
990114107
990111145
990202183
990202159
990113073
990114174
990203021
990114103
990114198
990114193
990203006
990114221
990114192
990115156
990203103
990203152
990115184
990115145
990115078
990115061
990116188
990203121
990203078
990203087
990114069
990203042
990115190
990116031
990115115
990203193
990203172
990201014
990114227
990204062
990113119
990203201
990201006
990201053
990204013
990116133
990202154
990201007
990204039
990201021
990203218
990201033
990201002
990204054
990116128
990204094
990201184
990204123
990201172
990203203
990204104
990201092
990115216
990204118
990201158
990204119
990201244
990201116
990201065
990201077
990203195
990204124
990201196
990204130
990202007
990204144
990204240
990204140
990202037
990201240
990202019
990202044
990202045
990202001
990112112
990205046
990202155
990202077
990202141
990204114
990202151
990204246
990205010
990205047
990205038
990202051
990205012
990205052
990202046
990205096
990202123
990204238
990202241
990202124
990202243
990205108
990205113
990202185
990205145
990202228
990202167
990202206
990202162
990202209
990205064
990205118
990205231
990116042
990205205
990203075
990205158
990202245
990205162
990203112
990203082
990206005
990206063
990203114
990203101
990206079
990206024
990203091
990206031
990206163
990203151
990203190
990203202
990205121
990206067
990203145
990205075
990202218
990203170
990206069
990203220
990206145
990206190
990203175
990203206
990206096
990207013
990203213
990204053
990203031
990204113
990206225
990204026
990206235
990206222
990203210
990204171
990207025
990204080
990204014
990206212
990206206
990207036
990206247
990204068
990207094
990206196
990204096
990207074
990207202
990204129
990204156
990207084
990207206
990204178
990207184
990204134
990204137
990207058
990208008
990204157
990204117
990205006
990205034
990207107
990204160
990204250
990208072
990205061
990204184
990208111
990208068
990204233
990205084
990205089
990207239
990208026
990205041
990205050
990208122
990205020
990208079
990204173
990205017
990208096
990205138
990208195
990205239
990208188
990205194
990205193
990208145
990209020
990209002
990206004
990208240
990208123
990205245
990206008
990208177
990208049
990209024
990205021
990204236
990205124
990208233
990209141
990209047
990206065
990209147
990208199
990209048
990205216
990206068
990209113
990205208
990209195
990208022
990209180
990209073
990209112
990206038
990209217
990209176
990210003
990206059
990206014
990206056
990206120
990206118
990206028
990206141
990209214
990211013
990207048
990207032
990206174
990211093
990206234
990207083
990211162
990211071
990210171
990207023
990211001
990207038
990207103
990206237
990211151
990207007
990207203
990211158
990207123
990211183
990207064
990211130
990211036
990207114
990211030
990212022
990207138
990207118
990211105
990207149
990207221
990208013
990207231
990212125
990208029
990208028
990211232
990208041
990208060
990212030
990208069
990211206
990208061
990208086
990208121
990212170
990212164
990212060
990213011
990208062
990213051
990212066
990212145
990208156
990209038
990212210
990209050
990209043
990209119
990209052
990213057
990212230
990208229
990209005
990208219
990213031
990213131
990213026
990213143
990213072
990208218
990209114
990209077
990213055
990209086
990213102
990214001
990213044
990208215
990213189
990209137
990213226
990209175
990209096
990213144
990209188
990209198
990209204
990209202
990209218
990209243
990210139
990209246
990214080
990214140
990214079
990213232
990213213
990209140
990210112
990210066
990214108
990210050
990210250
990210245
990214039
990213075
990214149
990210225
990215022
990214190
990211042
990211035
990209121
990210237
990211164
990214196
990214173
990211092
990215087
990211020
990212017
990211228
990211243
990215024
990212026
990215074
990212096
990215111
990211061
990212100
990212110
990211157
990209129
990214138
990215158
990210022
990215150
990212123
990212115
990212134
990215176
990212122
990212235
990216009
990212097
990212057
990212136
990216056
990215142
990212177
990212088
990212244
990213033
990216028
990216070
990216012
990213048
990216053
990216091
990213147
990216138
990216105
990213059
990216204
990213174
990212238
990305245
990216120
990213061
990216225
990213191
990210092
990213227
990212178
990214098
990310036
990213244
990213076
990303006
990412138
990216148
990216031
990313037
990213160
990311061
990214126
990501089
990501076
990412241
990214227
990501005
990214186
990502094
990214195
990405005
990214132
990215039
990214249
990307153
990215054
990214152
990215015
990502134
990501085
990502100
990215095
990502046
990215120
990215130
990502228
990214247
990214192
990502176
990215137
990215170
990504038
990215228
990215153
990504110
990502045
990216010
990215197
990503171
990502238
990216041
990215055
990502108
990216095
990503011
990502165
990504059
990216020
990506048
990216102
990504113
990216110
990216162
990216179
990215085
990508090
990216058
990216043
990508187
990215143
990305124
990508058
990505129
990216236
990216237
990509057
990305005
990310215
990306245
990505166
990510043
990508146
990216122
990304030
990509250
990514016
990305096
990509158
990314197
990507118
990512135
990306194
990401233
990215072
990315215
990514032
990512129
990211247
990314088
990315115
990316040
990407147
990501077
990511124
990515116
990516040
990514212
990501059
990215106
990411154
990516157
990503029
990509027
990516144
990612247
990316208
990514171
990406227
990516163
990514036
990315220
990706195
990502240
990515100
990215105
990502083
990611016
990801143
990707135
990502014
990608235
990505046
990503051
990714032
990503226
990503185
990713235
990503222
990504114
990802195
990604231
990508203
990507146
990505084
990802031
990507021
990809022
990503150
990705146
990505050
990506207
990502142
990509217
990509144
990509239
990805158
990808173
990904176
990509152
990510245
990507072
990510202
990902017
990906223
990902173
990806124
990912147
990509188
990509141
990512176
990813018
990512179
990816241
991006003
991002134
990514010
990510047
990512141
990809202
990508152
990512077
991007198
990514034
990513167
990916045
991004144
991005084
990514238
990515092
991007242
990516164
990516230
991113225
990604165
990613136
990515201
991106072
990515113
991111174
991115025
990606135
991306049
991209112
991015004
991301139
991011208
990608234
991205058
990709144
990708142
990516246
991305185
991307023
990702136
990609207
991008032
991108214
991308240
990804026
990705017
991310058
991402072
991307221
991302096
990707037
990806019
991402249
990803248
990713016
991407111
990711242
990803032
991405127
990701134
991412063
990807019
991401054
990804239
991503213
990902145
991312243
990816164
990908061
990808061
991408208
991503116
990801073
990809039
991503056
990714039
990808133
991506231
991501057
990902195
990806198
991508039
990811067
991505077
990912114
991504181
990911105
991507062
990914088
991414114
991512040
991008156
991512189
990911062
991504052
991007104
990916159
991507231
991012037
990911118
991002072
991007054
991012247
991004118
991514145
991508186
991515199
991012229
991511093
991101079
991007016
991116082
991204052
991509079
991605208
991110049
991204132
991605175
991514066
991015025
991108090
991606084
991115105
991605229
991602240
991108180
991103009
991606229
991305142
991209026
991516202
991305152
991301239
991114140
991613038
991313131
991608110
991610225
991310014
991605017
991307123
991309183
991611205
991308055
991303189
991209055
991310249
991402145
991403140
991615078
991314244
991616080
991011013
991416027
991615116
991612239
991611011
991404069
991416060
991409140
991615139
991401059
991405030
991703145
991406088
991716121
991706249
991709101
991306145
991407110
991715137
991706221
991716248
991801031
991501238
991507089
991401060
991801043
991503013
991801053
991503200
991801061
991801025
991505030
991801077
991801034
991508071
991506151
991702215
991416108
991801045
991801081
991714196
991508193
991510097
991801132
991505125
991801082
991507219
991513161
991511199
991801179
991801112
991509212
991802065
991802038
991516197
991515098
991801178
991604161
991801189
991802039
991802143
991803028
991603071
991802161
991516200
991802092
991607056
991514056
991802185
991601170
991802181
991602154
991801248
991602001
991802021
991511221
991803048
991606081
991803098
991803134
991803141
991610242
991802162
991605172
991607215
991802191
991611016
991608103
991803172
991804019
991613136
991803159
991702214
991804139
991801018
991803104
991704089
991803154
991715023
991803110
991803011
991804122
991803216
991801055
991704069
991802027
991801146
991804162
991804173
991802017
991801029
991801122
991804044
991801095
991804094
991803198
991804130
991804133
991802174
991804025
991805017
991801137
991802051
991802180
991802059
991802142
991804230
991803025
991805059
991802208
991802160
991802054
991805021
991802066
991803006
991805024
991803026
991805224
991802170
991805136
991805052
991803100
991805203
991802167
991803191
991806047
991803070
991803096
991805206
991803114
991805062
991803081
991806079
991805163
991803165
991806069
991806132
991806120
991803094
991806223
991803056
991805237
991803175
991803214
991807041
991803225
991803226
991803219
991803229
991806174
991807223
991807003
991803150
991807193
991805069
991807075
991805103
991807116
991807181
991807220
991804024
991809099
991804071
991804037
991804026
991809019
991803232
991809130
991808199
991807234
991804053
991804049
991804041
991804059
991807021
991808087
991808046
991804114
991804090
991805008
991805003
991805065
991804156
991809200
991805053
991809140
991805073
991809150
991805158
991806052
991805083
991804080
991809096
991810044
991809160
991809241
991808173
991804128
991805038
991805161
991805115
991804140
991806048
991810008
991809197
991806098
991806133
991809198
991810011
991810009
991807033
991811045
991810010
991810046
991505099
991806124
991810081
991810105
991811001
991806103
991807115
991807111
991810219
991806230
991811076
991810082
991811057
991807241
991808058
991811172
991811111
991811093
991811132
991808021
991807089
991812030
991807061
991808148
991808187
991811164
991808169
991812157
991806144
991811116
991808069
991812177
991808063
991813011
991808206
991812207
991812129
991808217
991808193
991809012
991811234
991809026
991814008
991808244
991809073
991809027
991806172
991812183
991814093
991809121
991813213
991809222
991813048
991814105
991813079
991814002
991809173
991808092
991811160
991809170
991808197
991813111
991808224
991814107
991814065
991810036
991809133
991810112
991814218
991809225
991810138
991810090
991815009
991809246
991810117
991815003
991815044
991810222
991815062
991810163
991815128
991810001
991810250
991810080
991815023
991815052
991810196
991811052
991811153
991815078
991811023
991810243
991814228
991810239
991815145
991811156
991811012
991811120
991815100
991811247
991811103
991815122
991811226
991815147
991815139
991811014
991815120
991811169
991815188
991815142
991811191
991812059
991815206
991815071
991815216
991812164
991811208
991812039
991816080
991812113
991816063
991811192
991803076
991812104
991816060
991816102
991816041
991812056
991812136
991816024
991812241
991812242
991816020
991816179
991812069
991812184
991816129
991812196
991812077
991815154
991816126
991812170
991816192
991816224
991816088
991816242
991813158
991813088
991816225
991813112
991816232
991813173
991816162
991812211
991812210
991901021
991901087
991813160
991814090
991814019
991901075
991813126
991814067
991816218
991813016
991813007
991901024
991901140
991813247
991901079
991901134
991813161
991814149
991814165
991814135
991901109
991814140
991901179
991814097
991901175
991901168
991810231
991814219
991814249
991901128
991901229
991815012
991814151
991901197
991815072
991901235
991815045
991814239
991814166
991815087
991901239
991815037
991901237
991815085
991901218
991902145
991815049
991815144
991815130
991809129
991814094
991815197
991815054
991815190
991901240
991902223
991902235
991815149
991815215
991902015
991815135
991903061
991815198
991816221
991816164
991903070
991815199
991816074
991902239
991816097
991903127
991816241
991816185
991815038
991903184
991903025
991903167
991816234
991816122
991901062
991816247
991816231
991816149
991901196
991901074
991903171
991901144
991903007
991901104
991816233
991903203
991904019
991904066
991902046
991902052
991901056
991901091
991904032
991901248
991901230
991904110
991902089
991903231
991901212
991902059
991904027
991901139
991903206
991902106
991902114
991902090
991904113
991901117
991902116
991904115
991904245
991901249
991905002
991905018
991904160
991902161
991905071
991902198
991902132
991902137
991903021
991903029
991903013
991903085
991902162
991905060
991905077
991903207
991905117
991903242
991904121
991905034
991903046
991903188
991902244
991903187
991904014
991905155
991903214
991904073
991901053
991904045
991903247
991903037
991904080
991905149
991905157
991905205
991905165
991904173
991904020
991905159
991905150
991905212
991905130
991905051
991905175
991901151
991905225
991905108
991905171
991906025
991905148
991906032
991906040
991905027
991906072
991904140
991904176
991906052
991905178
991906068
991906081
991906014
991906190
991906004
991906120
991905229
991906117
991906075
991906024
991906106
991906050
991906194
991906089
991906187
991906010
991906223
991906163
991906228
991906088
991905066
991907059
991906084
991907025
991907069
991907036
991906065
991906199
991907057
991907026
991907067
991907038
991907075
991906140
991906205
991906186
991907007
991907058
991906131
991907101
991907137
991907172
991907162
991907206
991907133
991907105
991907131
991907147
991907079
991907234
991907193
991907202
991908019
991816153
991907074
991907181
991908012
991907124
991902224
991907174
991908094
991907207
991907235
991907144
991908033
991907081
991907151
991908031
991908072
991907229
991908150
991908202
991908114
991907222
991908056
991908187
991908102
991908151
991902245
991908158
991908224
991908167
991908230
991908050
991908013
991908105
991908029
991908190
991908160
991909101
991908220
991908215
991909080
991909038
991908156
991908152
991907220
991908174
991909002
991909027
991909071
991908223
991908197
991909014
991911231
991909062
991911168
991909023
991908027
991909140
991909091
991909129
991910137
991909050
991908227
991911180
991908165
991909119
991909183
991909152
991910213
991911162
991909160
991909155
991909197
991909196
991909146
991909207
991909212
991909201
991909202
991909244
991909154
991909229
991912203
991909180
991909230
991909214
991913119
991913092
991910012
991910091
991910010
991910084
991910078
991910006
991910124
991910017
991910098
991910005
991910163
991909193
991910141
991910182
991910185
991910206
991910186
991910205
991910215
991910166
991910209
991910198
991911046
991911012
991911037
991911014
991910243
991911097
991911088
991913228
991911034
991911178
991911075
991911057
991911188
991914015
991907152
991914067
991911186
991911234
991911121
991911073
991911243
991911193
991911232
991912057
991912044
991912061
991913173
991914118
991911177
991912068
991911241
991912030
991912070
991912032
991914019
991912050
991914055
991914145
991912064
991911248
991912129
991912082
991912071
991912100
991914173
991912087
991912172
991912098
991914127
991910139
991912193
991912130
991912153
991912168
991912151
991912115
991912097
991913007
991912189
991912195
991912210
991912204
991916029
991913043
991913016
991913038
991913126
991916020
991913001
991913079
991913112
991913098
991913105
991913018
991913158
991913157
991913131
991913076
991913129
991913198
991913132
991913161
991913174
991913160
991913172
991913147
991913166
991916148
991913230
991913155
991914028
991914009
991916245
991914012
991913205
991913234
991914036
991914052
991913225
991913213
991914070
991914098
991914097
991914170
991914119
992002076
991914107
991914157
991914090
991914183
991916215
991914152
991914179
991914068
992004077
991914124
991914026
992002195
991914209
991914232
991913223
991914224
991914242
991914200
991914099
991914250
991914187
991915012
991915007
991915039
991915044
991914218
991915002
992107127
991915022
991915009
991915026
991915058
992110044
992210118
991915059
991915098
991915181
991915087
991915149
991915189
991915130
991915041
991915131
991915122
992114180
991915145
992205147
991916089
991916058
991916016
991916077
992403046
991915220
991916063
992308147
991916129
991916126
991916113
991916130
992407067
991916133
991916135
991915048
991916128
991916150
991916157
991912083
991916143
991916178
991916214
991916188
991916224
991916197
991916138
992002154
992002122
991916242
992002099
991916200
991916156
991916164
992012160
992701101
992005185
992014165
992702065
992102162
992013062
992010084
992016042
992102154
992016120
992107032
992002189
992002197
992701153
992702036
992107119
992109205
992107046
992106196
992110131
992110124
992105157
992116005
992703071
992116120
992210128
992114080
992108209
992703008
992213139
992211012
992204177
992703025
992703100
992005005
992215035
992301172
992703147
992204041
992204181
992211071
992307243
992301120
992209054
992309051
992303009
992304176
992304059
992303045
992703195
992408080
992310206
992409051
992310097
992315195
992310032
992310244
992501129
992410163
992305084
992311153
992502173
992414205
992504113
992412049
992504106
992503078
992408199
992510120
992704013
992705061
992511158
992502249
992506250
992502224
992704032
992512126
992411150
992513161
992512149
992503247
992515063
992505018
992701045
992705186
992701018
992705084
992507029
992701028
992701085
992705131
992701089
992513220
992701118
992514098
992701116
992706024
992701124
992701175
992706006
992702021
992701197
992702083
992702066
992702206
992702071
992702154
992702039
992703016
992706054
992702185
992706155
992706051
992703031
992706072
992703037
992702247
992703042
992706108
992706124
992703047
992703115
992703011
992703083
992706119
992703073
992702120
992703157
992706227
992703149
992703094
992703125
992703127
992706248
992703142
992707019
992703106
992703184
992703063
992707050
992706094
992706153
992703180
992703214
992707087
992704144
992704039
992704049
992703151
992703203
992704132
992704030
992704110
992703210
992703206
992702124
992707062
992704024
992703218
992704023
992704053
992704044
992704155
992704084
992704161
992707061
992704154
992704153
992704176
992704190
992707111
992707249
992707116
992704117
992705012
992707133
992704133
992704181
992705045
992705058
992704165
992708062
992708049
992705065
992704235
992705089
992707170
992705079
992708087
992708096
992708089
992707218
992708125
992705103
992708232
992704248
992705080
992705123
992709044
992705107
992705157
992704118
992705077
992709050
992708014
992709001
992705149
992706032
992708229
992708227
992709045
992706049
992706008
992705108
992708160
992706038
992706028
992706163
992706149
992709067
992706040
992706084
992706039
992705217
992709012
992709170
992706116
992706180
992706169
992706148
992708076
992707052
992709116
992706214
992706188
992709174
992707099
992707011
992709079
992706208
992709184
992707001
992707029
992707059
992707203
992707209
992707080
992709168
992706167
992709210
992710153
992709089
992710015
992707096
992710081
992709171
992707121
992710108
992706181
992709202
992707240
992707230
992711012
992710182
992710198
992709169
992710100
992711009
992707250
992707151
992711005
992710038
992708082
992708026
992707242
992711062
992710209
992707216
992708100
992707163
992711016
992711154
992707229
992708061
992708017
992711097
992706228
992708148
992711046
992708124
992708008
992711144
992711195
992711172
992708086
992708219
992708210
992708173
992711150
992711082
992708164
992712057
992708152
992708156
992711141
992708200
992712130
992709024
992711166
992709033
992708206
992708230
992709023
992711243
992709147
992712120
992709114
992711074
992712066
992709144
992708243
992711063
992709192
992712147
992712084
992709087
992709180
992712160
992709196
992712184
992712197
992709109
992712176
992709052
992712131
992708240
992709200
992709197
992709167
992713034
992709209
992713018
992712248
992710163
992713051
992710195
992713061
992709247
992710003
992709223
992710091
992713079
992713078
992710127
992710046
992713123
992710212
992710049
992713102
992710168
992711042
992711060
992711092
992710245
992711064
992713155
992711035
992711132
992711160
992711087
992713172
992711130
992711140
992713189
992713130
992711215
992711193
992711216
992713216
992713230
992711104
992714043
992711191
992713222
992711206
992711227
992714011
992711241
992712110
992714100
992712074
992714119
992712017
992712104
992709011
992712133
992714121
992714244
992714124
992714106
992712049
992712162
992715023
992715094
992715051
992715085
992712219
992715106
992712167
992712149
992712200
992712165
992715136
992712241
992715115
992715190
992709245
992715198
992715208
992712144
992713012
992716061
992713029
992716153
992712242
992716121
992716102
992713149
992713160
992713142
992713126
992716204
992713091
992716210
992713010
992713057
992716108
992914182
992713088
992804041
992716221
992713145
992716189
992713147
992813139
992713011
992815035
992808020
992713023
992713119
992713083
992713165
992713136
992716075
992713233
992711178
992716119
992713225
993104042
992713235
992714020
992713204
993102094
992714056
992915113
992713144
993004014
992713169
992714135
992915009
992714118
992714104
992714122
993010250
993007016
992714071
993107075
992712056
992714173
993107065
993105078
992714149
992713220
992715014
993010112
993112097
993015215
993102093
992714181
992714145
993110114
993110086
992715078
993201039
992715114
993115186
993111141
992714218
992715062
993215178
992715049
992715055
992715092
993209084
993312053
993203051
992715181
992715155
993212228
993303094
992715188
993410076
992715189
993113043
993301044
992716063
992715150
993406075
992715203
992716082
993408180
993402152
993501057
992716078
992716126
992716032
993504044
992715162
992716044
993408006
993504236
992716092
992716131
992711091
993502039
993506225
993508071
992804181
992716223
992716162
993508008
993509210
993507116
993511013
992716208
993507052
992716122
993403206
992716193
992716174
993404157
992811071
993512133
993516070
992808198
993516200
993604179
993001055
993515064
992811012
993511031
993516092
992904038
993604248
992801120
993605162
993506136
993005245
993014110
993605163
993610046
993608055
993101108
993607073
993005216
993609031
993613198
993001061
993001058
992804177
993105060
993111205
993708206
993105175
993616148
993703080
993615097
993107083
993801022
993801107
993103186
993015094
993113060
993801145
993801115
993110049
993202053
993714050
993801117
993801243
993106009
993116194
993801081
993113045
993605248
993204117
993204174
993802104
993802193
993215220
993802107
993214133
993211177
993802058
993802213
993210206
993215143
993302028
993803061
993801108
993803106
993311101
993803045
993803025
993802206
993802133
993402051
993803165
993315193
993803200
993305083
993803203
993307223
993803218
993315099
993316219
993408177
993402160
993804026
993406059
993804115
993501005
993805009
993506027
993504176
993505064
993804144
993504231
993805130
993805063
993508160
993805137
993512082
993402028
993805036
993511009
993507118
993501031
992716157
993805114
993603157
993513070
993805188
993603091
993515187
993516238
993607245
993806124
993603215
993806053
993605071
993806076
993608229
993806039
993613050
993806185
993612057
993807015
993806095
993507175
993607239
993608212
993805225
993616157
993806152
993614018
993807084
993513234
993615147
993706025
993613123
993807105
993806112
993705012
993713119
993807132
993807052
993706220
993807205
993807208
993716059
993801080
993807134
993706046
993801039
993808049
993808062
993801085
993801158
993807109
993808147
993805185
993808079
993716193
993801136
993807221
993807240
993801214
993802092
993716109
993801234
993808086
993807234
993808194
993808169
993808219
993802073
993808215
993803114
993803003
993803048
993803190
993802091
993808234
993803142
993809102
993809067
993808235
993809023
993809199
993803210
993809232
993809192
993808246
993804033
993402116
993810012
993809040
993809145
993803159
993810190
993808055
993810212
993810100
993810002
993803191
993804037
993811061
993803232
993804121
993804043
993515095
993804059
993803158
993804139
993810196
993804034
993810231
993810050
993805007
993804128
993805055
993805018
993811131
993811180
993811170
993805061
993805108
993805070
993811172
993802155
993812025
993805084
993810226
993804234
993812089
993805176
993805212
993805198
993806004
993812023
993812095
993805233
993805129
993812067
993806027
993802143
993812022
993812136
993806106
993804123
993812127
993806085
993805047
993812178
993806221
993813073
993806245
993806026
993813022
993812200
993806229
993812240
993806133
993807095
993812188
993813130
993813099
993806239
993807023
993807160
993807032
993807066
993807122
993813234
993813244
993813126
993814042
993814038
993814084
993807138
993805136
993814052
993807064
993807211
993813155
993808046
993807250
993814209
993808050
993807094
993814157
993814240
993808063
993815085
993814152
993814088
993808019
993808102
993814109
993808233
993815038
993808158
993814103
993814212
993816025
993809002
993808184
992716016
993809210
993810003
993816120
993809148
993815120
993810027
993816051
993816019
993816072
993809243
993811047
993810201
993815162
993810051
993816102
993810142
993814242
993810151
993811076
993811059
993816239
993816162
993810082
993811006
993816223
993816228
993812084
993906003
993811160
993814121
993810189
993812125
993812019
993902134
993816240
993811242
993902240
993811233
993812093
993812088
993810017
993811096
993810081
993812087
993907192
993816059
993913061
993910043
993812144
993810103
993810155
993812141
994001083
993914035
993812161
993812129
994005244
993915057
993910082
993813207
993812244
994007087
994006220
994002140
993813123
994009051
994014249
993812126
993812207
994101129
993812180
994101082
994006162
993916042
994015022
993814056
993805145
993814132
994101140
994101074
994101136
993813237
993813231
994101191
994101240
994102026
993907073
993814031
994016211
993814200
994102022
994102005
993814041
993815111
994101250
993815023
994102083
993814222
994102096
994016135
994102071
994101218
993815003
994102088
993813078
993815203
994102132
994102140
993815233
994103007
993816009
994102037
993815228
994103063
994102186
993815235
993816039
994102066
993816058
993815122
993816128
994103052
994103109
993816234
994103050
993816197
994104041
993816163
994104047
994102170
994103208
994104008
993902162
993816241
993816192
994104090
993816224
993902169
994103087
994104137
994104167
994104068
993908156
993816242
993907161
993807162
994104190
994102160
993903016
993916138
993914080
993907198
993912229
994104250
993915228
993816089
993912124
994006042
993908034
994001082
994105019
994105096
994106133
994105212
994106031
994011090
994009138
994106025
994101041
994105205
994101017
994012086
994013034
994014040
994101064
994101073
994107032
994105193
994107038
994101018
994104122
994106196
994101248
994101092
994102020
994101215
994101107
994106225
994102078
994105062
994101151
994102124
994107040
994101079
994102155
994102106
994107175
994107050
994102069
994102154
994102101
994107115
994102158
994107121
994107162
994101113
994102090
994108060
994107089
994103053
994108182
994107039
994108232
994102206
994103088
994103047
994109159
994102214
994108243
994109009
994109201
994103073
994110016
993814118
994109137
994110019
994109050
994109183
994103141
994103164
994110030
994103140
994103185
994103176
994103112
994108245
994110046
994103200
994103190
994103187
994103188
994102180
994103186
994103218
994104032
994110151
994104102
994104030
994108033
994110243
994110219
994104023
994110121
994104129
994110080
994111052
994111151
994105063
994105064
994112042
994111131
994111013
994105037
994111174
994104159
994112093
994110139
994105171
994104177
994105112
994103096
994105092
994105130
994112222
994105139
994105161
994113092
994112197
994105237
994105190
994113021
994105029
994106120
994105105
994106185
994113211
994113119
994107029
994112096
994112114
994113120
994107083
994113073
994107108
994107118
994106238
994113038
994107087
994104128
994112135
994107152
994108031
994107153
994105203
994107105
994107069
994107073
994114058
994108162
994108103
994108020
994107187
994107135
994108111
994109154
994108155
994114192
994114157
994114250
994109163
994109185
994114169
994114201
994109204
994115145
994115115
994108223
994114198
994108233
994109152
994115062
994114070
994110022
994110008
994115184
994109170
994108209
994109226
994110049
994201220
994115213
994110114
994110062
994114174
994206176
994116031
994110036
994110104
994114086
994114221
994204030
994115189
994205096
994209028
994311154
994110078
994110155
994110023
994110186
994110141
994203006
994102164
994110095
994312138
994102197
994402054
994110182
994109087
994214197
994405196
994111188
994308075
994116113
994215115
994111037
994405005
994111214
994110189
994407248
994111227
994111177
994414225
994413149
994112095
994502078
994111234
994110237
994111145
994601173
994510049
994111184
994111160
994601021
994112112
994112022
994112097
994112200
994413178
994112231
994113022
994606034
994701019
994113167
994113180
994114071
994114046
994114173
994114063
994707027
994707229
994112243
994115113
994701068
994712205
994712149
994114028
994714068
994114229
994711052
994708224
994116026
994113127
994114056
994114193
994115127
994115216
994114144
994112195
994115078
994115190
994716134
994113112
994906049
994116095
994115170
994116042
994116250
994906082
994906108
994204137
994906187
994906205
994116134
994906175
994906163
994906145
994906159
994206245
994204053
994207153
994205005
994116128
994211061
994906131
994206194
994204187
994906208
994116244
994205124
994116111
994210215
994116188
994205245
994216044
994906104
994909025
994214088
994216019
994305005
994909046
994301170
994312064
994909027
994210036
994909111
994909051
994213037
994110162
994403109
994909115
994215215
994406144
994403002
994315034
994911060
994909096
994911074
994312241
994409014
994410120
994301233
994911053
994911037
994409148
994909085
994410154
994405064
994909181
994911167
994911159
994912100
994911124
994412057
994503214
994411035
994911113
994413016
994604086
994603028
994415189
994912120
994912164
994911242
994605183
994614181
994912194
994611011
994704162
994912039
994710206
994513072
994608167
994912131
994912181
994707119
994906048
994713090
994912101
994912145
994913010
994912227
994913018
994906027
994913079
994709071
994906096
994714202
994906144
994906149
994906046
994710095
994906245
994912238
994906118
994913043
994912149
994906054
994906070
994912195
994907024
994712129
994611231
994906198
994907007
994909108
994714110
994909055
994906220
994909057
994906038
994909071
994906100
994909121
994906188
994909183
994909013
994909033
994909113
994913187
994911034
994909072
994909133
994906160
994909012
994909197
994911042
994912211
994911126
994912086
994911208
994909156
994911006
994911073
994911104
994912063
994913091
994911173
994913179
994913146
994911069
994912130
994913174
994913149
994912226
994913016
994912243
994912111
994909068
994909229
994913161
994912160
994913205
994912204
994912167
994408213
994912125
994913022
994913081
994912045
995004239
994913058
994913107
994913111
994913080
995104233
994913118
995006065
994913007
995011040
994913148
994913132
995004042
995001013
995204129
994913228
994913126
995012238
994913130
994913163
995102205
994913193
995107119
995104172
994909152
995003022
994913158
995208230
995013091
994913241
995110159
995107135
995203029
995007208
995208009
995211124
995201104
995214170
994913222
995006230
995104038
994913211
994913227
995212147
995211159
995301209
995302122
995206239
994913230
995101244
995302039
995213083
995004048
995307223
995201017
995201169
995105100
995208155
995208220
995203206
995304137
995308082
995316078
995216096
995315168
995208133
995307161
995214173
995314068
995316074
995302185
995408034
995211169
995302152
995310214
995309140
995111030
995405034
994909187
995209149
995211208
995404179
995501170
995211187
995301213
995302168
995104029
995211231
995503150
995307242
995415095
995504230
995303181
995408229
995415097
995408173
995503098
995505131
995303112
995216233
995305131
995308208
995506099
995408212
995501235
995213061
995506135
995506080
995313107
995506014
995506024
995504190
995305125
995302173
995303058
995308188
995304042
995506235
995507011
995307249
995509015
995314008
995513178
995513078
995507222
995512162
995512030
995315153
995513169
995305244
995315094
995508152
995316016
995513007
995405071
995513105
995311167
995512072
995401062
995412057
995607109
995512122
995408237
995509085
995516148
995413123
995410050
995608200
995606079
995603037
995513222
995415103
995501063
995407245
995602213
995609174
995507040
995309042
995608215
995509046
995503214
995616162
995409031
995407073
995610011
995503016
995416148
995504047
995613160
995405248
995504039
995706247
995503210
995505114
995504113
995505045
995506050
995711012
995504185
995716140
995715078
995506239
995709067
995506174
995807136
995506144
995504013
995505005
995801114
995506187
995716191
995814106
995805163
995811250
995507015
995507080
995507117
995508035
995901014
995301034
995511071
995507239
995509115
995807040
995508200
995511012
995504110
995509026
995511234
995509120
995512151
995512214
995511090
995907025
995512144
995513216
995507109
995513156
995511053
995513095
997802181
995512070
995513198
995516191
995512104
995513211
995610010
995515188
995605225
995608133
995516189
995602016
995615113
995609021
995608089
995605239
995607207
995516010
995614097
995707010
995614043
995711057
995703108
997815115
995614247
995716221
995712071
995714212
995705003
997813216
997813138
995807096
995708193
997816059
995710051
995810246
995705051
995808060
997815074
995706214
997910228
995808029
995811056
995804184
995809199
997911135
995514006
995814028
995803195
995813089
995901076
995902007
995903179
995816080
995903076
995809148
995903045
997908042
995901134
998109185
995911211
995909122
995905134
995904041
995814113
995911141
995902241
995909177
995908200
995903202
995911111
995909239
996001168
996003045
995913048
995915022
996004157
995912194
996006235
995914160
996003071
996004139
995816089
996009017
996015153
998301076
996009006
996009110
996009218
998302209
996011061
996016211
996012063
997803082
996007201
997804121
997801235
997807210
997807221
996016243
997807119
997805123
997803127
997807181
997809168
997808027
997808108
997812133
997806082
997809073
997808199
997811216
997808177
997807224
996005068
997812134
997814008
997813169
997814219
998402065
997903217
998316185
998402026
997812138
997907019
997908177
997902081
997905165
997906225
997907187
998315208
998407015
998104030
997912095
997907210
997912125
997812229
997908230
997915078
998104137
997916196
998105005
997813126
997905112
998311111
997916010
998105245
998104053
998103006
998110215
998105096
998106194
998107153
998110036
998111061
998508217
998112032
998115215
998105124
998507058
998114088
998115220
998115115
998201170
998116119
998116208
998211154
998212064
998212241
998213102
998301014
998212138
998201233
998607065
998611241
998303048
998304233
998212065
998301136
998304162
998305053
998302214
998307027
998306163
998106245
998302173
998306223
998308009
998306168
998306124
998314242
998310151
998312060
998311199
998309201
998316199
998315168
998402039
998403006
998312208
998405003
998405186
998402051
998309116
998401122
998402173
998316039
998404098
998312073
998409042
998406038
998412147
998406031
998408190
998410134
998407127
998413151
998913064
998413102
998408157
998409140
998916159
998414068
998504010
998415168
998410030
998504067
998913198
999002206
998503176
998504098
998416146
998411156
999011145
999013105
998506135
998507242
998504147
998101220
998512134
998511183
998508108
998511053
999211247
998506076
998507249
998514126
998602090
998515026
998601108
999205158
998602093
998602051
998603186
998604042
998602094
998605060
998605078
998116019
999402239
998607075
998606009
998607083
998605175
998609199
999410124
998611205
998610049
998606243
998610086
998616194
998613043
998701039
998613045
998704117
998612097
998611141
998711177
998610114
998709084
998613060
999504142
998714236
998708232
998901218
998901009
998901018
998903014
998905045
998907207
998905181
998704174
998907233
998907150
998906046
998908199
998911076
998614034
998908243
998915158
998913088
998915177
999001184
998915195
999005039
999601233
998415077
999007043
999007092
998511156
999008089
999010038
999605203
999601154
998508147
999006050
999002069
999008188
999012104
999010175
999603101
999016245
999204008
999014098
999207032
999205088
999209088
999608084
999208156
999016012
999005143
999609153
999613060
999214076
999612145
999211056
999608027
999610016
999207069
999301001
999610175
999606145
999612144
999212154
999211191
999309001
999311072
999307229
999310127
999312101
999215170
999314036
999315116
999311040
999314151
999614234
999615130
999403069
999401168
999616243
999312077
999401087
999405065
999902154
999409009
999407209
999616138
999405109
999403075
999911178
999914165
999411177
999905168
999413163
999409077
999905185
999411115
999409177
999613198
999410032
1000003201
999912160
999615083
999414104
999904077
999415063
999415138
999503175
1000012093
999501109
1000007133
999413083
999916120
1000101045
999502247
999501034
1000011238
999501026
999505053
999502174
1000106031
1000102089
1000101116
1000009157
999505071
1000107081
998715220
998712228
1000106162
1000110158
999505107
1000012060
1000103070
1000106243
999508084
1000107052
1000106173
999504171
1000108017
1000103201
1000105063
999505149
999501134
999506029
999505084
999509245
999505204
999508027
999506228
999601057
1000113233
1000114110
1000111157
1000111242
999507151
1000113227
999507243
999602170
999512045
999601190
1000113132
1000115215
999603046
999601140
999603206
999601213
999602103
999601113
999602195
1000301015
999604084
999607222
1000302089
1000302001
1000302199
999602054
1000302107
1000301231
999605077
999607094
1000302087
1000302066
999609187
999612184
999608114
1000303065
999613148
999611193
1000302014
1000302243
999604137
1000302231
999202158
1000304008
1000303220
1000302122
999605229
999614075
1000303219
1000302124
1000303092
999615094
1000304013
999902076
999616009
999902122
1000302147
999903190
999612020
1000304080
999912087
999614072
999913152
999903154
1000303050
999907151
1000001043
1000304098
999903218
1000304025
1000007039
1000101055
1000303229
1000005124
1000303175
1000008223
1000304140
1000104049
1000101231
1000101058
1000010117
1000304139
1000103104
1000305105
1000104014
1000305120
1000304171
1000106117
1000106096
1000101109
1000104178
1000304239
1000102080
1000104068
1000111020
1000306183
1000106221
1000306052
1000305178
1000305083
1000108114
1000305248
1000108062
1000307046
1000305158
1000106228
1000305152
1000108121
1000104117
1000105216
1000309055
1000308187
1000305066
1000308070
1000309198
1000113166
1000307144
1000112218
1000307074
1000308237
1000310146
1000310090
1000114171
1000309163
1000309147
1000115192
1000116103
1000110021
1000310180
1000310126
1000309077
1000113195
1000301249
1000112051
1000308071
1000311120
1000116215
1000302005
1000301164
1000311053
1000301234
1000108190
1000302046
1000111121
1000312030
1000302088
1000312188
1000312141
1000314060
1000312227
1000302063
1000116150
1000302180
1000301048
1000302119
1000302132
1000313130
1000303033
1000111238
1000303197
1000302094
1000312122
1000302058
1000303003
1000303196
1000314135
1000303190
1000312127
1000315064
1000303098
1000315087
1000314079
1000314008
1000304027
1000304017
1000314222
1000304153
1000303207
1000303226
1000314142
1000315181
1000316020
1000304165
1000315072
1000304024
1000315094
1000315230
1000304089
1000315169
1000316218
1000302108
1000315156
1000304181
1000304190
1000408071
1000306209
1000305004
1000305246
1000315088
1000305127
1000305065
1000308102
1000307149
1000304240
1000304192
1000407219
1000305137
1000309071
1000309005
1000307191
1000411071
1000305244
1000309047
1000310115
1000310080
1000411063
1000310132
1000308240
1000502169
1000412241
1000305115
1000405016
1000310044
1000414041
1000310250
1000310062
1000412238
1000310036
1000310009
1000513133
1000310168
1000508195
1000602241
1000513203
1000310179
1000311081
1000310098
1000311077
1000505011
1000311029
1000512125
1000604123
1000416129
1000312072
1000510003
1000516236
1000312201
1000608200
1000311082
1000311069
1000511103
1000310249
1000312093
1000609133
1000313122
1000311186
1000704250
1000312079
1000607124
1000314090
1000314140
1000312168
1000607147
1000701067
1000312039
1000312097
1000314180
1000703031
1000608234
1000314011
1000608125
1000706243
1000315021
1000714002
1000315081
1000315057
1000314214
1000710015
1000612135
1000314148
1000905132
1000903212
1000708084
1000713207
1000904247
1000316085
1000313193
1000712019
1000316111
1000905007
1000908071
1000902032
1000714055
1000315052
1000316232
1000316088
1000916049
1000403030
1000912161
1000316246
1000914108
1000912105
1000316130
1000407060
1000401189
1000910213
1000916224
1000414009
1001005037
1000409012
1001002081
1000714117
1000910158
1001011052
1000416001
1001014015
1001006135
1000501088
1001005053
1000411053
1000504119
1000408109
1000412198
1001014182
1000505130
1001109035
1000502007
1000315153
1000508022
1000311036
1001103037
1000514031
1001108097
1001111074
1001115113
1001109101
1000601076
1000515094
1000507221
1000511151
1001113017
1000415077
1001009133
1001112145
1001116143
1001006017
1001107049
1000603202
1000603179
1001209047
1001204118
1001208203
1001207048
1000602007
1001206228
1000607162
1001204030
1000603021
1001208008
1000607151
1001212051
1000607085
1001204115
1001216059
1001212241
1000605205
1001216166
1000516070
1000610080
1001210214
1001508061
1000607235
1000610206
1000609177
1001401170
1001215043
1000706222
1000703176
1001602214
1000313187
1000713007
1000702146
1001401233
1000714063
1000705032
1000904042
1001604188
1001607236
1000906172
1000702161
1000907016
1000904248
1000914002
1000710008
1001605237
1001507019
1001609169
1001608062
1001604081
1001603058
1000915208
1000604124
1000911151
1001008057
1000715038
1001411154
1001705195
1001710245
1000715228
1000916001
1000911001
1001008027
1001101054
1001804053
1001609110
1001007131
1000912051
1001708069
1001702197
1000712100
1001012085
1001105148
1001101078
1001708207
1001102191
1001714118
1001801073
1001901220
1001715190
1001905096
1001806012
1001107103
1001708021
1001814154
1001101096
1001109023
1001105001
1001906245
1001114027
1001908133
1001111034
1001115198
1001202241
1001112242
1001910036
1001905124
1001111016
1001203021
1001705161
1002005053
1001203063
1001112139
1001815185
1001915215
1001912032
1001207072
1001204080
1001209196
1001203140
1001211174
1001202163
1001207139
1001212143
1002101073
1001204227
1001208195
1001216230
1001212207
1002002212
1002104033
1002006017
1000410182
1002102092
1001212076
1002014182
1002101143
1001215010
1002006135
1001408008
1002108070
1002108133
1001405005
1001215133
1002107019
1002102195
1001401158
1001412138
1002104026
1001412241
1001408075
1002116026
1002116018
1001412064
1002215026
1001605009
1002113018
1002213081
1002302054
1002302064
1001508173
1001701172
1001509057
1001609006
1001606116
1001606250
1002214220
1001613144
1002212086
1001708090
1001606076
1002111159
1001413102
1001708043
1002313009
1002314097
1002311096
1002305172
1001709013
1001609250
1002311124
1001804045
1002314237
1002313149
1001714218
1001715004
1002404247
1001709239
1001802223
1002401005
1002415078
1002601026
1002403086
1002316242
1001711150
1001713048
1002309024
1001813139
1001715197
1002315199
1002315127
1001807233
1002409170
1001816113
1002310132
1001809026
1001807042
1001809126
1002604073
1001816060
1002613039
1002310021
1001816129
1002614128
1001816183
1002605229
1001903006
1002315025
1002612020
1002616110
1002601185
1002614245
1002609160
1002607043
1002701063
1002616159
1001904030
1001911061
1001906194
1001907153
1002701220
1001914197
1001915115
1002702209
1002703076
1002703146
1002703178
1002701130
1002005034
1002702089
1002703185
1002703106
1002702221
1001916119
1002704048
1002705212
1001916040
1002105025
1002002080
1002706180
1002106019
1002707021
1002102055
1002709067
1002708102
1002108061
1002708183
1002709239
1002014015
1002611088
1002709148
1001904053
1001002080
1002112113
1002109039
1002208154
1002109022
1002205047
1002108173
1002205108
1002303007
1002712049
1002208167
1002211188
1002711103
1002710242
1002214213
1002304019
1002306174
1002306081
1002305243
1002712110
1002712241
1002302092
1002314094
1002314250
1002713090
1002310222
1002311160
1002712244
1002313099
1002712023
1002309144
1002316131
1002401239
1002404240
1002713112
1002316164
1002405172
1002714043
1002713105
1002604184
1002406032
1002403083
1002410100
1002606079
1002714202
1002715025
1002803076
1002604235
1002415149
1002716242
1002609166
1002608080
1002716089
1002808022
1002611011
1002302233
1002716063
1002810127
1002615138
1002610131
1002701002
1002615215
1002610237
1002811040
1002902090
1002611111
1002613038
1002904234
1002701005
1002701084
1002702191
1002813173
1002702115
1003001073
1002702247
1002913173
1002912039
1002701172
1002701098
1003002182
1001807067
1002703049
1003008223
1002702102
1002912114
1003004157
1002704010
1002703024
1001905245
1003002083
1001905005
1002702116
1002706160
1003016113
1002704235
1002705171
1002706165
1003015103
1002703087
1002706072
1003203071
1003103187
1003002232
1003204041
1002707115
1003006054
1002707187
1002707037
1003201066
1002707065
1003205231
1002709150
1002709168
1002709187
1003202154
1002707013
1002709194
1002709006
1002710163
1002708045
1002710103
1002707032
1003205172
1003205208
1007004006
1002709015
1002711067
1002710123
1002711093
1002710013
1007005245
1002704081
1003214173
1002705167
1002711047
1007005196
1002710250
1007004115
1002713180
1002711234
1009009084
1009010016
1002713157
1007003167
1007008194
1009004174
1002712216
1002712183
1009104116
1009015220
1009103021
1007013129
1002106124
1009105248
1009107235
1002714067
1002713238
1009113132
1002714020
1009203016
1002716060
1009204013
1002712240
1002714026
1009204042
1009211116
1002716044
1009106228
1002713018
1002714073
1002716178
1009204008
1009211132
1002714225
1002709085
1002811072
1009401148
1009301115
1002802123
1003205229
1002802209
1009215049
1002807229
1002711035
1002812077
1009212222
1002808199
1009412122
1002812101
1009405008
1002812167
1002913207
1009412210
1002915009
1003002005
1009402224
1009215185
1003003159
1009512071
1009503115
1009506214
1009414217
1009406080
1003014009
1003001098
1003010142
1003006065
1009511057
1003013152
1009605092
1009605008
1003014238
1009508193
1003107241
1003014202
1009509187
1003201170
1009605057
1003205056
1009603196
1003108089
1003206084
1009605171
1003204161
1009515078
1009411076
1003206229
1009606162
1009614011
1007004189
1009614117
1007004049
1009610185
1007013060
1009608207
1009612057
1007015010
1009610246
1003213038
1003215116
1009004117
1009609071
1009615035
1009706238
1009612238
1009616009
1007012207
1009701085
1009702145
1009701168
1009708228
1009012228
1009104106
1009006021
1009014133
1009709008
1009711036
1009102204
1009707156
1007005215
1009202139
1009710170
1009204179
1009709181
1009201056
1009208029
1009702139
1009716120
1007013061
1009801235
1009214008
1009803056
1009801075
1009715192
1009310005
1009802121
1009803171
1009208156
1009308228
1009616074
1003210225
1009807011
1009303231
1009807041
1009314231
1009207085
1009207061
1009710150
1009402237
1009806144
1009807236
1009807075
1009803083
1009403108
1002709043
1009315208
1009801088
1009809017
1009810124
1002714070
1009406114
1009805077
1009315119
1009407105
1009809008
1009808142
1009409175
1009408142
1009404159
1009410142
1009413216
1009410076
1009411038
1009809233
1009811016
1009813204
1009812032
1009415059
1009814200
1009808111
1009814142
1009812145
1009511012
1009511153
1009901077
1002911082
1009508100
1009509043
1009508096
1009505018
1009516140
1009601122
1009813203
1009902162
1009812093
1009905107
1009904013
1009405147
1009815114
1009902189
1009816179
1009811081
1009903179
1009605189
1009516221
1009505051
1009909196
1009608034
1009906025
1009602039
1009908045
1009610171
1009511190
1009908129
1009516191
1009608173
1009602162
1009906185
1009701082
1009616179
1009906149
1009606167
1009908208
1009702051
1009702052
1009702038
1009614226
1009907056
1009914236
1009606028
1009609124
1009910099
1009909219
1009912076
1009914240
1009705053
1009709006
1009708142
1010005229
1009915216
1009709115
1009707101
1009915131
1009707019
1010001118
1009911232
1010008240
1009704077
1009710173
1009711009
1009708039
1010007211
1009713146
1009712127
1010104032
1009802104
1009714218
1009715152
1009801151
1010004144
1009205110
1009801054
1009715054
1009716077
1010009244
1010114006
1009802108
1010106081
1010205011
1009807052
1010206165
1009808041
1010207018
1009806198
1009808084
1010207009
1009811136
1009806159
1010207174
1010207113
1009805027
1010204231
1009807096
1010207001
1009808229
1009816146
1010008157
1009812076
1009809180
1010210234
1010307122
1010212190
1009816059
1010201185
1009812096
1009810225
1010208086
1010211088
1010210096
1010307133
1010401158
1009816188
1009904090
1009903052
1009903149
1010401073
1009902071
1009901138
1010403003
1010305088
1010404240
1009903140
1010402053
1010403210
1010404239
1010405055
1009907243
1009905043
1009905150
1010403078
1010404068
1009907036
1009905021
1010407016
1009909202
1009908055
1009908213
1009910051
1009908062
1010405240
1010403215
1009909006
1009703002
1009906024
1010403247
1010406131
1010408008
1010409040
1009914237
1009916001
1009915020
1009912211
1009913101
1010410219
1010410160
1009914151
1010407215
1010410202
1010412076
1009916221
1010001084
1009914238
1009913050
1010409156
1010411149
1010409214
1010009120
1010412221
1010008102
1010008167
1010410221
1010103008
1010007133
1009804029
1010011141
1010409219
1010013178
1010009203
1010002211
1010413002
1010412065
1010415152
1010109250
1010413088
1010416131
1010107111
1010014231
1010003116
1010416224
1009808032
1010105157
1010106250
1010007087
1010205008
1010114146
1010503109
1010503185
1010201220
1010206231
1010514183
1010207208
1010514070
1010204042
1010514188
1010503127
1010207022
1010602162
1010202067
1010215119
1010215081
1010603222
1010514196
1010207107
1010503213
1010207170
1010305114
1010302102
1010401029
1010112042
1010615023
1010601169
1010602172
1010611045
1010605194
1010401212
1010302140
1010211060
1010402212
1010303157
1010702128
1010503197
1010303014
1010402184
1010308155
1010401110
1010706165
1010402186
1010603218
1010402213
1010701243
1010404051
1010403194
1010610023
1010707108
1010405005
1010405159
1010716072
1010406230
1010406067
1010405084
1010405010
1010802065
1010405173
1010802067
1010709153
1010408009
1010801021
1010805064
1010709050
1010803198
1010409009
1010408006
1010405172
1010408180
1010405158
1010404089
1010814172
1010810195
1010808224
1010408062
1010704119
1010814095
1010410215
1010812176
1010409171
1010411062
1010409160
1010407011
1010713112
1010412035
1010912176
1010412071
1010804042
1010411195
1010407053
1010816110
1010411188
1010811087
1010410062
1010909157
1010412110
1010907121
1010413202
1010414138
1009915007
1010910032
1010415156
1011010209
1011011038
1010416140
1010416138
1011008080
1011016148
1010412238
1011013123
1011005071
1010416239
1010503188
1011102216
1011109078
1010415206
1011103184
1011104081
1010503036
1011111093
1010503008
1010503190
1010602026
1010413105
1010514043
1011115122
1011005248
1011003076
1011111247
1010503103
1010514104
1010603104
1011112115
1010604162
1011301058
1010601170
1010514225
1010414123
1010514151
1010604038
1011301021
1011301191
1011305059
1010616041
1011307219
1011303131
1010701058
1010605059
1010610250
1010613001
1010701134
1011310086
1010701015
1011113057
1010710032
1011314182
1011310162
1011307043
1010203196
1010712244
1010703014
1010704117
1010705165
1011314010
1010715131
1011314124
1010712119
1010708232
1011401137
1010715085
1010503151
1010707042
1011304115
1010807144
1011411130
1010709149
1011415048
1011407028
1010805181
1011413221
1010804246
1011406250
1011401026
1010805171
1010808035
1010802055
1010804008
1011502224
1011414126
1011504159
1010915220
1010809005
1010913174
1011512122
1010814174
1011503108
1010805001
1011003091
1011506114
1011004248
1010816247
1011314238
1011512210
1010615215
1011510142
1010809083
1011515059
1011001058
1011510076
1015310049
1010910011
1010913029
1011511076
1011007073
1011508114
1011007245
1011012057
1011104179
1015401062
1011012043
1015407245
1015312214
1011104157
1011016178
1011008229
1015308057
1011112050
1011112230
1011111174
1011108197
1015405034
1015503085
1015405248
1015408212
1010907236
1015503016
1011115039
1015410046
1011114113
1011116135
1015508046
1015506133
1015309044
1015507174
1011108194
1015601055
1011309101
1011302205
1015508147
1015512241
1011305117
1015604089
1015610017
1011108155
1015507124
1011304132
1011113125
1015602169
1015811214
1015506162
1011316025
1015611219
1015608180
1011310036
1015608027
1011311076
1015611106
1011314063
1015901014
1011308222
1011316032
1011315147
1011403011
1011308159
1015902214
1011316063
1015907024
1011316119
1011406249
1015906186
1011408043
1015906085
1011406025
1011401196
1011402185
1011406214
1011413232
1015906222
1015911238
1011402155
1015905212
1015913247
1015908118
1011406192
1011402195
1011415043
1011502048
1015908174
1011404250
1015909160
1011502237
1010908247
1011501214
1016104250
1015908120
1015909172
1011105052
1011410066
1011504121
1016103078
1016105172
1011506030
1016105005
1011513216
1016105158
1011411212
1015913046
1011511038
1011501148
1016104068
1016105041
1015308097
1011509175
1011508142
1016106067
1015305043
1015403091
1011505147
1015405071
1015307042
1016105084
1016106131
1015415103
1015407160
1015408229
1015409192
1016106230
1015408034
1015504122
1016107011
1016107053
1015412043
1015412180
1015503028
1016108180
1015407073
1015412057
1016110160
1015506071
1016108062
1016107016
1015504118
1015511075
1016108009
1015509177
1015512232
1016106068
1016109214
1015510040
1016112118
1015602172
1016112075
1015507119
1015513223
1016110215
1016109143
1016112065
1015508188
1016109040
1016110219
1016109029
1015605037
1015603185
1015511036
1015801174
1015808150
1016112110
1015612035
1015804163
1015608118
1015608121
1016113105
1015601243
1016201157
1016202040
1016201073
1016202042
1015901058
1016203014
1015901083
1015810205
1015813156
1015902038
1016202208
1015903189
1015901191
1015901087
1015904086
1016203028
1015905185
1015902037
1015904133
1016203149
1015908121
1016202222
1016203203
1015907181
1015905105
1015913023
1016204045
1016204026
1016101029
1015910076
1016203098
1016205030
1016204119
1016204174
1016204027
1015905028
1015905060
1015912022
1016205123
1016101212
1016205131
1016203081
1016205073
1016205176
1016205145
1016102213
1016205193
1016103097
1016204162
1016104240
1016205045
1016206141
1016104089
1016206051
1016206228
1016206243
1016105055
1016206208
1016206147
1016103003
1015909185
1016102184
1016207059
1016105173
1016207011
1016106238
1016206100
1016207112
1016105010
1016105159
1016207093
1016106132
1016207024
1016105240
1015313135
1016207248
1016206240
1016207175
1016207058
1016104239
1016108008
1016207215
1016109160
1016109156
1016108006
1016104051
1016208152
1016207245
1016208206
1016208021
1016209079
1016109219
1015601029
1016110201
1016208169
1016106116
1015505043
1016208014
1016107215
1016109171
1016208199
1016209168
1016112221
1016110202
1016112238
1016209170
1016111053
1016112071
1016111188
1016112076
1016209171
1016210021
1016113202
1016111106
1016209198
1016110221
1016211145
1016201066
1016201116
1016201053
1016110062
1016212161
1016212171
1016212162
1016113002
1016211201
1016202225
1016203025
1016202189
1016210187
1016113088
1016201127
1016212074
1016212197
1016203066
1016203125
1016213020
1016212204
1016201228
1016204086
1016203024
1016204018
1016204069
1016204177
1016204044
1016204013
1016213064
1016213033
1016213090
1016213011
1016203179
1016203222
1016212068
1016203226
1016203180
1016205068
1016214012
1016213213
1016204185
1016205168
1016204230
1016205053
1016205067
1016204098
1016214169
1016206099
1016205204
1016205117
1016215017
1016206040
1016207039
1016205181
1016206123
1016214222
1016214108
1016206195
1016215138
1016207153
1016214214
1016216080
1016207057
1016216016
1016206184
1016216030
1016216094
1016216203
1016207229
1016207019
1016207114
1016302134
1016207169
1016207144
1016308156
1016304144
1016207052
1016208012
1016305165
1016106037
1016208123
1016316135
1016208110
1016208198
1016207216
1016209027
1016207249
1016208072
1016402224
1016409023
1016209178
1016408147
1016410142
1016209148
1016208223
1016209241
1016503177
1016412122
1016112035
1016209195
1016208165
1016209174
1016413216
1016211173
1016407105
1016210082
1016415059
1016210222
1016209064
1016211052
1016211071
1016209094
1016507115
1016505056
1016212211
1016508049
1016503220
1016312124
1016211056
1016211214
1016213001
1016510214
1016212037
1016213029
1016411038
1016514084
1016212088
1016213044
1016508209
1016212164
1016507139
1016509175
1016513078
1016213156
1016213112
1016213149
1016213059
1016213050
1016607216
1016515193
1016607233
1016213075
1016801038
1016213131
1016616183
1016213204
1016214008
1016213180
1016801018
1016214144
1016802071
1016214224
1016213237
1016614083
1016214209
1016214016
1016801219
1016213016
1016214227
1016610186
1016801056
1016214132
1016804179
1016802194
1016613126
1016803159
1016215062
1016802121
1016801019
1016214157
1016215193
1016803157
1016803063
1016215107
1016214210
1016215115
1016216101
1016216059
1016805143
1016806195
1016804088
1016805045
1016807011
1016806084
1016304228
1016215051
1016305237
1016806050
1016808019
1016216130
1016807148
1016216120
1016302140
1016216042
1016216119
1016309200
1016207094
1016313083
1016215063
1016807121
1016311013
1016909157
1016812145
1016406114
1016815198
1016406030
1016404159
1016408142
1016812093
1016809204
1016911174
1016816120
1016414035
1017011116
1016807084
1016911153
1016410076
1016316042
1016503052
1017005111
1016409175
1017013118
1016412210
1017010173
1016501045
1016508223
1016503206
1016507153
1016508060
1016506163
1017102130
1017016202
1016511233
1017013229
1017105089
1017102006
1016513198
1016411232
1016808012
1016509247
1017106151
1017103231
1017107032
1017107019
1016607042
1017015107
1017111031
1016609026
1017108052
1016514196
1017110228
1017111166
1016616113
1016614154
1016804066
1016608235
1016802122
1017115142
1017109192
1016802072
1017112055
1017103125
1016803212
1016801044
1017108157
1016406080
1016512097
1016801119
1016509043
1016805044
1017303030
1017306088
1017208222
1016807137
1016610068
1017112169
1017116235
1017114114
1016807039
1016808145
1016806082
1016807099
1016809111
1016807207
1016809200
1017308087
1016812084
1016810138
1016809247
1017307151
1016807170
1017304099
1017314078
1017314095
1016811113
1017308174
1017401018
1017309045
1016814172
1017308133
1017407124
1016812153
1017408167
1016809068
1016808068
1017403171
1017402059
1016812124
1016814142
1017314193
1016816027
1016815134
1017410019
1016813112
1016911090
1016816044
1017409142
1017006199
1017409018
1017010015
1016816203
1016813037
1017406206
1016816143
1017009246
1017003215
1017008235
1017408022
1017003154
1017409200
1017413125
1017412063
1017404077
1017104047
1017107175
1017016225
1016305084
1017107087
1017409166
1017101209
1017012211
1017414083
1017012042
1017503090
1017502023
1017011219
1017016010
1017501153
1017501131
1017502032
1017410202
1017416077
1017108200
1016808069
1017108207
1017108171
1017503142
1017116242
1017505047
1017112170
1017206235
1017504052
1017112100
1017506160
1017107202
1017108071
1017110019
1017502217
1017303057
1017503027
1017208190
1017107195
1017503203
1017307121
1017504085
1017507108
1017307028
1017506038
1017509198
1017113228
1017308123
1017203180
1017505048
1017304052
1017507047
1017303215
1017307231
1017509134
1017309129
1017507249
1017307153
1017513051
1017513196
1017513246
1017311103
1017508206
1017601078
1017307203
1017316110
1017602072
1017113055
1017312211
1017407146
1017515023
1017406034
1017312019
1017315106
1017604081
1017603142
1017407224
1017610021
1017402046
1017516072
1017407233
1017606237
1017510162
1017408006
1017608206
1017611020
1017416174
1017610214
1017611072
1017410021
1017416234
1017613195
1017608154
1017409017
1017612218
1017412022
1017511067
1017613152
1017605176
1017502045
1017416245
1017613051
1017613213
1017501085
1017412095
1017615023
1017502214
1017413078
1017503178
1017615144
1017616072
1017502090
1017503113
1017803013
1017504147
1017616235
1017613196
1017506222
1017803011
1017504081
1017504018
1017113122
1017507109
1017506039
1017802124
1017506236
1017511072
1017804080
1017803025
1017815048
1017506237
1017507065
1017511020
1017813230
1017511215
1017807021
1017512218
1017810182
1017513219
1017901017
1017512222
1017812057
1017507118
1017813242
1017512118
1017813011
1017509154
1017514204
1017515144
1017901216
1017515099
1017903013
1017904179
1017810190
1017814132
1017513232
1017516242
1017908087
1017513078
1017513195
1017514035
1017515213
1017912057
1017603113
1017601145
1017905212
1017602017
1017906039
1017515026
1017604018
1017516235
1017912248
1017914118
1017603178
1017603026
1017603009
1017604147
1017511019
1017605048
1017606025
1017605073
1018001009
1017606038
1017609084
1017606222
1018011013
1018009175
1017603203
1018007057
1017607019
1018013032
1018008122
1017609154
1018004119
1018111038
1017607108
1017608056
1017611019
1018013216
1017609006
1017611233
1017609134
1018010005
1017612017
1018015043
1017609177
1018101063
1018010247
1017609198
1041001208
1018113032
1041001078
1041001219
1017612222
1017611067
1041002203
1017613219
1041003239
1017502173
1017614035
1017614204
1018003195
1041005218
1017615099
1041007149
1041002168
1041008053
1017616242
1017613026
1041003052
1017802153
1017615074
1041009194
1041008182
1017801243
1017615213
1041007240
1017802224
1041009044
1017802181
1041009214
1041010126
1017805212
1017803212
1041011044
1017806167
1017801082
1041010185
1041011065
1017806084
1017808039
1041014055
1017805190
1017808009
1041015012
1041015139
1041014020
1041010170
1017808038
1041004184
1041011206
1017811087
1041015049
1017813050
1041014072
1017801216
1017806230
1041014198
1046305107
1046311005
1046314066
1017810219
1017810187
1017809170
1017812183
1017902181
1017809120
1017816013
1046402039
1046404179
1046401140
1046315061
1046403003
1017816197
1017814131
1017903210
1046301212
1046403165
1017906167
1017903007
1046401198
1017906245
1017911149
1046409214
1017811248
1046408019
1046408195
1046405139
1017912204
1017811149
1046409050
1018002005
1017908009
1046409019
1017911101
1046409005
1046501014
1018007074
1018009005
1046408084
1018006059
1046409217
1018012136
1018014060
1017916079
1046501219
1046416191
1018006178
1018114056
1046415034
1018110058
1046409067
1041001064
1017913135
1046509117
1046601119
1018113076
1046504044
1041001155
1017909106
1041002153
1046516122
1046503087
1018115007
1046516031
1046503086
1041001099
1046512180
1041003091
1018004054
1041003176
1046601081
1041005146
1041001214
1041005144
1046606013
1041005163
1041008094
1046606120
1041007059
1046606093
1041007191
1041006187
1046607037
1046607031
1041010138
1041009173
1046606167
1041004244
1046607023
1041012017
1041016075
1041016144
1046607240
1046607193
1046607135
1041010144
1046607212
1046601165
1041008246
1041008080
1046607220
1046606227
1041009101
1046702048
1046607102
1046304058
1046303030
1046308237
1046703122
1046301038
1046308190
1046701014
1046607045
1046703154
1046301239
1046701174
1046303170
1046607230
1046702066
1046401073
1046304032
1046303070
1046704059
1046703012
1046310044
1046312176
1046702146
1046309176
1046607197
1046402056
1046703124
1046402001
1046703118
1046406029
1046704063
1046703156
1046315112
1046704009
1046309087
1046704170
1046705177
1046412022
1046706093
1046409212
1046409121
1046415122
1046406110
1046402220
1046409007
1046706166
1046705164
1046704077
1046507149
1046504128
1046708160
1046708142
1046502098
1046706183
1046403031
1046706158
1046707119
1046509101
1046705151
1046407155
1046501015
1046414069
1046507096
1046708184
1046710015
1046708202
1046511147
1046601018
1017905190
1046706205
1046601113
1046601128
1046512156
1046710245
1046504166
1046711060
1046511217
1046513009
1046601044
1046601180
1046601098
1046710038
1046704147
1046712006
1046711184
1046503176
1046711173
1046704062
1046601217
1046712179
1046606023
1046711113
1046606149
1046606073
1046501051
1046714076
1046511185
1046716021
1046706099
1046606208
1046601196
1046712096
1046601239
1046714186
1046606220
1046716135
1046715059
1046801011
1046716197
1046607026
1046716232
1046715077
1046801064
1046607155
1046607118
1046606096
1046607229
1046715169
1046607114
1046701099
1046801077
1046716149
1046801081
1046801131
1046607228
1046702129
1046801053
1046701173
1046716080
1046801036
1046801243
1046701214
1046606017
1046703185
1046802007
1046607134
1046802088
1046801230
1046703097
1041004110
1046702073
1046803013
1046704049
1046704140
1046802171
1046704050
1046802250
1046801192
1046802080
1046703146
1046801051
1046803050
1046703217
1046705059
1046803157
1046803068
1046803087
1046803141
1046803070
1046705064
1046705205
1046705048
1046803171
1046803121
1046705052
1046803138
1046705076
1046803078
1046804092
1046706135
1046704146
1046706233
1046804103
1046804074
1046705243
1046705217
1046804053
1046804084
1046803229
1046709184
1046708159
1046704230
1046804118
1046803182
1046803235
1046708172
1046804094
1046804165
1046804039
1046804128
1046804113
1046708191
1046804178
1046707058
1046805024
1046804148
1046804176
1046710078
1046710083
1046804249
1046709215
1046805118
1046711065
1046805088
1046711138
1046711132
1046805117
1046805171
1046805140
1046805103
1046805055
1046711093
1046805191
1046804169
1046710198
1046711124
1046805228
1046712088
1046716006
1046705188
1046716028
1046805114
1046806025
1046806036
1046714132
1046806004
1046806107
1046806108
1046806158
1046806076
1046706122
1046716250
1046716140
1046716110
1046806247
1046807049
1046716238
1046716210
1046806234
1046716245
1046801084
1046807068
1046801099
1046801037
1046807110
1046807070
1046807155
1046801199
1046807197
1046801235
1046801039
1046807196
1046801180
1046807159
1046802058
1046801146
1046801232
1046716113
1046802168
1046802140
1046808046
1046716193
1046807128
1046807244
1046808021
1046807240
1046808042
1046808151
1046802130
1046803018
1046808092
1046803008
1046803012
1046802182
1046803028
1046803040
1046712048
1046808212
1046802219
1046808174
1046808156
1046714085
1046803037
1046809042
1046802181
1046803064
1046803093
1046808245
1046802249
1046803188
1046809051
1046803116
1046808240
1046803181
1046809099
1046803197
1046809155
1046803149
1046809168
1046804109
1046809169
1046809186
1046809154
1046804119
1046804116
1046804055
1046804016
1046716063
1046804042
1046810030
1046804138
1046809081
1046804145
1046810076
1046804135
1046803213
1046810119
1046804154
1046804149
1046810198
1046804160
1046804144
1046810089
1046804147
1046804166
1046804173
1046810197
1046805121
1046804250
1046810124
1046805064
1046804170
1046811167
1046811094
1046805132
1046805134
1046804230
1046804229
1046811172
1046808062
1046805207
1046805144
1046811080
1046805152
1046811177
1046812035
1046805206
1046806047
1046805156
1046812200
1046813096
1046806116
1046811185
1046806009
1046805231
1046812089
1046813242
1046806099
1046806178
1046811174
1046812143
1046806124
1046811179
1046807055
1046813170
1046814012
1046807086
1046811188
1046813154
1046813158
1046807170
1046814060
1046807101
1046807229
1046814019
1046807118
1046807138
1046814063
1046807066
1046807238
1046807158
1046814058
1046814066
1046807013
1046814145
1046814043
1046814133
1046808001
1046808028
1046803075
1046814049
1046814128
1046808030
1046808061
1046815002
1046815033
1046808053
1046814057
1046808148
1046808087
1046807181
1046815062
1046815011
1046807250
1046807193
1046808150
1046808192
1046814144
1046808180
1046814200
1046808235
1046815099
1046808168
1046808242
1046814097
1046815080
1046815059
1046815046
1046809021
1046809040
1046809068
1046809104
1046815122
1046815128
1046809143
1046815207
1046809151
1046816024
1046809171
1046816014
1046816097
1046815206
1046815127
1046810011
1046816060
1046804141
1046809079
1046809156
1046815178
1046809158
1046809165
1046808159
1046810015
1046816025
1046816077
1046816180
1046810123
1046816107
1046901165
1046810116
1046810109
1046810033
1046816231
1046810037
1046816239
1046809115
1046816129
1046810115
1046810162
1046810010
1046901117
1046811088
1046810034
1046810242
1046810233
1046811062
1046810083
1046901065
1046810170
1046902105
1046902098
1046902099
1046811038
1046812046
1046811232
1046811163
1046811165
1046812058
1046902072
1046812201
1046811184
1046812127
1046902201
1046812162
1046814008
1046812145
1046902197
1046902160
1046903025
1046811190
1046903146
1046903090
1046903064
1046814046
1046813200
1046814020
1046903190
1046814010
1046903213
1046813156
1046903121
1046814056
1046814069
1046903042
1046904014
1046903197
1046903217
1046814103
1046904019
1046814105
1046803072
1046904101
1046814243
1046903049
1046814137
1046904068
1046904123
1046814132
1046815057
1046814171
1046904129
1046904113
1046815070
1046815028
1046904164
1046815085
1046815067
1046904135
1046814196
1046904192
1046815112
1046815095
1046804033
1046905047
1046904234
1046815118
1046905090
1046816021
1046815197
1046815149
1046905039
1046905077
1046816128
1046905114
1046816042
1046815215
1046816041
1046816012
1046816080
1046905153
1046905105
1046808222
1046905123
1046905154
1046816144
1046816235
1046905096
1046816197
1046816194
1046905208
1046905099
1046816210
1046816248
1046906081
1046901075
1046905246
1046906159
1046901193
1046906192
1046811103
1046901145
1046901015
1046901118
1046901102
1046906147
1046907019
1046816137
1046811113
1046901244
1046906237
1046902046
1046901247
1046902116
1046907047
1046902079
1046907159
1046907134
1046902139
1046902052
1046907091
1046902083
1046902247
1046907102
1046906205
1046906222
1046903002
1046907145
1046902205
1046907132
1046907196
1046902135
1046902146
1046902014
1046903109
1046902144
1046907195
1046814090
1046907191
1046907201
1046908094
1046903056
1046908192
1046902172
1046903026
1046903122
1046908191
1046903022
1046903065
1046908116
1046907232
1046908046
1046908230
1046908103
1046903145
1046903210
1046908028
1046904016
1046903114
1046903084
1046903214
1046903250
1046904003
1046909021
1046904056
1046903249
1046908217
1046909183
1046909214
1046904020
1046903166
1046904069
1046904121
1046904104
1046905070
1046909199
1046909206
1046910042
1046904136
1046910170
1046904131
1046904094
1046904106
1046904059
1046904165
1046904173
1046904127
1046909031
1046904041
1046910227
1046905050
1046904138
1046911065
1046905020
1046904226
1046911019
1046911091
1046910233
1046905071
1046902040
1046911120
1046904151
1046911056
1046904232
1046905155
1046901228
1046910078
1046910142
1046912022
1046905195
1046905046
1046905119
1046905006
1046905117
1046905128
1046905166
1046905139
1046912006
1046906093
1046905211
1046906080
1046912115
1046907097
1046911166
1046906233
1046906199
1046906122
1046906153
1046907140
1046912172
1046912236
1046905222
1046912183
1046907164
1046907194
1046907103
1046913100
1046906120
1046913131
1046908125
1046907219
1046908171
1046905242
1046907193
1046907180
1046914069
1046912204
1046907139
1046908150
1046907243
1046908181
1046913092
1046914116
1046913156
1046913029
1046914104
1046907223
1046914045
1046908050
1046908199
1046908219
1046908223
1046913227
1046913217
1046908218
1046909009
1046908200
1046909012
1046907207
1046914142
1046914243
1046914174
1046909029
1046909032
1046915099
1046909044
1046909091
1046909037
1046914171
1046915148
1046909217
1046908195
1046910013
1046910010
1046914190
1046908198
1046910162
1046909054
1046916180
1046915190
1046910044
1046910091
1046909097
1046916031
1046914133
1046915097
1046916200
1046910058
1046910098
1046910198
1046915044
1046916247
1046914148
1046916225
1047001158
1046910242
1046916248
1046911088
1046916126
1046911001
1046910220
1046910244
1047002050
1046911165
1046911089
1046911191
1046911104
1046910141
1046911144
1047001013
1047002190
1047001199
1047002199
1046912012
1046911193
1047003091
1047002166
1046911228
1046912065
1047002099
1047002112
1046912108
1046911242
1046911009
1047003178
1047003076
1047003078
1047003098
1046912169
1046905165
1047003196
1047004047
1046912219
1047004013
1046912074
1046913040
1047004049
1046912194
1046912088
1046913046
1047004033
1047004042
1047004094
1047003164
1047004153
1047004104
1047004016
1047004138
1046913105
1046913089
1047004075
1047004083
1046913091
1046912052
1047004175
1046913096
1047004126
1046913235
1046913205
1047005012
1047004135
1046913136
1046908242
1046912160
1046914008
1047005022
1046913139
1046914050
1046912198
1046914144
1047005090
1046914119
1046914065
1047005088
1047005151
1046914206
1046911162
1046914186
1047006046
1047005131
1046913070
1047006050
1046914222
1046915119
1047006183
1046914034
1047006166
1046915061
1046914103
1047005232
1046915042
1046915125
1046914157
1046916045
1046915052
1047006089
1047006188
1047006152
1047006180
1046915220
1046916029
1046916210
1046916077
1046916174
1047006220
1046915177
1046915147
1046916070
1047006197
1046916228
1047007062
1047007208
1047006230
1047007071
1047001072
1046915152
1047001118
1047007009
1047002097
1047007148
1047001178
1047001018
1047002117
1047006234
1047007240
1047008068
1047001191
1047008246
1047003099
1047002138
1047002118
1047003003
1047008172
1047008108
1047004026
1047008180
1047002174
1047003250
1047002232
1047003086
1047009086
1047009126
1047009007
1047010085
1047002179
1047003175
1047003177
1047003170
1047004027
1047009149
1047003239
1047009100
1047009196
1047009243
1047004041
1047009241
1047010119
1047004064
1047010191
1047004072
1047004028
1047011166
1047011013
1047011140
1047004077
1047010220
1047011167
1047010049
1047011201
1047004058
1047004125
1047004132
1047010146
1047004141
1047004059
1047011231
1047012009
1047011173
1047004249
1047011174
1047004134
1047005038
1047012069
1047008154
1047011169
1047004247
1047011142
1047005089
1047005068
1047012044
1047012120
1047012167
1047006144
1047004112
1047006033
1047006122
1047012111
1047006049
1047012150
1047013057
1047012198
1047012024
1047006199
1047006167
1047012196
1047006196
1047013042
1047004162
1047006186
1047007028
1047006120
1047013084
1047005215
1047006210
1047013073
1047007044
1047007080
1047007085
1047004103
1047006187
1047013096
1047013196
1047007003
1047013149
1047007046
1047013243
1047007195
1047013203
1047007218
1047011216
1047014136
1047008033
1047007197
1047013198
1047008118
1047007234
1046914060
1047008121
1047014058
1047004181
1047013200
1047008182
1047008148
1047008164
1047008078
1047014236
1047013246
1047014113
1047008219
1047006083
1047014073
1047009102
1047008022
1047009087
1047014243
1047009133
1047009088
1047015071
1047015042
1047015097
1047008061
1047015049
1047009215
1047015143
1047009011
1047010089
1047014237
1047010206
1047015206
1047015122
1047011067
1047016042
1047016006
1047010248
1047010043
1047010224
1047014246
1047016218
1047016119
1047010250
1047016139
1047011097
1047011098
1047101051
1047016245
1046916244
1047011123
1047011069
1047101038
1047011205
1047016249
1047011206
1047009164
1047101130
1047011172
1047012118
1047011115
1047012102
1047013024
1047010225
1047012097
1047101193
1047101073
1047101029
1047012151
1047013030
1047101166
1047102056
1047102036
1047012197
1047013089
1047016110
1047101145
1047101250
1047014152
1047011215
1047012006
1047014026
1047101141
1047101146
1047101219
1047013213
1047102102
1047012011
1047008194
1047014087
1047102134
1047014045
1047101170
1047014149
1047011242
1047102047
1047102066
1047014177
1047014213
1047102195
1047102163
1047014056
1047014063
1047102189
1047101079
1047015045
1047102207
1047103088
1047102129
1047102120
1047014242
1047014199
1047016049
1047103206
1047015105
1047102108
1047014218
1047103135
1047103183
1047104138
1047016014
1047102115
1047104110
1047103141
1047016043
1047016056
1047103170
1047103196
1047015195
1047103085
1047104102
1047103014
1047015098
1047016124
1047016127
1047104159
1047103225
1047015207
1047105006
1047104048
1047105027
1047016091
1047104054
1047105062
1047104089
1047104139
1047105009
1047016211
1047104156
1047104167
1047101027
1047016178
1047105045
1047015052
1047105143
1047105218
1047105161
1047101036
1047105091
1047016082
1047101066
1047101148
1047105167
1047105073
1047101150
1047105198
1047101152
1047105240
1047105069
1047106012
1047101142
1047101228
1047105233
1047101075
1047101140
1047102005
1047102018
1047102045
1047105112
1047102039
1047102105
1047106245
1047102015
1047102055
1047106169
1047102084
1047107059
1047106234
1047107052
1047102085
1047102099
1047102133
1047102127
1047102087
1047106112
1047102174
1047102196
1047107184
1047107192
1047107110
1047107229
1047102220
1047108103
1047108039
1047013092
1047108126
1047108020
1047102250
1047103029
1047108181
1047108128
1047103034
1047109011
1047103028
1047108207
1047103045
1047108010
1047108172
1047103144
1047103138
1047103091
1047103146
1047108198
1047108242
1047103097
1047109100
1047103089
1047103194
1047102245
1047109165
1047103123
1047108184
1047109121
1047103065
1047103116
1047103188
1047103193
1047103211
1047103200
1047109177
1047104168
1047103180
1047104147
1047104125
1047109157
1047110041
1047104250
1047104123
1047109164
1047103145
1047109206
1047104169
1047109185
1047014225
1047110105
1047110130
1047110095
1047104008
1047105042
1047110081
1047105044
1047110038
1047105037
1047110112
1047015088
1047110123
1047110127
1047105092
1047105054
1047104007
1047104148
1047110136
1047110107
1047105079
1047110246
1047110173
1047111024
1047105175
1047105191
1047110151
1047105102
1047106045
1047105237
1047110214
1047105155
1047105100
1047111093
1047106048
1047111144
1047111096
1047105220
1047105244
1047111098
1047110150
1047106096
1047111084
1047105204
1047111147
1047105176
1047112030
1047111194
1047111087
1047106198
1047106140
1047111185
1047106152
1047110249
1047105202
1047111173
1047112093
1047106071
1047107087
1047106187
1047105231
1047107224
1047112114
1047107011
1047112172
1047112092
1047107023
1047108120
1047107148
1047108135
1047112220
1047109116
1047112176
1047112219
1047112011
1047112122
1047101020
1047112143
1047109174
1047105249
1047108195
1047108008
1047114031
1047113021
1047113023
1047112229
1047113065
1047110016
1047110031
1047114096
1047114132
1047114080
1047114072
1047109073
1047113187
1047110048
1047109201
1047110015
1047110032
1047107115
1047114184
1047110030
1047114236
1047110045
1047110111
1047113144
1047110078
1047110121
1047115182
1047110060
1047110186
1047115225
1047110141
1047110103
1047116056
1047115112
1047110197
1047115195
1047116082
1047110100
1047110202
1047116137
1047110198
1047110146
1047110225
1047110159
1047111168
1047116230
1047116191
1047112006
1047110238
1047112028
1047302065
1047112086
1047111188
1047110213
1047301208
1047301169
1047116115
1047112019
1047303183
1047111035
1047303036
1047112124
1047112130
1047112118
1047302064
1047112105
1047112133
1047112055
1047112196
1047112110
1047303141
1047304040
1047112164
1047112044
1047112160
1047112218
1047304232
1047112136
1047107062
1047303127
1047113011
1047303065
1047305067
1047112240
1047303088
1047112144
1047303239
1047113019
1047113111
1047113238
1047306115
1047306094
1047112199
1047112214
1047305048
1047114129
1047109152
1047113128
1047307242
1047114028
1047307062
1047308047
1047305224
1047114039
1047309008
1047114084
1047113112
1047306148
1047309111
1047309001
1047307247
1047305011
1047114049
1047114186
1047114067
1047114183
1047309086
1047309170
1047310197
1047305033
1047310043
1047114066
1047114123
1047311074
1047311174
1047114152
1047313139
1047114221
1047311046
1047114065
1047312018
1047115074
1047115033
1047113040
1047314106
1047312226
1047115077
1047114202
1047307118
1047115001
1047114109
1047115099
1047115201
1047115168
1047115023
1047115121
1047115187
1047401018
1047314242
1047116020
1047316031
1047401055
1047115041
1047312114
1047315045
1047116119
1047116094
1047314049
1047116079
1047116012
1047401053
1047401178
1047401061
1047116224
1047116107
1047116178
1047402059
1047116126
1047116207
1047402065
1047401145
1047115221
1047401250
1047116228
1047402054
1047116231
1047301230
1047301028
1047116013
1047402088
1047302080
1047301141
1047315134
1047302165
1047116021
1047301128
1047402056
1047402092
1047402113
1047305032
1047402208
1047306073
1047401045
1047305123
1047402161
1047116125
1047402142
1047402174
1047304121
1047304235
1047402187
1047116053
1047403042
1047403076
1047304167
1047403011
1047403096
1047305139
1047306205
1047306117
1047403114
1047307009
1047403159
1047308038
1047306134
1047307132
1047309005
1047308208
1047403191
1047403131
1047308152
1047402078
1047403166
1047112215
1047403069
1047308096
1047306081
1047403104
1047404005
1047310029
1047403093
1047309045
1047403211
1047403165
1047403244
1047308237
1047310044
1047309136
1047311118
1047310128
1047404016
1047310213
1047404091
1047312154
1047404037
1047404002
1047311228
1047312103
1047312119
1047404077
1047404085
1047313172
1047404129
1047314040
1047312246
1047314031
1047314048
1047404134
1047404055
1047404229
1047314201
1047404239
1047310235
1047404128
1047404174
1047312135
1047404185
1047316246
1047115208
1047405011
1047314188
1047315132
1047311234
1047405021
1047401031
1047314197
1047401020
1047401043
1047401077
1047404109
1047405059
1047404235
1047316164
1047401025
1047401048
1047401034
1047401082
1047401095
1047405151
1047401146
1047405161
1047402027
1047405069
1047402085
1047405206
1047405224
1047402070
1047405135
1047401112
1047405237
1047405203
1047401198
1047406068
1047402160
1047402060
1047402162
1047401088
1047402105
1047405024
1047403005
1047403026
1047401044
1047402066
1047402191
1047403040
1047402190
1047406103
1047402167
1047406052
1047406120
1047406133
1047403028
1047403094
1047403090
1047405163
1047403056
1047406174
1047403098
1047407059
1047407041
1047406069
1047403081
1047403172
1047403153
1047403156
1047407048
1047403182
1047403225
1047403175
1047403183
1047407223
1047403218
1047406115
1047403048
1047403198
1047406134
1047402209
1047407089
1047408008
1047407234
1047407115
1047407241
1047403238
1047407106
1047403214
1047407193
1047403006
1047404012
1047408058
1047404014
1047403229
1047408046
1047404024
1047404032
1047408021
1047408148
1047404033
1047404121
1047404099
1047404062
1047404040
1047408015
1047408141
1047409027
1047403219
1047404071
1047408250
1047404075
1047404103
1047409121
1047404132
1047409073
1047404175
1047403248
1047408092
1047409197
1047404228
1047404168
1047410009
1047409096
1047409099
1047404234
1047404058
1047410027
1047405017
1047404169
1047404237
1047409170
1047410036
1047410081
1047405053
1047405073
1047405052
1047404236
1047410018
1047405001
1047410112
1047405062
1047410090
1047405091
1047410174
1047410055
1047405144
1047405220
1047405192
1047405235
1047405119
1047405054
1047411001
1047410222
1047405242
1047410163
1047411012
1047405038
1047409200
1047406047
1047406091
1047411103
1047406124
1047404246
1047411164
1047406122
1047411132
1047406062
1047411234
1047406144
1047412010
1047411156
1047411169
1047407033
1047406107
1047411185
1047412001
1047412030
1047406209
1047405228
1047406172
1047403025
1047407090
1047407086
1047412061
1047412129
1047406238
1047412056
1047412183
1047412207
1047407181
1047407220
1047407217
1047408069
1047412176
1047407225
1047413024
1047407228
1047408173
1047413173
1047413238
1047408122
1047413247
1047409012
1047413126
1047408199
1047409019
1047409129
1047409035
1047414004
1047407116
1047409061
1047412250
1047414042
1047408192
1047414067
1047413112
1047409195
1047409104
1047414101
1047409154
1047409173
1047405103
1047408088
1047409198
1047409225
1047414087
1047410011
1047414094
1047409133
1047414095
1047410037
1047410026
1047414065
1047409164
1047410044
1047410046
1047414137
1047409222
1047414185
1047410082
1047410087
1047414105
1047414090
1047410008
1047414217
1047415045
1047414239
1047415001
1047414149
1047410128
1047415038
1047410010
1047410105
1047405158
1047410220
1047410196
1047415087
1047415049
1047415044
1047410138
1047415139
1047410093
1047415142
1047410250
1047410239
1047415144
1047410214
1047410230
1047410243
1047410156
1047410231
1047411125
1047415145
1047411079
1047411120
1047411011
1047415009
1047411045
1047411076
1047415037
1047411093
1047416006
1047415190
1047415178
1047411202
1047412011
1047412055
1047406230
1047411052
1047412039
1047411172
1047412024
1047412004
1047416041
1047412078
1047416107
1047411192
1047412077
1047416161
1047412136
1047412170
1047416044
1047416074
1047411247
1047412196
1047412166
1047416088
1047412157
1047412210
1047412069
1047412164
1047416233
1047412241
1047413111
1047412184
1047413011
1047413179
1047510056
1047413160
1047411014
1047511122
1047416175
1047511064
1047512076
1047413007
1047414069
1047504026
1047414008
1047413085
1047602037
1047414218
1047413079
1047514065
1047414107
1047413243
1047515137
1047603029
1047605152
1047416122
1047414002
1047604125
1047415023
1047415012
1047415048
1047413092
1047415025
1047414236
1047415041
1047416239
1047607003
1047610100
1047415003
1047414140
1047703203
1047610186
1047606214
1047415071
1047611195
1047612210
1047703182
1047414019
1047601130
1047415062
1047704038
1047415149
1047608199
1047415070
1047415126
1047415122
1047414116
1047704154
1047415118
1047415188
1047708180
1047707143
1047415072
1047416033
1047415143
1047713242
1047416024
1047605117
1047415197
1047416149
1047416102
1047416063
1047416020
1047416080
1047701159
1047714119
1047804130
1047811011
1047705022
1047416097
1047416060
1047415206
1047416176
1047416021
1047416179
1047416232
1047416221
1047416224
1047810019
1047416225
1047415215
1047416207
1047901180
1047901203
1047710161
1047416126
1047901081
1047705245
1047502113
1047901172
1047416231
1047416164
1047901044
1047507137
1047503065
1047510011
1047504070
1047416234
1047902055
1047902052
1047416235
1047901196
1047508019
1047416218
1047902079
1047512110
1047510034
1047902084
1047901217
1047601042
1047516134
1047611060
1047902117
1047601169
1047902161
1047902169
1047507058
1047513147
1047902179
1047510025
1047602071
1047608039
1047902115
1047902089
1047612098
1047902098
1047614033
1047902111
1047603206
1047705125
1047903014
1047903135
1047609044
1047903065
1047903123
1047903156
1047902107
1047903197
1047902193
1047902224
1047616014
1047702221
1047903097
1047905036
1047704153
1047708052
1047903206
1047905174
1047702054
1047701023
1047705168
1047905163
1047706008
1047905145
1047714056
1047905096
1047905074
1047711205
1047802139
1047803052
1047905194
1047803046
1047708183
1047801038
1047905185
1047906120
1047802212
1047712080
1047906093
1047805067
1047906027
1047905232
1047905242
1047907037
1047806246
1047813186
1047906210
1047905246
1047813033
1047815198
1047901016
1047907099
1047907118
1047814055
1047807052
1047907082
1047907085
1047901098
1047901119
1047907031
1047901165
1047907114
1047907047
1047901008
1047804171
1047902072
1047902103
1047907077
1047907102
1047901075
1047907162
1047907199
1047902118
1047907230
1047907240
1047907157
1047901118
1047416112
1047907135
1047907131
1047815038
1047907220
1047908152
1047902108
1047902152
1047902146
1047901128
1047902130
1047903013
1047902196
1047902149
1047902242
1047902164
1047908172
1047902236
1047902172
1047910047
1047903168
1047908126
1047910161
1047903191
1047903127
1047903125
1047903028
1047903011
1047910143
1047903248
1047910187
1047903227
1047903177
1047910227
1047903034
1047910194
1047910009
1047903218
1047905025
1047910172
1047905039
1048001072
1047903022
1048001076
1048001121
1047905161
1047905029
1048001087
1048001015
1047905114
1047905123
1048001208
1047903214
1048001096
1047905089
1048001233
1047903238
1048001230
1048001191
1047905156
1048001238
1048001192
1048001057
1047903229
1047905179
1047906023
1047905199
1048001114
1047905215
1047906224
1047905171
1048002052
1047906167
1047906247
1047906248
1047906220
1047906077
1048003003
1048002091
1047906151
1048002089
1047906237
1047907197
1048002144
1048002080
1047905234
1048003046
1047906065
1047907038
1048002106
1047906227
1048002214
1048002133
1048002150
1048002058
1047907119
1047907124
1048003114
1048002142
1048003189
1047908056
1048003174
1047908012
1047908076
1047907212
1048002060
1047907023
1048003031
1048003180
1048003070
1047907176
1047907232
1048004049
1047908030
1047908154
1047908064
1047908136
1047908158
1048004059
1048003194
1048004036
1048004028
1048004040
1047910024
1048003109
1048004087
1047910037
1047910085
1048003233
1047910005
1047910012
1048004152
1047910151
1048004170
1048004053
1048005032
1047910174
1047910076
1048004089
1047910006
1047910242
1047910147
1048001004
1048005079
1048001039
1048001035
1048001036
1048004230
1047910111
1048005038
1048001041
1048005020
1048001115
1048005033
1048001066
1048001074
1048001178
1048001173
1048005209
1048004180
1048001190
1048005188
1047902140
1048005096
1048001112
1048005100
1048006025
1048001226
1048005047
1047910214
1048006024
1048005205
1048001132
1048002056
1048005221
1047910186
1048001203
1048001235
1048002014
1048002130
1047910125
1048003030
1048001217
1048002105
1048006140
1048006096
1048002210
1048006047
1048003042
1048005064
1048006138
1048001250
1048006048
1048006052
1048003081
1048007017
1048004012
1048006221
1048003244
1048004148
1048003138
1048007077
1048005119
1048003153
1048004106
1048004090
1048007089
1048006159
1048004149
1048004156
1048004037
1048007082
1048002085
1048002078
1048007035
1048003193
1048004108
1048005114
1048006192
1048007100
1048006230
1048004247
1048007101
1048005139
1048005198
1048005050
1048007099
1048007112
1048007160
1048006044
1048004236
1048007133
1048003014
1048007105
1048007106
1048005213
1048005234
1048006245
1048007195
1048005206
1048007228
1048007224
1048007118
1048007025
1048007153
1048008037
1048007177
1048007137
1048008053
1048007131
1048008062
1048007138
1048008087
1048008048
1048008022
1048007170
1048007188
1048008089
1048008061
1048008169
1048008110
1048008030
1048008082
1048007197
1048004239
1048007026
1048008092
1048009096
1048008080
1048007209
1048006068
1048008222
1048008068
1048009013
1048009032
1048008241
1048009131
1048009144
1048009188
1048008205
1048009017
1048009135
1048008167
1048008096
1048009110
1048009209
1048009154
1048010036
1048010107
1048009174
1048007240
1048009229
1048009015
1048009147
1048009241
1048010015
1048009052
1048009124
1048009198
1048010079
1048010007
1048010014
1048011064
1048010139
1048010044
1048009236
1048010035
1048009201
1048010006
1048010019
1048010151
1048010089
1048012009
1048011211
1048011202
1048009244
1048010127
1048010145
1048012023
1048009215
1048010056
1048011065
1048010067
1048010216
1048012031
1048011159
1048012048
1048012007
1048003195
1048011091
1048012117
1048012035
1048011163
1048012183
1048010160
1048010022
1048010242
1048012027
1048010150
1048011237
1048010080
1048010146
1048011164
1048010143
1048011094
1048011059
1048012190
1048012177
1048013033
1048013117
1048012144
1048011220
1048004191
1048012168
1048012189
1048012131
1048012108
1048012166
1048013054
1048012233
1048012141
1048013015
1048014075
1048013018
1048013198
1048013079
1048013214
1048013148
1048014055
1048014049
1048013223
1048012199
1048013011
1048014050
1048013118
1048013149
1048014105
1048013207
1048013234
1048013229
1048014150
1048012156
1048014076
1048012145
1048015014
1048013178
1048015040
1048015061
1048013026
1048015044
1048016039
1048014146
1048012220
1048014111
1048015117
1048015081
1048015092
1048013167
1048016031
1048016012
1048014122
1048014109
1048013226
1048016119
1048016091
1048014051
1048016218
1048014173
1048014087
1048101198
1048014080
1048016144
1048014163
1048101039
1048014028
1048014185
1048013246
1048014170
1048014151
1048015046
1048102106
1048101021
1048015037
1048014221
1048103048
1048102107
1048102193
1048101250
1048101085
1048015097
1048102213
1048103190
1048016056
1048015131
1048103189
1048103153
1048016112
1048103165
1048015178
1048014213
1048015118
1048016127
1048104064
1048104004
1048101243
1048016136
1048016025
1048016225
1048103199
1048103203
1048016125
1048104235
1048016103
1048104177
1048104151
1048104054
1048101023
1048103045
1048104240
1048015196
1048101030
1048104025
1048016227
1048105103
1048105007
1048105150
1048105129
1048105145
1048101136
1048105114
1048101107
1048101200
1048105070
1048105185
1048103241
1048105086
1048101145
1048105128
1048101158
1048105188
1048101194
1048105236
1048101117
1048106004
1048101214
1048105055
1048106112
1048101234
1048106053
1048102029
1048105218
1048106162
1048106095
1048106152
1048102073
1048102033
1048105243
1048102083
1048107032
1048106133
1048102058
1048102102
1048010105
1048106239
1048106221
1048106145
1048101226
1048107208
1048108015
1048102220
1048107094
1048107155
1048103106
1048102141
1048102133
1048107066
1048107106
1048108049
1048102143
1048102150
1048108037
1048108019
1048103159
1048103114
1048108089
1048102082
1048108192
1048109037
1048108053
1048107221
1048108184
1048109023
1048103200
1048103025
1048104005
1048107138
1048107162
1048103191
1048109199
1048104170
1048102206
1048104074
1048103174
1048109145
1048109148
1048104024
1048103004
1048109243
1048104179
1048109040
1048104236
1048104248
1048013044
1048104249
1048110201
1048110051
1048110081
1048110100
1048110151
1048105006
1048103244
1048109077
1048111059
1048110226
1048105122
1048105084
1048105016
1048105036
1048110142
1048105018
1048105047
1048111170
1048104050
1048105009
1048105174
1048102092
1048110235
1048110196
1048111038
1048111135
1048105063
1048105137
1048111206
1048111172
1048105233
1048106026
1048105198
1048111233
1048106106
1048105163
1048111002
1048111250
1048112019
1048105199
1048112025
1048106229
1048112075
1048112154
1048112129
1048106027
1048106245
1048112067
1048112095
1048106115
1048112169
1048107015
1048106185
1048106076
1048105130
1048107098
1048112198
1048111180
1048112207
1048016146
1048107109
1048104140
1048107034
1048112180
1048113084
1048107132
1048113117
1048107134
1048105176
1048114041
1048113126
1048107211
1048107205
1048113247
1048114042
1048114031
1048113149
1048107145
1048108046
1048107250
1048107234
1048107176
1048108028
1048108215
1048107064
1048108050
1048114209
1048108055
1048114038
1048114103
1048114053
1048107160
1048108158
1048108136
1048114028
1048115007
1048108062
1048114084
1048114132
1048109002
1048114242
1048108194
1048108235
1048108219
1048109032
1048115070
1048109102
1048109067
1048115003
1048109075
1048115111
1048109104
1048114147
1048116039
1048109210
1048114056
1048116033
1048115122
1048110003
1048109172
1048109184
1048116009
1048108246
1048110231
1048110103
1048110123
1048116059
1048116234
1048114212
1048110109
1048110082
1048116240
1048116197
1048110149
1048111005
1048111076
1048203156
1048112052
1048201211
1048116142
1048110212
1048116186
1048111113
1048111061
1048208084
1048301014
1048215178
1048111106
1048212096
1048110155
1048301075
1048112053
1048112084
1048112088
1048301199
1048215187
1048112089
1048302001
1048111096
1048301131
1048112060
1048112161
1048302061
1048301137
1048112188
1048301076
1048112177
1048113073
1048111161
1048302109
1048112244
1048112144
1048302141
1048302099
1048112240
1048113078
1048302095
1048112200
1048111242
1048112093
1048113085
1048114020
1048113123
1048302207
1048112141
1048302172
1048113169
1048113233
1048302167
1048302179
1048113099
1048113225
1048302213
1048113234
1048114052
1048302139
1048113130
1048303033
1048303034
1048113207
1048114200
1048114119
1048115006
1048114088
1048114109
1048114157
1048303082
1048303094
1048303096
1048303014
1048115033
1048114222
1048115192
1048116019
1048303241
1048114144
1048303121
1048303138
1048303112
1048302166
1048209217
1048209184
1048116162
1048116072
1048205176
1048207223
1048116025
1048303234
1048115162
1048207128
1048304110
1048303125
1048214248
1048211243
1048116058
1048116223
1048304176
1048304099
1048304152
1048301030
1048301193
1048301048
1048305017
1048303116
1048214122
1048304121
1048301056
1048305128
1048301246
1048304024
1048301069
1048116102
1048301202
1048301145
1048302103
1048301083
1048301213
1048305057
1048302069
1048302163
1048302123
1048216162
1048305099
1048301211
1048303050
1048305142
1048302194
1048303022
1048305042
1048305118
1048305156
1048302158
1048302136
1048303135
1048209188
1048302206
1048303037
1048306067
1048303240
1048305211
1048305209
1048303106
1048305140
1048206124
1048302209
1048303114
1048306165
1048306171
1048303231
1048304060
1048307116
1048306010
1048303238
1048307090
1048306243
1048304073
1048307029
1048307201
1048307007
1048304039
1048304012
1048307159
1048303244
1048304040
1048307031
1048304100
1048304064
1048304122
1048308103
1048308062
1048308082
1048304130
1048304054
1048304088
1048308020
1048305021
1048307148
1048304048
1048304226
1048308153
1048308122
1048304123
1048304250
1048304228
1048308133
1048305059
1048308152
1048305114
1048305079
1048304179
1048305073
1048305127
1048308232
1048308169
1048305103
1048305208
1048305241
1048305153
1048305137
1048308241
1048305235
1048309013
1048305200
1048308123
1048304113
1048308218
1048306080
1048307055
1048306210
1048307019
1048306136
1048307037
1048309065
1048307160
1048307113
1048304083
1048309075
1048309016
1048309021
1048309023
1048307245
1048307250
1048306081
1048309121
1048309043
1048308162
1048307181
1048307151
1048309116
1048308180
1048307155
1048308015
1048309134
1048306195
1048306012
1048309222
1048311001
1048310250
1048307243
1048309151
1048309240
1048311005
1048309110
1048306048
1048311038
1048309241
1048311008
1048309137
1048309081
1048307211
1048308117
1048309209
1048311096
1048309142
1048311071
1048309157
1048310045
1048311142
1048311020
1048311135
1048311140
1048309164
1048311006
1048311039
1048311161
1048310022
1048312006
1048311132
1048311243
1048309199
1048312037
1048309238
1048312015
1048312011
1048309217
1048310038
1048312067
1048312076
1048311237
1048312092
1048310024
1048310091
1048311144
1048311002
1048310066
1048312026
1048312077
1048310126
1048312027
1048310011
1048310127
1048310143
1048309223
1048308142
1048310233
1048312098
1048312114
1048312124
1048311167
1048312115
1048312200
1048312144
1048312170
1048310155
1048312218
1048311087
1048310142
1048305036
1048314056
1048310134
1048311076
1048311106
1048311072
1048312197
1048314087
1048314079
1048314150
1048311046
1048311242
1048314073
1048314224
1048310230
1048310161
1048314147
1048312019
1048314012
1048311202
1048311063
1048311138
1048311227
1048312088
1048310247
1048309012
1048312039
1048315112
1048312111
1048312154
1048311192
1048312133
1048314170
1048315130
1048312157
1048314006
1048314090
1048312162
1048312118
1048315177
1048315190
1048315200
1048312233
1048403030
1048402097
1048402014
1048312198
1048315193
1048314234
1048312180
1048314094
1048315033
1048315170
1048312105
1048404187
1048315116
1048405107
1048401184
1048312079
1048405241
1048315019
1048315070
1048314242
1048406009
1048407233
1048407137
1048315121
1048315073
1048408174
1048407179
1048408108
1048409123
1048315132
1048406158
1048315133
1048407169
1048404228
1048315048
1048315187
1048409240
1048315101
1048315118
1048410005
1048409225
1048411147
1048410224
1048416130
1048403088
1048314246
1048413220
1048406247
1048401069
1048407138
1048501192
1048412163
1048315038
1048413232
1048312134
1048501031
1048501142
1048405029
1048501245
1048401143
1048502125
1048503068
1048502042
1048502089
1048503053
1048503193
1048504042
1048502234
1048504009
1048503227
1048504096
1048505053
1048504008
1048502208
1048414191
1048504078
1048503249
1048503172
1048502145
1048505191
1048505021
1048505107
1048506063
1048507027
1048504070
1048504128
1048503078
1048510024
1048506081
1048505204
1048509147
1048511109
1048506044
1048507237
1048507165
1048511192
1048503151
1048510226
1048507018
1048512129
1048515035
1048508179
1048511092
1048509241
1048506029
1048605080
1048312229
1048509186
1048509168
1048513075
1048505018
1048607003
1048508125
1048516031
1048510139
1048509239
1048511031
1048511071
1048608129
1048601095
1048510003
1048610021
1048608074
1048613053
1048510089
1048701064
1048511084
1048702190
1048512098
1048511028
1048702168
1048703007
1048703210
1048615094
1048512012
1048511058
1048703034
1048703113
1048404229
1048513226
1048704130
1048705177
1048510051
1048512197
1048514037
1048616111
1048513003
1048704118
1048706131
1048513147
1048513073
1048609178
1048706020
1048707131
1048515058
1048515134
1048702191
1048707206
1048514128
1048516178
1048515103
1048707165
1048515213
1048402025
1048515189
1048711020
1048708050
1048708154
1048516058
1048712039
1048711211
1048712060
1048512079
1048606063
1048712199
1048607216
1048603201
1048608136
1048604148
1048605246
1048410156
1048614209
1048709042
1048607250
1048715139
1048713220
1048801017
1048716224
1048714116
1048612043
1048616092
1048601048
1048614038
1048704089
1048703188
1048614075
1048801090
1048608165
1048705060
1048505237
1048711234
1048705178
1048705243
1048701121
1048702030
1048801113
1048703211
1048706042
1048801073
1048703081
1048801191
1048801025
1048801079
1048707233
1048801218
1048802066
1048801041
1048410196
1048704096
1048707059
1048704235
1048802037
1048801250
1048802078
1048802058
1048707135
1048708202
1048706117
1048802005
1048514038
1048706176
1048709133
1048802132
1048802124
1048711044
1048801240
1048708046
1048707248
1048801215
1048708110
1048711162
1048802154
1048709195
1048802125
1048711046
1048802143
1048802164
1048802139
1048710221
1048708013
1048802122
1048707099
1048709031
1048714039
1048713117
1048711156
1048802062
1048803047
1048802198
1048711186
1048802190
1048802158
1048716077
1048714016
1048803007
1048801005
1048716250
1048803063
1048801092
1048712004
1048715098
1048803053
1048803096
1048801129
1048803138
1048803190
1048712108
1048803240
1048801032
1048802178
1048714148
1048801064
1048802022
1048801082
1048803200
1048804024
1048803186
1048803109
1048801192
1048801107
1048803218
1048801074
1048803176
1048802090
1048803241
1048802071
1048804237
1048802084
1048702133
1048804003
1048802030
1048802088
1048801011
1048802020
1048805037
1048802106
1048802160
1048804121
1048802101
1048802083
1048801018
1048805062
1048803164
1048801152
1048803040
1048804077
1048805171
1048805130
1048803004
1048805019
1048802113
1048805054
1048805091
1048805096
1048805205
1048804041
1048803050
1048805221
1048805029
1048806054
1048803189
1048803140
1048805222
1048805193
1048806196
1048805250
1048803052
1048803088
1048806025
1048807070
1048803073
1048804048
1048804010
1048805249
1048807161
1048804098
1048808041
1048801136
1048807032
1048804157
1048804049
1048802197
1048805135
1048807164
1048807176
1048804150
1048804076
1048807040
1048805047
1048804081
1048807071
1048807115
1048807108
1048807118
1048807187
1048804126
1048804227
1048805063
1048808182
1048805064
1048808223
1048804187
1048809039
1048808246
1048808245
1048805139
1048807195
1048809090
1048804058
1048809130
1048805105
1048809163
1048804242
1048805161
1048810019
1048805094
1048810024
1048806122
1048810078
1048809050
1048809137
1048805237
1048810080
1048808103
1048806111
1048810030
1048805238
1048809185
1048806197
1048806185
1048806090
1048810046
1048805151
1048810182
1048809215
1048810234
1048807029
1048807038
1048806238
1048806225
1048811037
1048810062
1048811086
1048811188
1048708241
1048807072
1048811167
1048806031
1048810141
1048811013
1048807050
1048810156
1048812025
1048807107
1048811234
1048812013
1048812096
1048805190
1048807237
1048807089
1048807153
1048811227
1048807091
1048813021
1048812114
1048807121
1048807087
1048812022
1048812095
1048813127
1048807135
1048813217
1048808039
1048813038
1048813211
1048807162
1048813163
1048812197
1048808022
1048814058
1048814107
1048813041
1048814071
1048808156
1048813167
1048809152
1048808020
1048808181
1048808111
1048808162
1048809154
1048807066
1048814198
1048814229
1048809121
1048809183
1048815092
1048815113
1048808243
1048809226
1048809009
1048815042
1048810022
1048815145
1048815221
1048816026
1048815167
1048814193
1048814085
1048808033
1048815134
1048814173
1048809201
1048810031
1049001081
1048810036
1048816213
1048810008
1048816095
1049001036
1048811089
1048809170
1048810114
1048815170
1048810049
1048816042
1048810069
1049001170
1048810155
1049001114
1048810219
1049001171
1048816128
1048802206
1049002050
1049001104
1048811020
1048810186
1049002072
1048803112
1048810085
1049001118
1048811077
1048811174
1048811184
1049002078
1049001128
1048810139
1048811176
1048810151
1049001231
1049001175
1048811161
1049001079
1048812042
1049001211
1048812093
1048810121
1049002174
1049002239
1048810243
1048812112
1049002193
1049002044
1048811225
1049002197
1048812200
1049002085
1049004064
1048810026
1048812233
1048812135
1049001246
1048807018
1049004077
1049004121
1048813073
1049004042
1048812236
1049004170
1048812222
1049004148
1048813180
1049004126
1049007013
1049004128
1049004233
1048814163
1048812166
1048814157
1048814086
1048812151
1048814020
1049004140
1048814096
1048814046
1048814028
1049007009
1049002134
1048814221
1049007016
1048814062
1048813092
1048814192
1049007066
1048814201
1048814174
1049007038
1048814191
1049007117
1049007150
1048815037
1049007007
1048815028
1048815006
1049007215
1049007191
1048815073
1048815216
1049007230
1048814169
1048815014
1048814250
1048815213
1048815190
1048815127
1049007068
1048816031
1049102174
1048816188
1048815029
1048815062
1048816111
1049103012
1048816250
1049001131
1049001099
1049007218
1049001191
1049102024
1049001243
1049001213
1049102042
1049102133
1049007072
1049001115
1049001208
1049001113
1049001009
1049001027
1049002001
1048815156
1049103058
1049102048
1049102244
1049103147
1049002064
1049001078
1049001168
1049002124
1049103179
1049002058
1049103203
1049002080
1049002027
1049103211
1049104005
1049002069
1049002208
1049002209
1049002115
1049002109
1049002130
1049104099
1049002243
1049104059
1049002223
1049004099
1049004133
1049104168
1049004048
1049004005
1049104076
1049004138
1049004105
1049105178
1049004165
1049105109
1049004131
1049109142
1049110123
1049106020
1049107193
1049103153
1049110197
1049110238
1049007011
1049110076
1049007079
1049007048
1049004100
1049007049
1049105188
1049110033
1049007058
1049110018
1049114063
1049002190
1049007147
1049007032
1049115052
1049114100
1049007052
1049007108
1049007100
1049115113
1049114103
1049114132
1049007102
1049007211
1049115167
1049007127
1049115195
1049116014
1049115162
1049116092
1049007222
1049004146
1049116213
1049201083
1049007195
1049115221
1049007164
1049116029
1049116138
1049116134
1049007153
1049007228
1049201090
1049201202
1049201167
1049007237
1049201062
1049007193
1049102209
1049202092
1049007219
1049202121
1049007216
1049103061
1049103056
1049102088
1049103116
1049103225
1049203108
1049104058
1049103198
1049202144
1049202203
1049203193
1049007158
1049104116
1049104178
1049104006
1049007229
1049105070
1049102020
1049105096
1049104140
1049105174
1049104077
1049105149
1049205180
1049204134
1049203112
1049103164
1049202245
1049204236
1049104169
1049205215
1049107197
1049205090
1049106110
1049206123
1049207193
1049107181
1049002108
1049105186
1049105237
1049107234
1049206059
1049209202
1049207017
1049110160
1049109016
1049110074
1049105100
1049203229
1049209037
1049110069
1049110039
1049114218
1049110173
1049115143
1049110027
1049210069
1049210056
1049114219
1049114080
1049210016
1049211080
1049114158
1049210156
1049109019
1049109131
1049115157
1049210114
1049210243
1049208028
1049110191
1049116079
1049209206
1049211242
1049213033
1049115192
1049116049
1049116063
1049116053
1049213132
1049116111
1049201112
1049114146
1049212037
1049214109
1049214173
1049214061
1049116105
1049201075
1049115168
1049116148
1049214005
1049215059
1049201074
1049202132
1049202111
1049116162
1049202070
1049201185
1049202141
1049216124
1049203070
1049213081
1049202206
1049201021
1049202247
1049203088
1049203212
1049203247
1049201229
1049302098
1049215156
1049202169
1049213029
1049216162
1049204068
1049204055
1049007234
1049203135
1049203157
1049216144
1049203051
1049304139
1049202134
1049304246
1049205167
1049305172
1049304235
1049205171
1049305068
1049307053
1049204091
1049205166
1049206217
1049307028
1049206248
1049205139
1049206166
1049203156
1049306210
1049311168
1049204135
1049316110
1049208181
1049204105
1049316031
1049401057
1049208141
1049208230
1049308061
1049206033
1049207248
1049216125
1049207045
1049208246
1049316144
1049312189
1049208061
1049401045
1049210010
1049209067
1049401063
1049210126
1049401160
1049401250
1049210006
1049402066
1049401031
1049210055
1049401231
1049209169
1049402167
1049210040
1049402247
1049210191
1049210154
1049401239
1049210160
1049209158
1049403039
1049211086
1049403096
1049403080
1049403014
1049402140
1049210247
1049401247
1049213083
1049213105
1049211092
1049211173
1049211209
1049211220
1049213084
1049213204
1049403127
1049213217
1049404018
1049214001
1049214107
1049213099
1049404109
1049403188
1049404019
1049215157
1049404034
1049404062
1049214213
1049404103
1049214193
1049216247
1049404087
1049403195
1049215153
1049404235
1049209165
1049405071
1049403238
1049404038
1049404136
1049216107
1049405165
1049216020
1049301155
1049404237
1049406024
1049405158
1049214128
1049304131
1049405194
1049406037
1049405244
1049405085
1049406018
1049305075
1049301135
1049216197
1049302050
1049205109
1049406090
1049302060
1049405150
1049406082
1049309037
1049406227
1049304230
1049407027
1049406245
1049407085
1049405218
1049307245
1049406102
1049310127
1049407180
1049312006
1049407179
1049205238
1049310045
1049307244
1049406210
1049307056
1049310238
1049313058
1049305194
1049316192
1049306004
1049406080
1049407203
1049407213
1049407158
1049408038
1049313225
1049304240
1049401098
1049312009
1049314069
1049316193
1049401196
1049407097
1049407108
1049401214
1049408072
1049401180
1049407245
1049316203
1049401046
1049402048
1049401099
1049409009
1049409052
1049403001
1049316218
1049407246
1049407160
1049401230
1049402084
1049409044
1049408172
1049401243
1049409094
1049403109
1049402161
1049316128
1049409090
1049409131
1049403182
1049402207
1049403097
1049402037
1049403176
1049403174
1049403181
1049409201
1049409146
1049403066
1049409157
1049409217
1049409015
1049409195
1049409212
1049404047
1049404145
1049404054
1049404240
1049410244
1049409246
1049314177
1049404049
1049404122
1049411040
1049404139
1049403242
1049405242
1049404041
1049403118
1049410058
1049405116
1049405082
1049403201
1049405093
1049406067
1049402073
1049410138
1049411065
1049406169
1049405245
1049411140
1049406017
1049411199
1049410024
1049406206
1049411115
1049406144
1049406099
1049411177
1049405183
1049407070
1049406088
1049411135
1049411239
1049407055
1049412068
1049412200
1049407088
1049407183
1049412214
1049410239
1049406194
1049413169
1049413004
1049412061
1049413096
1049413136
1049407115
1049413195
1049406051
1049414001
1049414096
1049407162
1049407132
1049413048
1049408068
1049414116
1049414183
1049407193
1049408061
1049414202
1049407029
1049407118
1049408108
1049408073
1049414158
1049414236
1049408118
1049407207
1049407231
1049408214
1049408141
1049414062
1049415041
1049415049
1049414145
1049408191
1049408213
1049415127
1049415187
1049408218
1049415111
1049409067
1049416077
1049416133
1049408069
1049409031
1049409110
1049416063
1049409176
1049409200
1049416025
1049415220
1049416105
1049408210
1049409206
1049409203
1049409042
1049415128
1049416013
1049410134
1049409245
1049409210
1049410030
1049410037
1049410085
1049416211
1049505206
1049504160
1049411045
1049505059
1049511215
1049410071
1049514126
1049411097
1049410225
1049416234
1049411158
1049411002
1049410099
1049607060
1049411082
1049409135
1049411178
1049608219
1049502081
1049416240
1049412006
1049411125
1049411068
1049616012
1049411052
1049611173
1049411231
1049411122
1049603241
1049411205
1049706020
1049412034
1049412207
1049706152
1049412119
1049707114
1049411109
1049412013
1049412220
1049412176
1049411202
1049804079
1049409191
1049412188
1049413014
1049707080
1049805178
1049805154
1049805093
1049414055
1049413081
1049712234
1049414083
1049413202
1049414084
1055002222
1049812230
1049413101
1049605152
1049414019
1049814222
1055009067
1055008050
1049412086
1049414205
1049415008
1049414170
1049414157
1049815097
1049407093
1049414090
1055009016
1049413105
1055009012
1055003165
1049415037
1049415012
1049414226
1049415116
1049414214
1049415188
1055009212
1049510085
1049415080
1049415033
1049415131
1055009231
1049416115
1049416012
1049416194
1055105174
1049416111
1049415029
1049414119
1049504173
1055104237
1055009206
1055105069
1049406240
1049416095
1055113225
1055102090
1049416183
1049416080
1055114185
1049508200
1055115097
1049416078
1049603031
1049614170
1055103175
1049416136
1055014069
1049505212
1049607231
1055203214
1049606250
1049701098
1049701061
1055111053
1055206214
1049703247
1049703063
1055210162
1055009006
1049707134
1049712250
1049709068
1055115133
1055212194
1055302022
1049803200
1049804072
1049711130
1049715034
1049811124
1049806034
1055303089
1049816107
1049806049
1055102071
1055305137
1055304153
1049809015
1049814242
1049814174
1055201096
1055214084
1055216107
1055302089
1055307052
1055305151
1055307035
1055002039
1049816182
1049806247
1055002001
1055003218
1055007110
1055309196
1055003031
1055001073
1055310207
1055008084
1055008190
1055312123
1055312076
1055310003
1055008178
1055009007
1055009210
1055015176
1049415074
1055315112
1055012039
1055009019
1055009050
1055101059
1055312170
1055412167
1055311113
1055407223
1055314198
1055316025
1049415206
1055416138
1055415216
1055415037
1055103099
1055601061
1055101141
1055601030
1055103163
1055601218
1055601086
1055101218
1055602076
1055106010
1055602158
1055104083
1055602221
1055601177
1055110011
1055604043
1055601244
1055104043
1055202066
1055604066
1055106068
1055602108
1055601076
1055111020
1055603191
1055604141
1055604175
1049609020
1055202065
1055604013
1055207089
1055603027
1055201095
1055204043
1055112039
1055207245
1055604232
1055604236
1055205195
1055212123
1055209038
1055113024
1055605041
1055605085
1055604057
1055605013
1055213024
1055605211
1055605113
1055211162
1055211037
1055213047
1049706224
1055605240
1055213128
1055605116
1055606177
1055302193
1055207029
1055604084
1055215116
1055305069
1055215097
1055606147
1055607090
1055301039
1055301110
1055607040
1055606017
1055304100
1055607060
1055608165
1055305239
1055304140
1055305131
1055607214
1055607222
1055310006
1055308076
1055609217
1055306227
1055310079
1055610011
1055305207
1055607232
1055609079
1055313144
1055312049
1055610070
1055609143
1055315073
1055410128
1055311008
1055411168
1055316041
1055308120
1055316013
1055414219
1055610243
1055403138
1055607058
1055405138
1055413043
1055610083
1055610156
1055610135
1055411120
1055611046
1055610089
1055610025
1055608084
1055214122
1055415106
1055611138
1055611035
1055611162
1055602018
1055611059
1055405126
1055601087
1055610214
1055611175
1055604009
1055601195
1055602089
1055611121
1055603021
1055612240
1055611062
1055604233
1055603053
1055604090
1055612134
1055613180
1055009009
1055602214
1055602242
1055602062
1055604240
1055604239
1055612064
1055614152
1055614010
1055614245
1055616112
1055605195
1055605047
1055605215
1055605005
1055604109
1055614065
1055613236
1055605221
1055605222
1055616178
1055804123
1055606149
1055607046
1055607168
1055604072
1055616074
1055416031
1055616113
1055614031
1055606224
1055803217
1055611209
1055606102
1055805250
1055607079
1055607101
1055607094
1055607215
1055607187
1055813045
1055806122
1055808237
1055607011
1055608022
1055607191
1055810025
1055613048
1055609067
1055904229
1055810163
1055608052
1055608208
1055608082
1055902244
1055610118
1055606151
1055906237
1055609127
1055811169
1055809104
1055616155
1055609005
1055609185
1055609090
1055610147
1055904008
1055610226
1055910249
1055902070
1055605183
1055610246
1055914091
1055915111
1055610134
1055611113
1055610137
1055611076
1056001244
1056004062
1055908173
1055612162
1055612071
1055612024
1055612170
1055612172
1055612250
1055611030
1055905070
1055612201
1055614028
1056004069
1056005075
1055909080
1055613225
1056007070
1056006030
1056006106
1055613059
1056002107
1055910132
1056005218
1055614107
1056005119
1056016033
1055614093
1056101145
1055601048
1056101030
1055613191
1055614163
1056015098
1055615006
1056101023
1055614233
1056101039
1055615012
1055614246
1056101107
1056012044
1056101214
1055615061
1055615188
1055614200
1055616125
1056013131
1056011058
1055616111
1055801067
1055615111
1055616070
1056102058
1055804228
1055616129
1055802223
1056102143
1056102107
1055802076
1055805028
1055803135
1055805233
1056103114
1056103174
1055809017
1055813089
1055812044
1056102108
1056102193
1056103159
1056101243
1056103048
1055805240
1056102073
1056103045
1056103190
1056102206
1055901084
1056104024
1055816134
1055801123
1055807170
1055902103
1055609238
1056103191
1055815023
1056104170
1056104064
1056104004
1055901111
1056104054
1055813105
1056103203
1055611163
1056105036
1056104236
1055902211
1055813024
1055903091
1056105070
1055816033
1055815190
1055904100
1056105006
1055903031
1055903139
1056105130
1055905013
1055906180
1056102029
1055907062
1055905109
1055909243
1055904131
1055913228
1056105128
1056105086
1056105114
1056105174
1056105163
1055910194
1056106026
1056105236
1055913221
1056105185
1056106076
1055915049
1055912176
1055910103
1056105176
1056106004
1055914140
1056105122
1055912092
1056106166
1056106115
1055915038
1055907077
1055914116
1056105188
1056106053
1056004096
1056001213
1056106239
1055915176
1056106133
1056004250
1056106185
1056006134
1056107109
1056010140
1056003141
1056008150
1056107134
1056107094
1056015079
1056106245
1056106112
1056013105
1056107066
1056107034
1056107138
1056108015
1056107015
1056107032
1056014031
1056016074
1056013179
1056107205
1056108158
1056009229
1056101085
1056107160
1056011079
1056101136
1056101194
1056107234
1056107155
1056108019
1056016080
1056108062
1056102213
1056102106
1056015183
1056102141
1056102092
1056109037
1056109104
1056108199
1056102082
1056102133
1056109184
1056101200
1056109077
1056109148
1056103111
1056101198
1056103200
1056103004
1056104050
1056104140
1056101226
1056103025
1056110103
1056104235
1056102150
1056103153
1056109210
1056110082
1056103241
1056103106
1056110142
1056110155
1056110109
1056104005
1056104151
1056103165
1056108037
1056104177
1056104248
1056110201
1056110149
1056104179
1056109199
1056104184
1056105047
1056110212
1056111113
1056111002
1056104025
1056105084
1056104240
1056111038
1056111106
1056111096
1056111170
1056105129
1056105018
1056111030
1056105009
1056105137
1056105063
1056112053
1056111206
1056105117
1056105055
1056105150
1056111172
1056106027
1056106221
1056112129
1056112089
1056110231
1056105145
1056105218
1056106152
1056112025
1056112088
1056112084
1056112188
1056112244
1056112141
1056112136
1056105233
1056112075
1056112161
1056106162
1056112200
1056107105
1056106095
1056112180
1056113019
1056107098
1056105243
1056107132
1056106229
1056107064
1056107211
1056113084
1056113130
1056107208
1056113233
1056112207
1056113089
1056108194
1056113099
1056108219
1056114038
1056114084
1056108049
1056108136
1056109002
1056114119
1056109023
1056109145
1056113234
1056109067
1056109243
1056110012
1056116033
1056114147
1056105199
1056110151
1056115022
1056110003
1056201005
1056116058
1056110100
1056109032
1056116102
1056115033
1056116240
1056115007
1056108215
1056111076
1056116162
1056113078
1056201025
1056110196
1056116234
1056110081
1056116019
1056201082
1056111135
1056111233
1056108055
1056201032
1056111161
1056201090
1056111059
1056110235
1056113207
1056109206
1056202024
1056201129
1056111061
1056114144
1056111180
1056202022
1056201152
1056202090
1056112019
1056201074
1056202078
1056202122
1056111250
1056202005
1056202132
1056112052
1056112144
1056202058
1056112079
1056201192
1056112154
1056112093
1056112169
1056112023
1056112177
1056113085
1056203052
1056202164
1056202158
1056113073
1056113214
1056203063
1056113117
1056202198
1056203007
1056112240
1056202124
1056113123
1056113244
1056113154
1056113174
1056112198
1056114041
1056203050
1056114031
1056113225
1056114028
1056203218
1056107250
1056109102
1056114053
1056114052
1056114042
1056113247
1056204041
1056114103
1056203109
1056115006
1056204049
1056114056
1056203241
1056114209
1056115003
1056115009
1056114109
1056204003
1056204076
1056114200
1056204059
1056114132
1056204126
1056114157
1056204098
1056204122
1056204010
1056204237
1056116009
1056204150
1056204227
1056115127
1056205019
1056115192
1056116059
1056116025
1056115070
1056114212
1056205009
1056201041
1056205029
1056115111
1056204138
1056205105
1056116039
1056205094
1056205063
1056201017
1056115162
1056205054
1056205064
1056201079
1056116072
1056201073
1056205151
1056115159
1056205037
1056205130
1056205205
1056116142
1056205222
1056206025
1056207066
1056201092
1056205238
1056205190
1056206090
1056201136
1056201191
1056201064
1056205249
1056201218
1056201113
1056207162
1056206217
1056206185
1056207135
1056201215
1056202020
1056201250
1056202009
1056206238
1056206122
1056202066
1056208020
1056202030
1056207194
1056202062
1056207115
1056207105
1056207077
1056207108
1056202101
1056207190
1056208033
1056202197
1056113238
1056202084
1056202071
1056207176
1056202139
1056202088
1056202143
1056208041
1056209050
1056202106
1056202206
1056208181
1056202083
1056203047
1056208162
1056209039
1056209154
1056202178
1056209152
1056208209
1056203073
1056202190
1056202125
1056209130
1056208245
1056209170
1056203112
1056209121
1056203040
1056210030
1056203140
1056209163
1056210019
1056203138
1056202201
1056210008
1056203096
1056203088
1056209185
1056210080
1056203186
1056210121
1056203053
1056210036
1056210114
1056201018
1056203200
1056210151
1056210141
1056203189
1056204058
1056203190
1056210182
1056204040
1056210024
1056203240
1056203176
1056210069
1056204081
1056203004
1056211184
1056211020
1056210234
1056204242
1056211013
1056205079
1056204024
1056204077
1056212075
1056211176
1056204070
1056211177
1056205062
1056205135
1056211188
1056205161
1056205096
1056204121
1056204236
1056211089
1056212036
1056204187
1056204157
1056206225
1056205171
1056212105
1056212233
1056212093
1056213119
1056212222
1056213021
1056207029
1056212114
1056213092
1056206111
1056205250
1056205139
1056209087
1056214026
1056212042
1056214020
1056206031
1056205221
1056213054
1056206197
1056212166
1056207038
1056205193
1056214056
1056207032
1056205237
1056207087
1056207040
1056207070
1056213217
1056214062
1056207089
1056208039
1056207072
1056207164
1056214192
1056207237
1056214096
1056214058
1056207161
1056208156
1056214229
1056208111
1056214174
1056208022
1056214250
1056214169
1056208182
1056208243
1056207118
1056209090
1056207187
1056215006
1056215062
1056208223
1056215113
1056215170
1056215167
1056209183
1056214191
1056209009
1056209159
1056210046
1056214201
1056215037
1056207050
1056209137
1056209201
1056210049
1056207121
1056210085
1056215221
1056210026
1056216031
1056210078
1056215189
1056215134
1056210156
1056209215
1056216111
1056210219
1056210139
1056215213
1056216213
1056216128
1056216042
1056210243
1056303249
1056210186
1056210062
1056211037
1056211086
1056302094
1056305175
1056310114
1056210155
1056211077
1056216134
1056310240
1056313043
1056405161
1056211167
1056212025
1056212015
1056211234
1056211227
1056211161
1056303186
1056408184
1056211174
1056212022
1056404056
1056213167
1056212095
1056407090
1056315022
1056211225
1056311205
1056212236
1056409212
1056215127
1056410174
1056409217
1056213038
1056411206
1056212112
1056505239
1056409193
1056506245
1056212135
1056212151
1056213073
1056213049
1056212197
1056213041
1056510040
1056214046
1056507194
1056212097
1056510132
1056416121
1056502024
1056416179
1056212096
1056515096
1056504106
1056213127
1056213180
1056512007
1056512110
1056214028
1056214085
1056213211
1056601190
1056603070
1056513169
1056214107
1056214173
1056214221
1056414191
1056214128
1056214193
1056214086
1056214163
1056214198
1056606250
1056604025
1056215029
1056215028
1056215042
1056601115
1056601013
1056214157
1056214071
1056601232
1056215061
1056607222
1056216026
1056604113
1056216095
1056215073
1056609086
1056604242
1056216204
1056606030
1056210031
1056609202
1056216188
1056608108
1056215156
1056215092
1056609136
1056608205
1056607250
1056215014
1056612100
1056215190
1056302051
1056216250
1056610070
1056305060
1056215216
1056316194
1056311141
1056301110
1056305078
1056610212
1056310086
1056609141
1056608245
1056414008
1056212078
1056610146
1056610115
1056403070
1056614148
1056306009
1056610243
1056614126
1056610216
1056611035
1056313072
1056615025
1056616175
1056615002
1056407094
1056404076
1056502045
1056414086
1056615144
1056501226
1056313248
1056415108
1056503147
1056802193
1056411039
1056709221
1056502163
1056701194
1056705153
1056502001
1056615213
1056804088
1056511068
1056803175
1056503185
1056613118
1056504132
1056715216
1056507085
1056502172
1056507064
1056802082
1056903168
1056907086
1056601225
1056513246
1056602109
1056816232
1056505070
1056905179
1056516207
1056513076
1056602159
1056603086
1056908084
1056809184
1056814049
1056602014
1056812153
1056604243
1056602179
1056816218
1056601089
1056804164
1057001015
1056602178
1056606245
1056602138
1056604135
1056606082
1056914110
1057002062
1056916203
1057002215
1056608126
1056912236
1056604134
1056607205
1056609101
1056605039
1056608131
1056606073
1056607007
1056608217
1057003234
1056609007
1057003022
1057004081
1057003109
1056610173
1056610034
1057005221
1057003225
1057003211
1056612214
1056611062
1057004167
1056611039
1056612115
1057003080
1057006239
1056604230
1056611052
1057006120
1057005247
1056613128
1056609126
1057006018
1056613240
1056609142
1057007023
1056614031
1056613160
1056614133
1057007062
1056616110
1056614119
1056615187
1057008028
1056616111
1057008092
1057006106
1056616224
1056710150
1057008075
1056612157
1056615195
1056711238
1056616012
1057007240
1056616234
1056702043
1057008208
1057009014
1056808006
1056711024
1056714144
1056801130
1057008096
1056808053
1057008235
1056805249
1056811166
1056814151
1056901139
1057010137
1056904054
1057009194
1057007237
1057010161
1056616193
1056816077
1056906047
1056909199
1056906070
1057011020
1056803093
1057002020
1057001004
1056914036
1056916138
1057011060
1057011028
1057001009
1057002037
1057001089
1057008142
1056916029
1057011011
1057003101
1057001048
1057003024
1057011209
1057011092
1057010018
1057002165
1057011201
1057003153
1057002158
1057003131
1057002237
1057012006
1057005191
1057003229
1057004180
1057012047
1057013031
1056908212
1057004063
1057001126
1057006017
1057012179
1057006099
1057012117
1057004179
1057013225
1057006045
1057008118
1057005177
1057006039
1057014008
1057014002
1057006180
1057004019
1057007058
1057013193
1057006243
1057005052
1057007233
1057014053
1057008038
1057006187
1057014224
1057004071
1057014126
1057015077
1057005250
1057016039
1057006046
1057006202
1057015215
1057015195
1057016063
1057008237
1057008227
1057008240
1057007071
1057009017
1057009044
1057014109
1057016164
1057009198
1057016182
1057009025
1057009033
1057016142
1057016188
1057102182
1057011044
1057010116
1057010092
1057102239
1057016249
1057101086
1057009117
1057009099
1057008215
1057009067
1057104049
1057011064
1057103171
1057107079
1057104179
1057009134
1057011147
1057010171
1057104241
1057109005
1057011065
1057114169
1057105071
1057011168
1057012066
1057103196
1057011056
1057116224
1057106095
1057110234
1057112074
1057012024
1057011159
1057012126
1057011228
1057011206
1057108148
1057207143
1057112088
1057012200
1057014040
1057203012
1057112170
1057202005
1057113068
1057013136
1057013058
1057208194
1057013057
1057014150
1057212045
1057013222
1057205094
1057012036
1057012190
1057013230
1057014084
1057014238
1057014152
1057206006
1057302191
1057015073
1057214200
1057214199
1057303031
1057015106
1057308062
1057204149
1057015103
1057015088
1057207220
1057306250
1057016105
1057015034
1057015061
1057016033
1057014231
1057208046
1057316012
1057016186
1057016179
1057215055
1057308219
1057402055
1057015207
1057314170
1057016240
1057015225
1057311173
1057407067
1057103003
1057405003
1057409099
1057104133
1057414138
1057101055
1057402176
1057016041
1057103203
1057016125
1057416238
1057104146
1057104176
1057501055
1057414235
1057502165
1057109154
1057504073
1057104232
1057107101
1057107066
1057113112
1057504094
1057108048
1057506123
1057501221
1057506031
1057506115
1057509052
1057508172
1057109186
1057506036
1057506165
1057510232
1057110163
1057511183
1057509094
1057116129
1057507124
1057116075
1057201079
1057512240
1057112128
1057511091
1057203226
1057204150
1057204158
1057110027
1057202033
1057515130
1057207093
1057116227
1057513154
1057207161
1057601069
1057601027
1057204242
1057511250
1057601009
1057208047
1057516039
1057601152
1057210139
1057206076
1057208190
1057212222
1057208229
1057213191
1057213223
1057212184
1057213053
1057214011
1057212182
1057214160
1057214094
1057216161
1057211167
1057214237
1057604148
1057307060
1057214116
1057307156
1057306102
1057307231
1057302138
1057401053
1057303241
1057311024
1057216194
1057203109
1057401001
1057414026
1057013007
1057606214
1057411084
1057503003
1057407156
1057605200
1057506026
1057603175
1057501235
1057412134
1057505154
1057312089
1057506080
1057508082
1057506124
1057510214
1057512044
1057507116
1057506232
1057506112
1057507165
1057513168
1057608074
1057514244
1057507194
1057512246
1057513242
1057515067
1057516113
1057609122
1057516248
1057601016
1057601219
1057601110
1057601243
1057513041
1057602022
1057602018
1057602084
1057602117
1057601171
1057602090
1057610139
1057601228
1057602198
1057602231
1057602219
1057602112
1057603170
1057602030
1057602237
1057603096
1057603046
1057604020
1057603183
1057604071
1057603196
1057603242
1057613040
1057604047
1057604149
1057604069
1057603151
1057604128
1057604170
1057604187
1057605010
1057613128
1057604242
1057605178
1057612220
1057605122
1057605038
1057605068
1057614199
1057605146
1057605039
1057605023
1057604243
1057606020
1057606013
1057605151
1057605246
1057606128
1057616029
1057606111
1057606050
1057606089
1057606163
1057606209
1057616107
1057616211
1057701045
1057607017
1057607080
1057607101
1057601123
1057607134
1057607172
1057607127
1057607217
1057606025
1057703011
1057607206
1057607180
1057607232
1057608183
1057608069
1057607246
1057608214
1057608039
1057608128
1057608072
1057616221
1057608082
1057610036
1057609094
1057609019
1057608219
1057608136
1057610060
1057610076
1057610078
1057604066
1057610100
1057610002
1057609058
1057610145
1057610205
1057610162
1057610172
1057611072
1057611172
1057610246
1057610150
1057612247
1057609100
1057612047
1057613216
1057611077
1057611065
1057612043
1057614057
1057612168
1057612228
1057615023
1057914213
1057912044
1057915108
1057613221
1057615118
1057614185
1057614173
1057615213
1057610234
1057615027
1057615125
1057614250
1057615033
1057616032
1057615080
1058001107
1057616106
1057616096
1057615153
1057615119
1057910150
1057616024
1057616045
1057702027
1057613055
1057616084
1057701071
1057616136
1057616227
1057702107
1057701232
1057703113
1057703127
1058002058
1057703151
1057703025
1057708235
1057706110
1057709020
1057703063
1057707074
1057709037
1058001234
1057705166
1057707218
1058002107
1058002143
1057710002
1058003014
1057710079
1057707206
1057710022
1057710092
1058002220
1058003025
1057711192
1058003153
1057710013
1057707247
1057712084
1057710003
1057712035
1057711250
1057713041
1057713020
1057711166
1058004170
1057712124
1057714160
1057714079
1057712182
1058004184
1058004235
1057714128
1058005055
1057713102
1057714016
1057714195
1057716213
1057716045
1058005047
1057715037
1057714112
1058005036
1058005006
1057716014
1057714087
1058005018
1057715100
1057904090
1057903006
1058005114
1057904078
1057906080
1057716137
1057906110
1057903091
1057912078
1057904179
1057916019
1058006095
1057916148
1058001039
1058006221
1058006239
1057912035
1058001023
1057916060
1058001136
1057609147
1058001030
1058001226
1058007032
1058001194
1058001158
1058001250
1058001085
1058001117
1058001198
1058005212
1058001200
1058001243
1058002082
1058002073
1058002092
1058002033
1058002108
1058002206
1058002133
1058002141
1058001141
1058003114
1058003106
1058002150
1058003045
1058003165
1058008049
1058002213
1058003004
1058003163
1058003048
1058003174
1058002193
1058003159
1057714069
1058003203
1058003200
1058003190
1058003191
1058009032
1058004004
1058004179
1058004177
1058009102
1058004005
1058004054
1058003244
1058004151
1058004240
1058005007
1058009184
1058005070
1058010003
1058004248
1058005117
1058005016
1058005129
1058005009
1058005063
1058005145
1058005084
1058005086
1058005103
1058005122
1058010155
1058005163
1058004024
1058005130
1058004236
1058010212
1058005185
1058005188
1058005236
1058006026
1058005174
1058005199
1058006053
1058006076
1058005176
1058005243
1058006027
1058006152
1058005233
1058006133
1058006115
1058006245
1058006004
1058006229
1058006185
1058007066
1058006112
1058007064
1058007015
1058007138
1058007109
1058007094
1058007098
1058007106
1058007105
1058012075
1058007132
1058007162
1058007208
1058007234
1058007155
1058007160
1058007170
1058007134
1058012089
1058007211
1058008019
1058012188
1058012136
1058008037
1058007205
1058007240
1058008015
1058007250
1058008062
1058008006
1058013073
1058008192
1058008046
1058008158
1058008219
1058008199
1058008028
1058008215
1058008055
1058008235
1058009037
1058008246
1058013234
1058009067
1058004025
1058009077
1058013078
1058004064
1058009145
1058009104
1058009148
1058009210
1058010012
1058009023
1058008194
1058009199
1058010040
1058009002
1058010081
1058015022
1058015003
1058014109
1058010100
1058010196
1058010041
1058010103
1058010082
1058010151
1058010149
1058010201
1058010235
1058009243
1058010230
1058010231
1058016072
1058011038
1058010109
1058011061
1058011106
1058016162
1058011113
1058011135
1058010142
1058011172
1058011161
1058011076
1058011096
1058103149
1058011233
1058016142
1058011170
1058011242
1058012023
1058012019
1058012052
1058012125
1058012025
1058012129
1058012095
1058012088
1058012084
1058012053
1058011206
1058012154
1058012093
1058011180
1058012198
1058113054
1058012180
1058012144
1058012161
1058012200
1058012177
1058012141
1058114124
1058012246
1058013084
1058115094
1058013085
1058013117
1058012240
1058013207
1058012207
1058012169
1058116215
1058012244
1058114239
1058201050
1058201009
1058013099
1058013225
1058013247
1058014026
1058201064
1058201031
1058013130
1058013123
1058201018
1058014119
1058014028
1058014132
1058014144
1058014056
1058014052
1058013233
1058014031
1058014038
1058014212
1058014041
1058015006
1058014147
1058201232
1058202142
1058202137
1058014042
1058202135
1058014200
1058015111
1058015055
1058015041
1058015009
1058014157
1058202168
1058015007
1058202144
1058202184
1058015070
1058202089
1058016009
1058202079
1058202091
1058016025
1058016019
1058202186
1058015181
1058202239
1058016102
1058016058
1058016033
1058016039
1058203006
1058016059
1058011059
1058205068
1058016197
1058205028
1058204127
1058203076
1058102116
1058203218
1058016204
1058015162
1058205132
1058016092
1058103053
1058205053
1058203056
1058205019
1058103231
1058016186
1058104047
1058104068
1058103087
1058206013
1058016240
1058103196
1058205247
1058205199
1058206227
1058107243
1058107240
1058103229
1058109072
1058105197
1058016234
1058109002
1058111124
1058103195
1058205229
1058112230
1058207072
1058111058
1058116194
1058207062
1058201017
1058114038
1058201059
1058114200
1058108123
1058207050
1058201048
1058201008
1058201107
1058205148
1058207098
1058201056
1058113076
1058208100
1058207211
1058201114
1058207233
1058207164
1058207246
1058201065
1058206239
1058201046
1058201074
1058208243
1058208203
1058201198
1058208162
1058201215
1058201155
1058209133
1058208168
1058208008
1058201057
1058201226
1058205159
1058202060
1058201229
1058209152
1058209107
1058201230
1058202073
1058209137
1058208042
1058112108
1058202126
1058209071
1058209212
1058209158
1058202187
1058202207
1058202174
1058209147
1058202220
1058209246
1058202160
1058202196
1058202076
1058202165
1058202146
1058209196
1058210060
1058204134
1058210114
1058210009
1058210033
1058015127
1058202243
1058210046
1058210159
1058210048
1058210130
1058205047
1058202245
1058202189
1058210090
1058210214
1058203065
1058203196
1058210231
1058205174
1058210135
1058210202
1058210149
1058202209
1058211212
1058210134
1058212164
1058212110
1058202236
1058214196
1058204015
1058202215
1058212049
1058210132
1058205231
1058205176
1058214056
1058205022
1058205212
1058205211
1058207031
1058207037
1058205192
1058301056
1058213174
1058206067
1058207036
1058215190
1058215046
1058207127
1058301121
1058214050
1058301228
1058301092
1058206229
1058207003
1058206174
1058207140
1058301139
1058302236
1058213229
1058207188
1058207237
1058208200
1058208151
1058302250
1058301015
1058207038
1058302064
1058302172
1058207163
1058207180
1058301180
1058210010
1058209159
1058303006
1058303036
1058210038
1058301226
1058303052
1058301233
1058210032
1058301234
1058207245
1058303021
1058303027
1058210068
1058208247
1058209048
1058303175
1058207242
1058303011
1058210112
1058303177
1058303075
1058210076
1058210055
1058303093
1058304008
1058304042
1058210121
1058210244
1058210161
1058210163
1058210107
1058303112
1058304075
1058304007
1058303244
1058303179
1058304105
1058304037
1058210164
1058304099
1058211168
1058304068
1058211082
1058212133
1058210248
1058304155
1058304127
1058304087
1058213015
1058211195
1058210209
1058304086
1058213007
1058304136
1058305022
1058214018
1058305078
1058304169
1058211063
1058213084
1058214231
1058212204
1058215188
1058215128
1058215009
1058301050
1058305086
1058305172
1058305241
1058306024
1058301071
1058301135
1058306055
1058304233
1058213026
1058301130
1058301060
1058306053
1058306023
1058205194
1058301001
1058306019
1058301231
1058306124
1058301097
1058302061
1058306073
1058302043
1058302176
1058302048
1058301155
1058302088
1058302092
1058306224
1058306091
1058302080
1058306012
1058307016
1058301143
1058303029
1058303039
1058303014
1058307056
1058301215
1058302219
1058303165
1058302119
1058307047
1058303061
1058306120
1058307151
1058307093
1058303188
1058307201
1058303122
1058303176
1058303050
1058302178
1058303097
1058307131
1058303156
1058307230
1058307092
1058303250
1058303203
1058308058
1058307218
1058307123
1058303210
1058303215
1058304132
1058210136
1058303217
1058304010
1058308020
1058308102
1058308042
1058304080
1058308218
1058304096
1058307231
1058304082
1058308181
1058304058
1058308120
1058304156
1058307089
1058304227
1058304237
1058308021
1058308118
1058304085
1058309141
1058309158
1058305103
1058304187
1058308141
1058309182
1058305090
1058304185
1058309188
1058305042
1058305045
1058304178
1058309174
1058304231
1058310016
1058305132
1058305088
1058309005
1058309202
1058305079
1058305166
1058305135
1058309231
1058305232
1058305112
1058305200
1058309133
1058305095
1058305203
1058306005
1058310055
1058306051
1058309210
1058305121
1058305142
1058306100
1058305096
1058306099
1058306159
1058305178
1058309079
1058306075
1058311075
1058310219
1058310162
1058312028
1058311195
1058306148
1058305036
1058311183
1058306182
1058306076
1058306113
1058310235
1058311101
1058306213
1058312064
1058311097
1058310182
1058306239
1058306162
1058307062
1058307085
1058306243
1058311121
1058309244
1058312093
1058311248
1058306108
1058307049
1058307091
1058307098
1058307087
1058307037
1058311211
1058307109
1058307064
1058306165
1058312119
1058313013
1058307188
1058312160
1058308012
1058312129
1058313015
1058307213
1058308027
1058308045
1058313092
1058307193
1058307044
1058313091
1058308057
1058308158
1058311122
1058313179
1058312182
1058312189
1058307225
1058307055
1058308030
1058312219
1058313065
1058313010
1058313132
1058313101
1058308168
1058308200
1058309018
1058309136
1058314078
1058309071
1058309206
1058313238
1058309147
1058308230
1058313169
1058313244
1058309236
1058309196
1058309127
1058314147
1058308151
1058309077
1058313239
1058309087
1058314161
1058310019
1058309151
1058310024
1058315108
1058315014
1058310125
1058314239
1058309199
1058315113
1058309194
1058315071
1058310003
1058310170
1058314222
1058309207
1058315111
1058310146
1058315118
1058311231
1058310136
1058310132
1058310143
1058315215
1058311076
1058315195
1058315114
1058315147
1058310085
1058311040
1058312010
1058315157
1058312115
1058316144
1058314050
1058316124
1058311140
1058311159
1058312017
1058315208
1058311165
1058312183
1058312060
1058312053
1058312061
1058312239
1058312125
1058316146
1058312164
1058405078
1058316231
1058313049
1058313032
1058316186
1058314157
1058316092
1058313026
1058311250
1058501027
1058316131
1058412060
1058314039
1058407250
1058312046
1058313162
1058316128
1058314061
1058313018
1058514186
1058316243
1058514026
1058313214
1058502057
1058313073
1058406153
1058510103
1058314088
1058314124
1058402231
1058502058
1058313142
1058314112
1058504026
1058314123
1058612220
1058516245
1058314154
1058508230
1058611211
1058314238
1058603052
1058702135
1058314214
1058314019
1058314207
1058608172
1058607124
1058702080
1058612015
1058314179
1058515009
1058706151
1058314192
1058315002
1058713007
1058315054
1058315055
1058315008
1058315029
1058711164
1058803049
1058315070
1058716204
1058707188
1058804173
1058315116
1058316010
1058809041
1058315048
1058804084
1058810172
1058315198
1058315073
1058811126
1058315125
1058901025
1058312226
1058809043
1058901174
1058315117
1058316155
1058316162
1058316020
1058901204
1058316024
1058316078
1058405123
1058901221
1058403200
1058316249
1058312169
1058404050
1058408188
1058902141
1058901158
1058815182
1058511186
1058414026
1058415093
1058901009
1058809019
1058514163
1058413081
1058502117
1058902071
1058901049
1058501031
1058606013
1058903016
1058902014
1058603073
1058902057
1058604133
1058513024
1058902087
1058902153
1058507127
1058902232
1058614056
1058512170
1058903088
1058314213
1058608017
1058902191
1058514187
1058615041
1058903096
1058615042
1058903025
1058602059
1058904039
1058615073
1058901245
1058704179
1058903111
1058516004
1058709183
1058706025
1058713180
1058709039
1058903123
1058903181
1058904167
1058710157
1058904246
1058904121
1058904105
1058703222
1058708183
1058801031
1058701082
1058713154
1058804243
1058902244
1058804231
1058904173
1058708105
1058808219
1058904014
1058903201
1058803235
1058802122
1058809195
1058805215
1058707118
1058905052
1058809115
1058905044
1058904102
1058806178
1058905066
1058812048
1058905127
1058905024
1058905134
1058814036
1058812129
1058905244
1058901034
1058905195
1058905086
1058901063
1058905053
1058905154
1058901031
1058905194
1058906019
1058816110
1058807086
1058901195
1058901050
1058815156
1058904183
1058906085
1058905246
1058906031
1058901235
1058906196
1058906075
1058906094
1058901180
1058905080
1058902142
1058906202
1058902171
1058809200
1058810124
1058816006
1058906184
1058907222
1058907229
1058908116
1058902167
1058906165
1058908052
1058902206
1058902211
1058907172
1058901019
1058903008
1058907027
1058902033
1058908215
1058907217
1058903101
1058908182
1058909071
1058908212
1058903093
1058903028
1058902218
1058909015
1058909008
1058904015
1058908178
1058903170
1058902064
1058909062
1058909048
1058906212
1058904090
1058904019
1058909072
1058904062
1058902247
1058909124
1058909005
1058908015
1058904032
1058902239
1058904018
1058910201
1058909101
1058909147
1058909210
1058909185
1058909093
1058909236
1058904088
1058904179
1058911005
1058904250
1058909094
1058905032
1058910070
1058911115
1058905028
1058803200
1058904234
1058905060
1058905069
1058905038
1058911170
1058905062
1058911190
1058905039
1058911234
1058912045
1058905042
1058911247
1058905063
1058912065
1058905126
1058912082
1058905041
1058905143
1058906162
1058905010
1058911180
1058905138
1058906250
1058912056
1058905188
1058912047
1058905147
1058912088
1058912046
1058905250
1058906188
1058912172
1058906221
1058905131
1058912235
1058912101
1058907110
1058911237
1058912111
1058906144
1058906068
1058913083
1058908001
1058907101
1058907180
1058913202
1058907003
1058908047
1058906036
1058913227
1058912209
1058908027
1058914167
1058907203
1058914142
1058914019
1058908180
1058913045
1058912122
1058908068
1058908208
1058908230
1058914173
1058908164
1058914110
1058914218
1058907146
1058908012
1058909016
1058909096
1058909064
1058909051
1058908126
1058909020
1058915098
1058915097
1058909088
1058915095
1058909121
1058908159
1058909215
1058909201
1058909138
1058908229
1058910027
1058910058
1058915176
1058915045
1058911037
1058915134
1058915051
1058909196
1058915118
1058909103
1058911067
1058916129
1058910246
1058909198
1058916026
1058915162
1058915225
1058909133
1058916179
1058911179
1058911091
1058911186
1058915205
1058910248
1058911163
1058911158
1058911118
1058911212
1058911122
1058910071
1058911199
1058912076
1058912055
1058910143
1058912108
1059001059
1058912053
1058916028
1059001055
1059001119
1059001066
1058911238
1058912134
1058916189
1058916240
1058913039
1058912166
1058911175
1058912214
1058912072
1059001238
1058913099
1059002152
1058913047
1059001199
1059003098
1058913010
1058913221
1058912096
1059002198
1058912015
1059003049
1058913030
1058913054
1059003003
1058913213
1058914075
1059003090
1059003235
1058913241
1059003112
1058913179
1058913215
1059003152
1059003088
1058913128
1058914109
1059003153
1058914114
1058914090
1058914147
1058914182
1058913233
1059004060
1058915036
1059005030
1059004077
1059004236
1058913238
1058914126
1058914204
1058915044
1059004036
1059004241
1059004070
1059004108
1059005043
1058915113
1058915052
1059004135
1058914213
1059004073
1058915009
1059005135
1058914238
1058915087
1059005156
1058915132
1059005034
1058915037
1058915073
1059005160
1059005147
1058915153
1058915145
1058915061
1058915192
1058916013
1059006151
1059005119
1059006056
1058915042
1058916091
1059007041
1059005233
1059006169
1059007155
1058916021
1059005038
1058914179
1058916041
1058915111
1058916248
1059006096
1058915041
1059005161
1059001075
1059001057
1058916215
1059001106
1059007237
1058915220
1059007201
1059006245
1058916142
1059001181
1059006070
1059001063
1059002027
1059001046
1058916119
1059007213
1059001148
1059008208
1059002197
1059008243
1059009009
1059005209
1059002206
1059002143
1059002097
1059008129
1059008072
1059002228
1059003139
1059008037
1059003025
1059001180
1059002203
1059003171
1059003149
1059009032
1059009090
1059008162
1059004149
1059004009
1059009016
1059002142
1059009161
1059002219
1059004158
1059003073
1059003249
1059009012
1059008154
1059009143
1059009057
1059004061
1059004246
1059005044
1059010172
1059010145
1059010035
1059005088
1059004084
1059009163
1059005019
1059010213
1059009247
1059004125
1059010018
1059005220
1059006047
1059009166
1059005127
1058912229
1059011045
1059004123
1059011056
1059005182
1059004094
1059011105
1059006217
1059005165
1059011084
1059005126
1059011058
1059011163
1059005142
1059009157
1059006107
1059006187
1059011053
1059011069
1059012047
1059011106
1059006004
1059006127
1059007161
1059007019
1059007181
1059011187
1059011186
1059012076
1059008092
1059007045
1059012049
1059007131
1059012056
1059008021
1059013051
1059013059
1059007179
1059012246
1059008126
1059013003
1059011132
1059006122
1059007038
1059006017
1059013107
1059012035
1059013015
1059008165
1059008080
1059008222
1059013097
1059013127
1059008151
1059008171
1059012051
1059008229
1059009038
1059014107
1059009075
1059014106
1059012214
1059007224
1059014128
1059009134
1059009104
1059008013
1059009141
1059009159
1059014096
1059008076
1059009177
1059009164
1059014040
1059015049
1059010034
1059012167
1059010051
1059010030
1059009155
1059009183
1059010233
1059011060
1059011011
1059010140
1059011071
1059010240
1059011067
1059011162
1059011161
1059011104
1059101150
1059010008
1059011127
1059010142
1059016203
1059010045
1059011172
1059012006
1059010219
1059012046
1059012055
1059010157
1059012241
1059102126
1059012036
1059012200
1059101053
1059011237
1059012247
1059013191
1059013131
1059102195
1059013214
1059013081
1059013238
1059009190
1059013225
1059013084
1059101064
1059013241
1059011215
1059014008
1059013152
1059013229
1059013232
1059014060
1059103057
1059014046
1059014222
1059014147
1059014238
1059014180
1059014188
1059014058
1059014066
1059015037
1059015012
1059015095
1059015051
1059014231
1059015114
1059015004
1059015177
1059015045
1059015153
1059016124
1059015169
1059015100
1059103238
1059016108
1059015182
1059015208
1059016020
1059016114
1059103179
1059016189
1059016130
1059016140
1059102196
1059016006
1059016063
1059016174
1059016176
1059104134
1059015121
1059016146
1059101014
1059016240
1059016183
1059016248
1059009021
1059104175
1059101055
1059101037
1059101016
1059016197
1059101027
1059016221
1059016215
1059105122
1059101129
1059101128
1059101171
1059101245
1059101240
1059105022
1059105091
1059102080
1059102130
1059102092
1059102059
1059102141
1059102182
1059105241
1059102193
1059102111
1059102001
1059105068
1059105237
1059102190
1059102187
1059102228
1059102179
1059011101
1059102203
1059103050
1059102210
1059106004
1059102230
1059103011
1059102209
1059103039
1059103056
1059102233
1059103001
1059103014
1059103049
1059107017
1059107036
1059103063
1059103091
1059103058
1059103101
1059103064
1059103069
1059103066
1059107144
1059103096
1059103106
1059103070
1059103082
1059103125
1059103142
1059107168
1059103172
1059103109
1059103200
1059103225
1059103234
1059103131
1059103114
1059103203
1059103135
1059103242
1059103229
1059104085
1059103245
1059104104
1059104063
1059104147
1059103183
1059108209
1059104157
1059104113
1059104155
1059104178
1059104074
1059104135
1059104021
1059103212
1059105011
1059105066
1059104160
1059104187
1059108199
1059104235
1059104153
1059105103
1059109072
1059105060
1059104241
1059104233
1059105089
1059105032
1059105193
1059105158
1059105163
1059105148
1059105145
1059109238
1059105191
1059105194
1059106042
1059105233
1059106019
1059105215
1059105107
1059110034
1059105171
1059106136
1059106102
1059106108
1059105247
1059105242
1059105209
1059107018
1059106144
1059106169
1059107013
1059107026
1059107028
1059106052
1059107090
1059111069
1059107080
1059107110
1059107135
1059106044
1059111063
1059107115
1059107140
1059107105
1059107072
1059106220
1059107107
1059107188
1059107244
1059107170
1059107209
1059107192
1059108062
1059107147
1059108050
1059108020
1059107207
1059107217
1059108071
1059108093
1059108100
1059108227
1059108111
1059107193
1059108159
1059108219
1059111239
1059108172
1059108178
1059112030
1059112128
1059108094
1059108226
1059109057
1059109064
1059109048
1059109061
1059112162
1059109058
1059112144
1059109083
1059109100
1059109087
1059109108
1059108208
1059109011
1059109117
1059109017
1059109067
1059109171
1059110016
1059109223
1059109194
1059109190
1059114045
1059109236
1059109188
1059113246
1059108246
1059110010
1059110038
1059109130
1059110045
1059110041
1059110055
1059110070
1059110008
1059110084
1059114093
1059114075
1059110071
1059110083
1059110044
1059110207
1059110221
1059111035
1059114042
1059110096
1059110156
1059111017
1059110191
1059111011
1059111042
1059110186
1059114236
1059110154
1059111097
1059111061
1059111052
1059110137
1059111058
1059111121
1059111123
1059105164
1059111127
1059111084
1059115088
1059115059
1059111098
1059111190
1059111130
1059111168
1059111235
1059111191
1059111188
1059112039
1059112042
1059111132
1059111243
1059112049
1059112076
1059111147
1059112009
1059116133
1059205229
1059111246
1059111109
1059111144
1059112035
1059112089
1059112082
1059215022
1059112126
1059302094
1059112134
1059302058
1059113105
1059112182
1059112114
1059112215
1059112160
1059112218
1059203003
1059112226
1059113018
1059112112
1059113112
1059113117
1059113097
1059315036
1059114126
1059113123
1059113157
1059114020
1059310086
1059113179
1059114016
1059305246
1059114119
1059113128
1059112154
1059114169
1059114133
1059114149
1059114161
1059114128
1059314117
1059113248
1059114174
1059313043
1059114110
1067303088
1059114206
1059114113
1059114170
1059115063
1059114152
1067304063
1059115078
1059114224
1059114213
1059115054
1059115035
1059115061
1067304016
1059115205
1059115070
1059115188
1059114219
1059115215
1059115142
1059116041
1059115009
1059116137
1067305064
1059115216
1059115182
1059115208
1059116185
1059115193
1059114225
1059115138
1059116032
1059116024
1059115095
1067309011
1059116043
1059116180
1059116230
1059205237
1059116148
1059115139
1067305177
1059116144
1059209013
1059116218
1059202070
1059304071
1059207049
1059116178
1059304018
1067305160
1059204091
1059211141
1059303066
1059303082
1059311034
1059308062
1059310240
1059312092
1059307074
1059305175
1059314158
1059309223
1067402053
1059315061
1059307229
1059313072
1067303123
1059313248
1067303069
1059204047
1067303011
1067303087
1067304014
1067303104
1067304033
1059309201
1067303212
1067304064
1067304050
1067304078
1067303245
1067402196
1067403002
1067303016
1067304092
1067304104
1067403112
1067304229
1067304147
1067304237
1067304094
1067304091
1067404082
1067304113
1067304074
1067305037
1067304239
1067305042
1067305073
1067305050
1067304096
1067305055
1067305062
1067305059
1067305193
1067305149
1067305074
1067305245
1067305143
1067404041
1067404231
1067305136
1067305082
1067304184
1067305140
1067309050
1067309079
1067305141
1067305075
1067309022
1067309072
1067309051
1067309090
1067309148
1067309016
1067309212
1067309104
1067309162
1067309081
1067309210
1059215118
1067405093
1067401028
1067401077
1067309167
1067401082
1067405150
1067309153
1067401126
1067401057
1067309205
1067309217
1067401136
1067309214
1067401148
1067401198
1067401165
1067401106
1067401167
1059310160
1067401174
1067401234
1067402088
1067401133
1067402130
1067402099
1067407013
1067407105
1067402060
1067402043
1067407103
1067402135
1067402125
1067407170
1067402138
1067407231
1067402221
1067401160
1067402078
1067402213
1067402167
1067402222
1067403048
1067403008
1067403046
1067402172
1067403027
1067402215
1067401199
1067410013
1067403103
1067403080
1067403165
1067403026
1067403193
1067403245
1067403211
1067403140
1067403225
1067403091
1067403114
1067409229
1067403244
1067404087
1067404176
1067404108
1067403159
1067410107
1067404148
1067404166
1067404015
1067405094
1067404140
1067405047
1067404092
1067411080
1067409235
1067405018
1067405114
1067405161
1067411063
1067405113
1067405145
1067405172
1067410150
1067405085
1067405154
1067405086
1067411216
1067405029
1067404085
1067405242
1067405239
1067405038
1067405195
1067405241
1067406024
1067406025
1067406075
1067406070
1067406062
1067405240
1067405217
1067413042
1067406185
1067406214
1067406186
1067406068
1067406038
1067406099
1067406037
1067406220
1067406243
1067414058
1067501028
1067407107
1067407177
1067413233
1067407055
1067407091
1067407035
1067413232
1067507085
1067407188
1067408021
1067408129
1067401221
1067408232
1067408246
1067407216
1067414028
1067409020
1067407176
1067407197
1067407019
1067409122
1067408179
1067513117
1067407203
1067409123
1067409135
1067409062
1067409217
1067703039
1067409075
1067406169
1067409218
1067410050
1067410031
1067409199
1067410040
1067703069
1067410068
1067410014
1067410022
1067610240
1067703142
1067410231
1067410182
1067410037
1067410245
1067410111
1067703114
1067410099
1067703203
1067411005
1067410175
1067410249
1067411036
1067410198
1067411086
1067411142
1067407131
1067412047
1067411157
1067705107
1067412039
1067411159
1067411101
1067411002
1067411187
1067411039
1067411038
1067412162
1067412151
1067412157
1067411206
1067412176
1067703183
1067412161
1067414010
1067412150
1067412069
1067412119
1067705068
1067413003
1067413127
1067705237
1067412198
1067413131
1067414204
1067414205
1067502042
1067501126
1067414234
1067413142
1067414043
1067501019
1067414222
1067414078
1067414197
1067503193
1067503179
1067709064
1067509165
1067502124
1067512047
1067511087
1068001142
1067606128
1067510206
1067503112
1067512060
1067504151
1067604162
1067505124
1067614103
1067703056
1067409014
1068106214
1067703058
1067703014
1067703001
1067703096
1067703049
1067703101
1067703106
1067703111
1067703211
1067703135
1067703064
1067703225
1067703050
1067703212
1068201165
1067703179
1067703238
1067703200
1067704113
1067703131
1067704063
1068202230
1067703229
1067703242
1067704085
1067704147
1067704148
1067704074
1067704155
1067704136
1068202097
1067703215
1068209144
1067704160
1067704153
1067704175
1067704233
1067705148
1067704241
1067705060
1067704157
1068215162
1067705066
1067705164
1067705191
1067705171
1068215106
1068312053
1067704235
1067705089
1067705158
1067705193
1067708030
1067705145
1067705215
1067706031
1067706195
1067706185
1067704178
1067708094
1067708246
1067704135
1068508126
1067709130
1067609143
1067708226
1067709048
1067709057
1067709151
1067709236
1068503200
1067709153
1067709171
1067606186
1067904138
1067709072
1067710034
1067904050
1067708159
1067710207
1067904180
1067905178
1068007117
1068011173
1068012096
1068004042
1068009134
1068101079
1068002058
1068707110
1067905237
1068709164
1068712044
1068102080
1068709241
1068008038
1068104100
1068102045
1068102219
1068109134
1068112056
1068114011
1068710160
1067710096
1068116040
1068201051
1068202190
1068202039
1068112150
1068201053
1068202153
1068203052
1068806081
1068203193
1068206076
1068203116
1068211005
1068202087
1068208100
1068211234
1068209047
1068816197
1068203144
1068211157
1068211089
1068214148
1068212051
1068815182
1068215035
1068214182
1068215024
1068901226
1068215044
1068215118
1068901217
1068902106
1068312042
1068214245
1068312044
1068312022
1068312010
1068312154
1068810074
1068312189
1068312136
1068215023
1068312160
1067708071
1068312007
1067709012
1069007067
1069007137
1069007055
1069006167
1069006238
1069006202
1069008055
1069008229
1069009013
1069009087
1069010170
1069009027
1069009022
1069010149
1069011120
1069010040
1069010171
1069010042
1069011040
1069011184
1069010099
1069012009
1069005091
1069009128
1069011081
1069002043
1069011056
1069005112
1069005246
1069011183
1069006008
1069013075
1069012069
1069005131
1069012022
1069006013
1069010231
1069005236
1069007068
1069012189
1069013058
1069013097
1069006128
1069006239
1069006178
1069014056
1069014041
1069014103
1069013231
1069006107
1069014128
1069007162
1069013246
1069015012
1069007017
1069014221
1069015036
1069007233
1069008230
1069014229
1069008141
1069015147
1069015200
1069015015
1069008052
1069009080
1069010039
1069016021
1069015131
1069009005
1069009177
1069016032
1069015221
1069015048
1069012055
1069008202
1069012006
1069016080
1069016025
1068704241
1069012188
1069009090
1069012086
1069016006
1069010090
1069016060
1069011227
1069012025
1069010195
1069012183
1069006108
1069012153
1069012218
1069013038
1069013057
1069010147
1069010232
1069016088
1069005206
1069011062
1069005245
1069006067
1069006076
1069006145
1069013033
1069016053
1069011039
1069016096
1069010182
1069010107
1069005171
1069013172
1069011106
1069006046
1069013055
1069005234
1069006247
1069010103
1069005075
1069016183
1069013127
1069007034
1069101006
1069007099
1069011140
1069007032
1069016127
1069013239
1069011113
1069007119
1069014050
1069102097
1069006221
1069007088
1069013099
1069014043
1069011190
1069007213
1069010043
1069014037
1069102054
1069016180
1069007031
1069011130
1069103021
1069102001
1069014189
1069101202
1069007156
1069102116
1069103026
1069014246
1069101158
1069102194
1069102083
1069103146
1069008123
1069008212
1069008152
1069009221
1069103195
1069015041
1069014239
1069008103
1069103122
1069015128
1069008073
1069008082
1069008029
1069016095
1069103186
1069103170
1069015206
1069008173
1069104152
1069104089
1069104249
1069106025
1069104160
1069015034
1069103190
1069015114
1069011046
1069009214
1069101250
1069104247
1069010151
1069104175
1069104097
1069105037
1069105059
1069105044
1069116162
1069101107
1069105208
1069010022
1069105041
1069402150
1069108103
1069110225
1069112093
1069107207
1069116102
1069016070
1069402166
1069107155
1069107086
1069108129
1069105125
1069407159
1069409241
1069108141
1069106029
1069107117
1069107007
1069105062
1069106076
1069105149
1069410027
1069211068
1069109080
1069110048
1069108158
1069108240
1069109048
1069110003
1069107225
1069113096
1069113081
1069111121
1069110012
1069110154
1069416142
1069110046
1069113202
1069111063
1069501095
1069501016
1069110024
1069113196
1069113092
1069113195
1069115088
1069114151
1069114192
1069114122
1069502080
1069116074
1069116130
1069116006
1069114100
1069114011
1069116003
1069203037
1069103218
1069116078
1069205038
1069502141
1069210070
1069114245
1069114202
1069204075
1069204159
1069201045
1069207105
1069208171
1069202220
1069205018
1069207062
1069211062
1069401115
1069208072
1069201118
1069210230
1069503058
1069213014
1069503096
1069402081
1069403086
1069403179
1069404152
1069404014
1069402182
1069402054
1069503229
1069404233
1069403001
1069404239
1069403217
1069402027
1069406034
1069405094
1069405018
1069403076
1069405158
1069410050
1069409169
1069410151
1069405207
1069412126
1069407047
1069408069
1069411173
1069414214
1069415099
1069405166
1069414083
1069409039
1069415051
1069504231
1069416072
1069414126
1069415195
1069416043
1069501055
1069504235
1069501027
1069501053
1069416105
1069501064
1069501171
1069501234
1069412214
1069504160
1069501199
1069501129
1069505089
1069502001
1069501175
1069505194
1069501150
1069501128
1069502071
1069502179
1069502130
1069505242
1069505237
1069502092
1069415125
1069502059
1069502193
1069502228
1069502196
1069502187
1069502203
1069502111
1069506062
1069502230
1069502126
1069502233
1069506187
1069506004
1069503001
1069502182
1069503039
1069503014
1069503049
1069507027
1069503063
1069503106
1069503101
1069503091
1069503082
1069507090
1069507017
1069503050
1069507066
1069503109
1069503131
1069507094
1069503125
1069503064
1069503056
1069503070
1069503011
1069503172
1069503114
1069503183
1069503225
1069503142
1069507164
1069503179
1069503203
1069504033
1069503238
1069507199
1069503200
1069507209
1069503245
1069507217
1069504063
1069503135
1069504049
1069503242
1069504113
1069414079
1069504135
1069504074
1069504085
1069504130
1069504153
1069504136
1069504155
1069508094
1069504157
1069503234
1069508192
1069504175
1069505022
1069504178
1069504241
1069505011
1069505032
1069505010
1069504233
1069502081
1069505148
1069505068
1069505060
1069505145
1069509073
1069505171
1069509100
1069509188
1069509106
1069505158
1069505193
1069505179
1069505209
1069505164
1069505191
1069505107
1069505103
1069505233
1069506008
1069510044
1069506019
1069505215
1069506036
1069506103
1069506110
1069506136
1069506163
1069506162
1069506102
1069506185
1069506052
1069510186
1069511035
1069511016
1069506044
1069507026
1069506194
1069507013
1069507028
1069506195
1069511063
1069507072
1069506082
1069511061
1069507036
1069506220
1069507115
1069510031
1069511040
1069507105
1069511052
1069507080
1069507107
1069511127
1069507139
1069507158
1069511235
1069507140
1069507110
1069512076
1069507168
1069511098
1069511246
1069507144
1069506180
1069511097
1069507170
1069512009
1069512011
1069507193
1069512049
1069507031
1069512039
1069507230
1069507207
1069512126
1069512078
1069507240
1069507198
1069512082
1069512102
1069508012
1069512218
1069512197
1069512144
1069507244
1069508058
1069508068
1069508062
1069513032
1069508020
1069508100
1069513136
1069513179
1069508071
1069508111
1069513117
1069508093
1069508159
1069514042
1069505066
1069514113
1069507192
1069514128
1069513112
1069514211
1069508172
1069508030
1069514133
1069508199
1069509057
1069505085
1069508246
1069508208
1069514071
1069508219
1069513123
1069508226
1069514225
1069509064
1069514224
1069515059
1069514149
1069515070
1069514020
1069509083
1069509061
1069509087
1069509067
1069509048
1069515139
1069515189
1069509171
1069515188
1069509190
1069509212
1069509185
1069515205
1069516032
1069516133
1069516218
1069509238
1069510008
1069516178
1069516185
1069510016
1069516215
1069510010
1069509223
1069510055
1069516148
1069516243
1069601041
1069607157
1069510038
1069509236
1069516221
1069510056
1069510096
1069516137
1069510070
1069510041
1069510071
1069510084
1069611248
1069507188
1069510154
1069611216
1069510191
1069510137
1069510207
1069613167
1069610174
1069701238
1069511109
1069704085
1069705038
1069511017
1069510156
1069513097
1069511084
1069704234
1069706068
1069510221
1069511069
1069511211
1069704146
1069511144
1069511011
1069511158
1069512035
1069708061
1069512101
1069707041
1069704162
1069511147
1069512042
1069512044
1069512160
1069709191
1069512162
1069705023
1069710091
1069707109
1069512134
1069512154
1069512089
1069512215
1069711177
1069711044
1069514016
1069513157
1069513072
1069709038
1069714193
1069513031
1069514110
1069715186
1069514093
1069714001
1069512226
1069509015
1069513248
1069812170
1069805038
1069805197
1069515044
1069807105
1069514045
1069513111
1069712074
1069514219
1069509058
1069513173
1069514206
1069514126
1069514174
1069515054
1069805032
1069514161
1069514170
1069902124
1069515035
1069509072
1069808006
1069902198
1069515061
1069516144
1069514152
1069515063
1069904141
1069901018
1069516180
1069903241
1069901121
1069903172
1069515182
1069904152
1069515138
1069902120
1069515095
1069515009
1069905229
1069515208
1069903203
1069603248
1069907118
1069516246
1069516077
1069516230
1069611016
1069608237
1069613122
1069615026
1069906071
1069516020
1069907247
1069613010
1069606167
1069608243
1069609142
1069515193
1069607179
1069516197
1069908062
1069906166
1069905146
1069907093
1069910037
1069906025
1069701159
1069614146
1069909197
1069703195
1069708141
1069908033
1069615117
1069703097
1069910156
1069912125
1069912214
1069705159
1069912124
1069913001
1069708207
1069911044
1069706177
1069707235
1069912119
1069712124
1069710156
1069705062
1069712044
1069915105
1069711091
1069913127
1069713083
1069911034
1069915093
1069914145
1069715200
1069711216
1069913186
1070001001
1069915168
1069913225
1069710109
1069912153
1069804075
1069913228
1070003182
1069804127
1069715153
1069714136
1069904053
1070004161
1070003064
1070004151
1070003193
1070002022
1069902174
1069807062
1069810230
1070002109
1069804159
1070004241
1070003244
1069901062
1070004229
1070004039
1069905131
1070005088
1070005191
1070005095
1069811068
1069908050
1070005139
1069909009
1070007103
1070005173
1069911072
1070007180
1069901042
1070007019
1070006017
1069911194
1069908026
1070006152
1069913149
1069912154
1070007066
1070007106
1070008072
1070007232
1070009013
1070001185
1070002099
1070008097
1069905011
1069907073
1070001239
1069913083
1070003084
1070008190
1069912220
1070008058
1069910034
1070007090
1070003086
1070001078
1070003231
1070009042
1070011006
1070003018
1070010067
1070004149
1070010227
1070008219
1070005064
1069909198
1070012105
1070005034
1070004228
1070012119
1070009152
1070011173
1070005174
1070012068
1070006054
1070006128
1070003226
1070012045
1070006206
1070007227
1070012005
1070012169
1070006025
1070012162
1070012121
1070012123
1070009032
1070007224
1070008080
1070008125
1070004013
1070008208
1070007018
1070013041
1070008181
1070011028
1070009154
1070010205
1070013193
1070013122
1070009158
1070008036
1070011130
1070014123
1070010173
1070012215
1070011037
1070007029
1070011089
1070009046
1070010231
1070012035
1070013174
1070010151
1070014048
1070014180
1070011247
1070012204
1070014019
1070013132
1070012055
1070010143
1070014075
1070012214
1070014140
1070015105
1070013101
1070015146
1070012103
1070101233
1070101158
1070012013
1070012228
1070013195
1070014225
1070301244
1070012037
1070012080
1070013241
1070015113
1070014057
1070014106
1070011109
1070107145
1070015130
1070015080
1070015186
1070302107
1070106227
1070305218
1070015190
1070304069
1070015059
1070112010
1070113102
1070014199
1070305107
1070015045
1070304250
1070007220
1070315183
1070304096
1070310140
1070311058
1070311079
1070316074
1070309229
1070503093
1070315079
1070015125
1070410174
1070308150
1070604121
1070415194
1070316080
1070406012
1070313131
1070414078
1070011172
1070316033
1070305119
1070604070
1070501074
1070607074
1070502247
1070513058
1070501220
1070508094
1070402030
1070312018
1070315098
1070508228
1070614052
1070608174
1070613133
1070707085
1070705074
1070416230
1070703045
1070707139
1070702165
1070707029
1070610222
1070712111
1070705017
1070415221
1070701001
1070702005
1070710171
1070709194
1070703029
1070601004
1070711044
1070803182
1070803101
1070802081
1070510139
1070606020
1070715208
1070804149
1070803094
1070713215
1070803217
1070803219
1070801066
1070802117
1070803104
1070814039
1070805143
1070806014
1070810130
1070903181
1070701062
1070807198
1070707151
1070811206
1070714246
1070812135
1070906195
1070814195
1070811141
1070810074
1070808218
1070813186
1070609217
1070814192
1070714204
1070914229
1070810008
1070816092
1070816248
1070803181
1070913144
1070816032
1070906076
1070910037
1070905052
1070901028
1070913023
1071001045
1070905046
1070905211
1071001055
1070914163
1070813196
1070909086
1070905175
1071001021
1070906017
1070909087
1071001110
1071001077
1071001038
1071001102
1071001079
1071001118
1070903151
1071001128
1070815035
1071001086
1070901014
1070307070
1071001097
1070914057
1071001083
1071001014
1071001095
1071001048
1070912021
1071001196
1071001142
1071001150
1071001228
1071001200
1071002024
1071001121
1071001072
1071002045
1071001233
1071002127
1071001129
1071001172
1071002051
1071002142
1071001226
1071002058
1071001195
1071001177
1071002072
1071001152
1071001199
1071002090
1071002082
1071002119
1071002194
1071002228
1070710158
1071002176
1071002143
1071003027
1071003080
1071001238
1071003084
1071003085
1071002080
1071002081
1071003122
1071002054
1071002166
1071002215
1071003227
1071003006
1071003179
1071002130
1071002181
1071003025
1071003248
1071004013
1071003235
1071002220
1071002125
1071002193
1071004128
1071003093
1071004096
1071004087
1071002129
1071003011
1071003238
1071003065
1071003241
1071003075
1071005009
1071004098
1071003180
1071003138
1071004140
1071003142
1071003123
1071004176
1071004009
1071003249
1071005022
1071003168
1071004027
1071005042
1071003151
1071005044
1071004042
1071004228
1071004075
1071004130
1071004236
1071004120
1071001051
1071001008
1071005043
1071005041
1071005039
1071001028
1071004068
1071005007
1071005025
1071001123
1071004010
1071013044
1071013023
1071012019
1071013048
1071013045
1071013027
1071013054
1071013034
1071013049
1071012035
1071013040
1071013029
1071013103
1071013047
1071013083
1071013160
1071013180
1071013193
1071013157
1071013072
1071013173
1071013213
1071013059
1071013162
1071013062
1071013163
1071013232
1071014189
1071013092
1071013211
1071015010
1071013139
1071015096
1071015036
1071013091
1071014033
1071013189
1071013225
1071015114
1071013111
1071014052
1071013218
1071013170
1071015190
1071013229
1071013234
1071014036
1071013191
1071015176
1071014171
1071015177
1071015194
1071016003
1071015087
1071016019
1071015157
1071015200
1071016032
1071014180
1071014107
1071014060
1071014142
1071014233
1071016089
1071016117
1071016122
1071016135
1071016110
1071015045
1071015058
1071013010
1071103029
1071105006
1071103144
1071014066
1071013017
1071014192
1071016249
1071016197
1071105105
1071015130
1071016049
1071101059
1071012056
1071014195
1071013238
1071012049
1071014213
1071013020
1071207089
1071202239
1071012068
1071015143
1071014226
1071204113
1071201221
1071012108
1071012084
1071016040
1071204170
1071014197
1071015148
1071202136
1071202208
1071015149
1071012229
1071016105
1071111144
1071016183
1071213046
1071212209
1071012247
1071108240
1071016237
1071304157
1071012092
1071013014
1071016162
1071216233
1071016128
1071016188
1071016025
1071016218
1071404094
1071303125
1071012168
1071016223
1071012055
1071306144
1071305113
1071101165
1071105107
1071104176
1071412097
1071016193
1071314049
1071012115
1071509047
1071103027
1071414090
1071102232
1071012045
1071111082
1071407240
1071310147
1071603034
1071109046
1071605076
1071508150
1071605176
1071012066
1071605009
1071013094
1071012093
1071115213
1071012096
1071201043
1071510233
1071205114
1071605247
1071603234
1071705179
1071705190
1071107119
1071603123
1071012077
1071206067
1071709016
1071206048
1071012141
1071708027
1071710011
1071807047
1071708228
1071708075
1071012180
1071213100
1071012088
1071211184
1071709115
1071210250
1071014091
1071214091
1071806091
1071201192
1071809174
1071206080
1071012147
1071012199
1071012075
1071302095
1071907160
1071915051
1071809023
1071012183
1071303112
1071716044
1071911053
1071311122
1072009183
1071304056
1071907128
1071308084
1072011058
1071905092
1071315054
1071308125
1072009147
1072011144
1071315015
1071305199
1071303058
1071412110
1071402052
1072008027
1071402055
1071303198
1072112055
1072107097
1072104035
1071412168
1072104096
1071407134
1072107192
1071506046
1071404233
1071408202
1071504113
1071413048
1072111178
1072112226
1071509131
1071404140
1072110007
1071509006
1072210118
1071516214
1071605068
1072107007
1072112130
1071501087
1072209178
1071605017
1071509165
1072109210
1072201072
1071511163
1071403166
1071012076
1071603112
1072211194
1072201225
1072112086
1071516218
1072302047
1071703080
1072301081
1072203033
1072115092
1072302165
1071605224
1072302164
1072301121
1072302196
1072215015
1072212180
1072215162
1071703190
1071603211
1071516043
1072302205
1072303002
1071708057
1072304094
1071605186
1071705231
1072302224
1071605172
1071605240
1071715201
1072304041
1072302198
1071708062
1071802228
1072009156
1071809215
1072307053
1072305246
1072304139
1072109124
1072305043
1071912065
1072307197
1072109178
1072305224
1072107228
1072307156
1072104085
1072112143
1072304151
1072102141
1071715213
1071012154
1072308071
1071710107
1072111086
1072307162
1071809020
1072308012
1072308087
1072308052
1072111074
1072111215
1072109190
1072308131
1072113076
1072309088
1072309115
1072109237
1072308050
1072115111
1072111130
1072113051
1072309096
1072109164
1072210149
1072310056
1072310068
1072204249
1072211058
1072310090
1072309165
1072309148
1072312037
1072202141
1072309212
1072303140
1072209017
1072308080
1072214137
1072308240
1072314041
1072215170
1072303147
1072209210
1072312150
1072215023
1072303229
1072314103
1072204094
1072314157
1072215192
1072310245
1072312133
1072303206
1072314180
1072309037
1072309083
1072308049
1072305003
1072314110
1072316009
1072315080
1072303231
1072316021
1072314238
1072309161
1072315187
1072503200
1072309172
1072308111
1072309201
1072310099
1072316043
1072505012
1072311122
1072502065
1072316119
1072409133
1072504154
1072311202
1072507072
1072507052
1072311020
1072507231
1072308214
1072508071
1072311172
1072311216
1072310002
1072510082
1072509148
1072312022
1072514211
1072310159
1072310011
1072313152
1072313103
1072601019
1072602005
1072602092
1072316183
1072602118
1072314182
1072601088
1072603171
1072601221
1072516214
1072511008
1072602152
1072311235
1072603200
1072314042
1072312144
1072513202
1072603218
1072313247
1072503094
1072510118
1072314028
1072316178
1072603056
1072606012
1072606004
1072316072
1072313200
1072607112
1072316193
1072316029
1072602102
1072315185
1072612203
1072604157
1072613023
1072409020
1072602231
1072611127
1072603196
1072610118
1072402228
1072406091
1072607246
1072613097
1072411046
1072401083
1072608012
1072608223
1072613219
1072613186
1072605039
1072613205
1072613024
1072414207
1072502046
1072608060
1072613014
1072409047
1072613047
1072609198
1072314161
1072613166
1072703196
1072602103
1072614029
1072703070
1072610011
1072703085
1072607087
1072507193
1072403188
1072606206
1072614080
1072608071
1072707134
1072611161
1072708091
1072703063
1072707101
1072502043
1072609168
1072714037
1072707214
1072707158
1072707003
1072612115
1072611178
1072708056
1072801076
1072616056
1072708135
1072616091
1072615011
1072708120
1072802085
1072804015
1072615029
1072714207
1072808208
1072714140
1072903182
1072310044
1072714136
1072901113
1072714091
1072714115
1072903097
1072304053
1072911246
1072714106
1072804126
1072902088
1072714062
1072810187
1072703193
1072803024
1072906128
1072808202
1072902083
1072912101
1072912076
1072906032
1072907127
1072807177
1073001019
1072907229
1072810111
1073001005
1072911209
1073001075
1073001200
1073001140
1072904157
1073001145
1073001208
1072909164
1073006076
1073001035
1073001018
1072914214
1073001192
1073001231
1073006036
1073001066
1073006041
1072910081
1073006213
1073001119
1073006082
1073006169
1073006103
1072911122
1072907066
1073006094
1072901196
1073001240
1073007080
1073001212
1073006141
1073006102
1073007019
1073006196
1073001217
1073007114
1073007100
1073007028
1073007121
1073001233
1073007099
1073007117
1073007066
1073006070
1073007079
1073007041
1073007157
1073007203
1073007059
1073007068
1073007240
1073008012
1073007193
1073008056
1073006223
1073007077
1073007112
1073006234
1073007085
1073007209
1073007241
1073007087
1073008097
1073008033
1073008020
1073008123
1073008082
1073007230
1073008093
1073008150
1073008111
1073009104
1073009048
1073008037
1073007119
1073007246
1073008240
1073008242
1073008219
1073009141
1073009021
1073009155
1073009137
1073007116
1073009057
1073009183
1073008120
1073101016
1073008160
1073009075
1073009197
1073009022
1073101131
1073009166
1073101118
1073009223
1073101033
1073101062
1073101050
1073101152
1073009065
1073102052
1072909062
1073009143
1073101155
1073101112
1073009157
1073101069
1073101059
1073102088
1073101181
1073102051
1073101215
1073101133
1073009231
1073102144
1073101130
1073101078
1073102030
1073102064
1073102048
1073102080
1073103002
1073102039
1073101190
1073102197
1073102141
1073102090
1073102179
1073102097
1073102153
1073102071
1073102102
1073103001
1073102040
1073103016
1073103018
1073103156
1073104075
1073103025
1073104079
1073102140
1073104053
1073102172
1073103045
1073102073
1073103098
1073103081
1073104085
1073104105
1073104178
1073103217
1073103178
1073103096
1073103211
1073104069
1073104121
1073102236
1073104083
1073103138
1073104148
1073103218
1073103159
1073104240
1073104016
1073104242
1073105023
1073105068
1073104112
1073105095
1073104141
1073105102
1073105021
1073104026
1073104147
1073104153
1073105022
1073105151
1073105074
1073103087
1073104250
1073104230
1073104226
1073105034
1073105096
1073105016
1073105086
1073105177
1073105093
1073106046
1073105012
1073105082
1073105221
1073105218
1073105029
1073106025
1073008203
1073009073
1073104051
1073105041
1073106195
1073105109
1073106047
1073105242
1073106235
1073107102
1073106186
1073106006
1073106229
1073106183
1073107090
1073105127
1073105025
1073106148
1073105213
1073106072
1073107053
1073105190
1073106167
1073107093
1073106091
1073107177
1073101006
1073108027
1073107110
1073108008
1073107179
1073107087
1073106113
1073107117
1073108049
1073108111
1073107205
1073101047
1073107099
1073106238
1073108012
1073107203
1073107157
1073108022
1073108230
1073106029
1073108082
1073107228
1073108250
1073108120
1073107064
1073109046
1073107088
1073108133
1073108029
1073107223
1073107161
1073108188
1073108129
1073108208
1073108226
1073009229
1073109172
1073109117
1073108247
1073108110
1073107216
1073109050
1073108151
1073109231
1073109027
1073107106
1073108033
1073109097
1073109155
1073108242
1073108048
1073109081
1073109013
1073109005
1073109045
1073109241
1073108228
1073109064
1073109235
1073109156
1073109158
1073109238
1073109244
1073109250
1073109243
1073110074
1073108150
1073110105
1073108050
1073110069
1073110031
1073109221
1073109135
1073110008
1073110084
1073110091
1073110006
1073109240
1073110172
1073109188
1073110233
1073110209
1073110161
1073109246
1073109169
1073109203
1073110130
1073110127
1073110250
1073111044
1073109164
1073111084
1073111164
1073110078
1073110164
1073111064
1073111113
1073110134
1073111206
1073111157
1073111011
1073111056
1073111077
1073111147
1073111169
1073110222
1073111138
1073110058
1073111059
1073110159
1073112046
1073108001
1073111052
1073111088
1073111211
1073111227
1073112119
1073112086
1073111082
1073111172
1073111209
1073112011
1073111234
1073111190
1073112022
1073112246
1073112200
1073113058
1073111248
1073112035
1073112048
1073112197
1073112064
1073112021
1073112025
1073111179
1073112060
1073113097
1073113132
1073112161
1073113136
1073111200
1073112218
1073113169
1073112170
1073112089
1073112072
1073113142
1073113009
1073113055
1073113220
1073112164
1073113001
1073112068
1073113174
1073113089
1073113076
1073114132
1073112091
1073112073
1073114231
1073113157
1073114140
1073115034
1073113023
1073114004
1073115009
1073113214
1073113200
1073114055
1073112096
1073113130
1073115041
1073114198
1073113186
1073113242
1073115040
1073114026
1073115003
1073113099
1073115028
1073113229
1073115070
1073113147
1073113013
1073115044
1073113178
1073114126
1073114182
1073114167
1073115111
1073113019
1073115190
1073114218
1073115116
1073114117
1073113195
1073116122
1073115023
1073115147
1073114157
1073114170
1073114189
1073115030
1073115201
1073115206
1073114045
1073116124
1073116059
1073115008
1073115200
1073114202
1073114185
1073114188
1073116125
1073115170
1073114148
1073116003
1073116004
1073116174
1073116213
1073115095
1073116021
1073116111
1073116113
1073115215
1073116130
1073115106
1073116077
1073116128
1073116175
1073115177
1073116199
1073116074
1073116129
1073201027
1073116250
1073201033
1073201083
1073116135
1073116227
1073116056
1073116203
1073201038
1073116230
1073116138
1073116210
1073201181
1073116232
1073116108
1073116031
1073201028
1073202047
1073116137
1073112065
1073201087
1073115096
1073201191
1073203186
1073202045
1073203195
1073201059
1073202009
1073201035
1073203197
1073201032
1073201017
1073201137
1073202202
1073203150
1073202127
1073202070
1073202231
1073204132
1073204035
1073203226
1073204140
1073203193
1073204100
1073202164
1073202022
1073204049
1073203006
1073204109
1073114071
1073202233
1073203030
1073203096
1073203011
1073202167
1073201194
1073201121
1073204141
1073202150
1073204155
1073203101
1073204120
1073203033
1073203058
1073203147
1073204047
1073207082
1073204233
1073204171
1073202193
1073203053
1073207050
1073207040
1073207032
1073207058
1073203109
1073204042
1073203097
1073203194
1073204009
1073203188
1073203135
1073203196
1073207168
1073203166
1073207237
1073208055
1073207114
1073204023
1073204133
1073116097
1073204113
1073204105
1073203213
1073207191
1073208183
1073204168
1073208188
1073204010
1073204147
1073204235
1073208195
1073204185
1073208110
1073208181
1073204150
1073204170
1073204167
1073204094
1073208218
1073211042
1073207027
1073204228
1073211012
1073204241
1073211034
1073211053
1073207059
1073207046
1073204151
1073207009
1073211187
1073208008
1073207116
1073211035
1073211225
1073207089
1073201190
1073207170
1073116115
1073207052
1073207250
1073207246
1073211147
1073212052
1073208160
1073212051
1073208073
1073204189
1073207128
1073211080
1073214090
1073208053
1073208152
1073208223
1073211179
1073214016
1073212153
1073212077
1073212238
1073214091
1073214058
1073212019
1073208232
1073214050
1073208133
1073211030
1073208120
1073212168
1073211039
1073214193
1073208200
1073214079
1073211040
1073212247
1073214123
1073211200
1073211067
1073214206
1073214239
1073214204
1073211247
1073215100
1073215176
1073215181
1073211072
1073211001
1073212063
1073215096
1073207164
1073215010
1073212082
1073212010
1073215142
1073215169
1073301038
1073308171
1073212089
1073212026
1073208242
1073315221
1073214151
1073212092
1073211172
1073215188
1073212025
1073303087
1073214063
1073409247
1073215011
1073212240
1073308009
1073214046
1073212093
1073215206
1073406185
1073203021
1073401234
1073402233
1073503087
1073504071
1073504072
1073215048
1073503190
1073215009
1073215099
1073504005
1073215095
1073503178
1073504098
1073504166
1073503198
1073215116
1073215094
1073215221
1073215225
1073214126
1073504083
1073503140
1073504170
1073215208
1073504078
1073215215
1073504239
1073504165
1073215012
1073315215
1073505222
1073505142
1073505020
1073407160
1073505139
1073308105
1073506214
1073307040
1073215105
1073505082
1073506077
1073505147
1073505149
1073505246
1073503194
1073507074
1073304087
1073403121
1073316130
1073507183
1073307176
1073507191
1073412065
1073503124
1073405092
1073509009
1073507172
1073507029
1073302127
1073503031
1073403084
1073507118
1073507106
1073503211
1073507077
1073503206
1073509043
1073508217
1073508118
1073509093
1073509137
1073509045
1073504162
1073504127
1073504069
1073413042
1073509041
1073509094
1073505128
1073504084
1073509065
1073508123
1073509091
1073504241
1073509191
1073509090
1073509115
1073504155
1073214105
1073505042
1073509221
1073509102
1073504232
1073509223
1073509142
1073511088
1073509174
1073509215
1073512048
1073509075
1073505250
1073506059
1073509148
1073506039
1073512045
1073511178
1073511216
1073511012
1073506053
1073512021
1073506010
1073511141
1073504233
1073506172
1073505238
1073512120
1073512042
1073512157
1073513007
1073512072
1073512029
1073512183
1073504240
1073512039
1073506020
1073507018
1073505229
1073508181
1073513102
1073506237
1073506136
1073506239
1073513123
1073513090
1073507109
1073513144
1073507176
1073507052
1073513132
1073507072
1073513129
1073513130
1073513045
1073506187
1073506210
1073507108
1073506165
1073513136
1073507110
1073513228
1073513236
1073507223
1073513046
1073507088
1073507211
1073513230
1073507156
1073516070
1073515036
1073513213
1073507033
1073515030
1073507188
1073515096
1073507224
1073509027
1073507181
1073508069
1073516121
1073513229
1073509185
1073516033
1073515213
1073516199
1073508064
1073515100
1073516079
1073507157
1073509183
1073509210
1073509196
1073601018
1073603061
1073516231
1073516122
1073511005
1073509181
1073509246
1073511086
1073516232
1073603140
1073508240
1073604053
1073511234
1073603131
1073603219
1073511164
1073513170
1073215190
1073604085
1073512025
1073511109
1073511094
1073605062
1073604086
1073604241
1073515077
1073605066
1073604047
1073512156
1073512007
1073604103
1073606111
1073605242
1073605142
1073605027
1073512196
1073511235
1073511006
1073606195
1073511180
1073606172
1073409102
1073512134
1073604100
1073606020
1073604170
1073512161
1073513195
1073607155
1073513055
1073605198
1073513189
1073606062
1073603211
1073513211
1073607180
1073512065
1073513096
1073512219
1073607156
1073513058
1073607234
1073515157
1073515046
1073607101
1073513133
1073607242
1073607072
1073607212
1073515094
1073516028
1073516144
1073608057
1073515035
1073609043
1073516115
1073516210
1073606096
1073608080
1073607192
1073607112
1073609149
1073609018
1073513190
1073601019
1073609233
1073516214
1073603139
1073609065
1073603125
1073601054
1073603186
1073611132
1073516117
1073608123
1073603123
1073603122
1073604049
1073603159
1073608243
1073611069
1073604069
1073612007
1073603213
1073611141
1073611232
1073608226
1073612035
1073604023
1073611206
1073604071
1073604068
1073604060
1073612157
1073604084
1073604083
1073612093
1073612184
1073612207
1073613008
1073612188
1073613225
1073614140
1073612052
1073613126
1073604166
1073604097
1073615025
1073613213
1073614096
1073614144
1073604176
1073613054
1073605022
1073615055
1073605139
1073606184
1073615080
1073613081
1073605053
1073512049
1073615105
1073605042
1073606177
1073605229
1073512189
1073604250
1073606187
1073615139
1073607066
1073606144
1073615201
1073615178
1073607165
1073616011
1073615194
1073615099
1073607223
1073615028
1073608217
1073608009
1073607041
1073616207
1073513111
1073607093
1073607090
1073615205
1073608012
1073608049
1073616112
1073607110
1073616053
1073609061
1073616042
1073616113
1073616223
1073616231
1073608164
1073608240
1073608082
1073801037
1073801010
1073609148
1073801121
1073609012
1073801050
1073609124
1073603106
1073609191
1073801034
1073801115
1073609207
1073715178
1073801113
1073801166
1073609050
1073609048
1073609231
1073609102
1073611170
1073611169
1073609205
1073801191
1073801232
1073611046
1073611097
1073801231
1073611180
1073609177
1073609090
1073802062
1073802141
1073612053
1073609185
1073612029
1073802203
1073802128
1073612048
1073612134
1073802109
1073611237
1073802195
1073604155
1073612147
1073612124
1073802233
1073802250
1073612089
1073612246
1073612200
1073613027
1073613242
1073803016
1073803003
1073613133
1073802222
1073613047
1073803018
1073803030
1073613136
1073613049
1073613229
1073613021
1073612056
1073611220
1073614076
1073614011
1073615052
1073615014
1073803188
1073615057
1073615094
1073803194
1073803222
1073614080
1073803239
1073613186
1073616179
1073803248
1073615134
1073616111
1073802163
1073615096
1073804032
1073615225
1073615206
1073616130
1073801005
1073804013
1073804088
1073616250
1073613112
1073616232
1073803171
1073614174
1073804112
1073801006
1073801033
1073804015
1073804096
1073703190
1073615073
1073801036
1073804103
1073801072
1073715192
1073804160
1073804153
1073804169
1073801038
1073804162
1073801097
1073801118
1073804133
1073805037
1073801061
1073801051
1073805009
1073801060
1073804243
1073804176
1073801141
1073801147
1073801114
1073801119
1073801123
1073801137
1073805200
1073801171
1073805086
1073804126
1073801211
1073802061
1073805192
1073802009
1073801228
1073802042
1073802039
1073805130
1073806031
1073801238
1073805039
1073802073
1073802083
1073806036
1073802064
1073805124
1073806045
1073806099
1073802018
1073806159
1073801181
1073611109
1073806181
1073806072
1073802124
1073806229
1073805240
1073802089
1073802179
1073802095
1073803036
1073806247
1073802136
1073802186
1073806234
1073803021
1073806194
1073803034
1073802236
1073807137
1073807009
1073807098
1073613142
1073802091
1073807082
1073803061
1073807155
1073803109
1073807116
1073807028
1073807089
1073612150
1073803172
1073807232
1073803166
1073803183
1073803052
1073802194
1073803089
1073803081
1073803075
1073807211
1073808069
1073808020
1073807219
1073804042
1073803181
1073803159
1073804023
1073807174
1073803112
1073803249
1073804057
1073804005
1073803193
1073808171
1073803233
1073807244
1073804109
1073804152
1073808133
1073808013
1073803225
1073804159
1073805018
1073804083
1073804161
1073805076
1073804178
1073803123
1073808208
1073808167
1073805032
1073808213
1073804166
1073804041
1073808204
1073804122
1073805126
1073804140
1073808218
1073804054
1073805053
1073805127
1073805033
1073805146
1073809035
1073805084
1073805246
1073806025
1073805119
1073809185
1073805183
1073809195
1073804108
1073809143
1073806223
1073809094
1073809203
1073805207
1073806081
1073809116
1073809025
1073809131
1073809198
1073810043
1073805204
1073809233
1073810062
1073806237
1073810051
1073805006
1073806196
1073806243
1073806046
1073806227
1073810018
1073807011
1073805249
1073809235
1073810078
1073806107
1073807074
1073806082
1073807025
1073807003
1073810105
1073807058
1073810149
1073807106
1073810146
1073810224
1073807117
1073807016
1073807217
1073807093
1073807164
1073807033
1073807181
1073810066
1073811035
1073807209
1073807195
1073807188
1073807218
1073807229
1073811056
1073806023
1073810206
1073811016
1073807158
1073807180
1073808061
1073808027
1073808056
1073811101
1073811039
1073810156
1073811093
1073811106
1073807237
1073811124
1073811088
1073808045
1073808108
1073807241
1073811158
1073808141
1073808102
1073808091
1073808073
1073808115
1073811250
1073808202
1073809033
1073808200
1073811159
1073812010
1073808250
1073811185
1073812075
1073809002
1073808181
1073808055
1073812017
1073808214
1073808135
1073811162
1073809102
1073811147
1073811205
1073810070
1073812119
1073808152
1073812135
1073808094
1073812096
1073808173
1073808178
1073809135
1073812111
1073812134
1073809170
1073809148
1073809089
1073812180
1073812027
1073809168
1073809223
1073809144
1073809048
1073812145
1073812207
1073809181
1073808075
1073813001
1073809207
1073812071
1073810036
1073813008
1073813010
1073809246
1073808240
1073813006
1073810050
1073813044
1073812241
1073810007
1073810011
1073812162
1073812154
1073813046
1073813047
1073810079
1073810150
1073810170
1073813075
1073810198
1073810159
1073813065
1073810069
1073813068
1073810040
1073810068
1073810052
1073810136
1073813081
1073813043
1073813076
1073810249
1073811072
1073813055
1073811098
1073813152
1073813013
1073811144
1073813112
1073813132
1073813157
1073810247
1073810194
1073811062
1073810222
1073811166
1073810081
1073811200
1073813230
1073813170
1073813176
1073811186
1073813191
1073811174
1073813129
1073811187
1073814058
1073811183
1073811164
1073811177
1073814067
1073811237
1073812006
1073811220
1073812028
1073811193
1073815003
1073814036
1073812007
1073812009
1073814204
1073812092
1073812124
1073815103
1073812160
1073814161
1073815048
1073812049
1073814221
1073814235
1073812077
1073812170
1073812220
1073815009
1073815128
1073815130
1073812240
1073815062
1073814008
1073812151
1073812068
1073812235
1073812022
1073816016
1073815030
1073815221
1073816077
1073812209
1073815148
1073813034
1073813038
1073816028
1073812246
1073816137
1073813101
1073813023
1073816122
1073813149
1073816248
1073813058
1073816232
1073816026
1073815224
1073813131
1073813103
1073901083
1073813102
1073813062
1073903142
1073813204
1073905174
1073813019
1073813147
1073809217
1073813127
1073813142
1073816111
1074003121
1074009247
1073813031
1073814004
1073813189
1073813244
1073905142
1074005092
1074012236
1073813239
1073814075
1073814063
1073816078
1073911052
1073813225
1074016238
1074014234
1073814066
1074015206
1074012074
1073814146
1073814078
1073813229
1073813226
1074101036
1074101146
1073814154
1073814020
1074003084
1074101118
1073814160
1074101081
1074102007
1074102103
1074101217
1073813039
1074102080
1073814182
1073814189
1073814179
1074101244
1073816235
1074103064
1073814150
1073811044
1074102162
1073814186
1074103018
1074103008
1074103075
1073814188
1074102140
1074103121
1073814226
1074103025
1073814198
1073814163
1074103001
1073814205
1073814192
1074103245
1074102138
1073814219
1074103171
1073815036
1073814209
1073814200
1074103188
1073815061
1073815010
1074103142
1074103116
1074104055
1073815157
1073815022
1074104016
1073815052
1073815058
1074104109
1074104145
1073815149
1073816009
1073816033
1073815112
1074104147
1074104173
1074104080
1073815113
1073816126
1073815070
1074103213
1074104141
1073816044
1073815190
1073816082
1073815093
1074105066
1073816040
1073816249
1074103235
1073816247
1074105191
1073816244
1073816246
1073816191
1073816084
1074105167
1074105140
1074105206
1073816231
1074106025
1074105050
1073903211
1073906245
1073902127
1073915034
1073903210
1074105229
1074002233
1074106099
1073911089
1074007160
1074101011
1074011053
1074106238
1074106223
1074106076
1074106169
1074106107
1074106234
1074106178
1074101199
1074101180
1074013029
1074107055
1074101077
1074101053
1074013031
1074107114
1074101243
1074101235
1074101064
1074101170
1074107068
1074102046
1074102130
1074101230
1074102139
1074101232
1074103013
1074102250
1074102168
1074107158
1074103028
1074102182
1074107193
1074102088
1074107205
1074103108
1074108030
1074103149
1074107170
1074107240
1074103093
1074103181
1074108151
1074103029
1074108042
1074103229
1074108087
1074103068
1074103182
1074108020
1074103219
1074108182
1074104053
1074108242
1074104039
1074108192
1074104042
1074104105
1074109079
1074104103
1074109051
1074107238
1074103138
1074104094
1074104133
1074104092
1074109104
1074103156
1074109165
1074104140
1074109171
1074104116
1074110010
1074109127
1074104138
1074104144
1074104235
1074110109
1074110048
1074104176
1074104230
1074110011
1074104178
1074104154
1074104152
1074105117
1074104249
1074104160
1074110018
1074105118
1074104229
1074105071
1074105134
1074110124
1074105088
1074105034
1074110086
1074105156
1074105045
1074105132
1074105152
1074110078
1074105244
1074105084
1074105171
1074110248
1074110115
1074105207
1074106006
1074106095
1074105138
1074111087
1074111080
1074106082
1074111163
1074106047
1074105238
1074106093
1074106124
1074107026
1074112089
1074111185
1074111184
1074106230
1074112096
1074106210
1074106145
1074110140
1074107066
1074112029
1074113235
1074107101
1074107086
1074106136
1074107128
1074107110
1074113170
1074107133
1074107118
1074107070
1074113055
1074107181
1074107197
1074107138
1074111229
1074108028
1074107250
1074114010
1074108053
1074107168
1074107135
1074107229
1074108046
1074107049
1074113054
1074114056
1074113200
1074107192
1074108174
1074105194
1074114012
1074108069
1074114097
1074114057
1074114008
1074109115
1074112162
1074108240
1074102016
1074108246
1074114043
1074114182
1074114128
1074114144
1074108159
1074108212
1074114205
1074109081
1074114193
1074113242
1074109156
1074109021
1074109042
1074114060
1074109085
1074109155
1074115009
1074110056
1074109151
1074110037
1074108180
1074115011
1074115010
1074110123
1074109158
1074110034
1074115070
1074115046
1074114132
1074110121
1074110162
1074110170
1074115028
1074115059
1074110116
1074115112
1074110030
1074115002
1074110093
1074111062
1074111113
1074115095
1074110105
1074109154
1074110198
1074111172
1074111011
1074111092
1074116080
1074111232
1074115182
1074111190
1074111030
1074111164
1074116231
1074113023
1074116194
1074115080
1074112145
1074114049
1074113096
1074116137
1074114066
1074303050
1074116077
1074305138
1074114063
1074114027
1074114058
1074111165
1074113059
1074301169
1074116248
1074114171
1074114188
1074114133
1074111174
1074110174
1074114192
1074305107
1074114199
1074303034
1074115062
1074114247
1074312034
1074302099
1074115087
1074115215
1074114105
1074110015
1074114196
1074114211
1074315142
1074116025
1074115099
1074309183
1074314124
1074307099
1074311172
1074116012
1074115072
1074311201
1074313162
1074316011
1074116144
1074116021
1074314161
1074114222
1074315153
1074116233
1074315195
1074116129
1074404005
1074116060
1074404111
1074404072
1074115118
1074116210
1074116117
1074315139
1074116197
1074402133
1074316127
1074406023
1074405241
1074116225
1074116239
1074405206
1074116079
1074301233
1074313054
1074401055
1074304159
1074313219
1074405208
1074405207
1074404113
1074312110
1074116235
1074311109
1074116042
1074310186
1074405068
1074303203
1074407059
1074313172
1074308058
1074408089
1074315144
1074407207
1074406047
1074406198
1074315059
1074402112
1074402219
1074401191
1074116056
1074407040
1074405093
1074315167
1074401053
1074116180
1074402174
1074403139
1074405013
1074408167
1074409165
1074308103
1074410048
1074405195
1074409174
1074411028
1074403072
1074407247
1074409086
1074412170
1074414078
1074408133
1074410119
1074411199
1074410239
1074408115
1074409196
1074414225
1074411035
1074407131
1074408050
1074409024
1074415054
1074410230
1074407196
1074411127
1074412218
1074409133
1074413043
1074415112
1074412164
1074412209
1074413041
1074414110
1074413218
1074412080
1074416024
1074412219
1074415152
1074411194
1074415197
1074416006
1074414148
1074412172
1074502046
1074415113
1074416129
1074415134
1074406082
1074416126
1074415130
1074506024
1074415029
1074508027
1074512097
1074416121
1074413057
1074414246
1074416203
1074416095
1074511071
1074511183
1074503144
1074503012
1074504064
1074513107
1074603125
1074508232
1074507094
1074603112
1074607011
1074511086
1074608084
1074515111
1074416230
1074610147
1082801110
1074416174
1082801239
1074606144
1074513020
1074502127
1074603058
1074507086
1074609222
1082801111
1074611122
1074512006
1074614049
1074613158
1074416011
1074605199
1082801038
1082802135
1082801034
1082802166
1082801055
1082802088
1082802150
1082801067
1082801046
1082802202
1074608125
1082802109
1074605113
1082801234
1082801051
1074609081
1074606237
1082801208
1082803089
1082803033
1082802025
1082803229
1082804228
1082803142
1082804247
1082801247
1082802195
1082802153
1082802053
1082801082
1074615054
1082802103
1082803235
1082802127
1082805055
1082805085
1082803012
1082802213
1082804242
1082802181
1082805160
1082805174
1082805025
1082805034
1082805175
1082805032
1082803219
1082806020
1082803072
1082805086
1082805107
1082809057
1082805164
1082805207
1082805077
1082805163
1082805237
1082805076
1082805021
1082806027
1082808058
1082806106
1082806008
1082805178
1082805215
1082807019
1082809195
1082808049
1082809176
1082805245
1082806224
1082806239
1082810044
1082807211
1082809048
1082807034
1082806233
1082807124
1082809104
1082809122
1082808135
1082813084
1082809072
1082810245
1074404178
1082811184
1082808247
1082807231
1082807195
1082809147
1082810035
1082813220
1082814123
1082806212
1082813026
1082807080
1082810219
1082814016
1082813046
1082814186
1082806091
1082815143
1082813102
1082813101
1082814126
1082813065
1082815197
1082811113
1082815051
1082815178
1082901111
1082814111
1082901136
1082901102
1082815116
1082901090
1082901098
1082814184
1082813239
1082901208
1082809215
1082902109
1082901146
1082815040
1082902103
1082901067
1082903114
1082903153
1082903070
1082903011
1082902009
1082901051
1082902193
1082901032
1082902117
1082810202
1082902127
1082903144
1082903098
1082902121
1082904148
1082904247
1082904156
1082903037
1082905084
1082903240
1082905076
1082904091
1082901092
1082903193
1082905020
1082905089
1082903076
1074602095
1082904063
1082904057
1082906243
1082905168
1082905249
1082905237
1082902135
1082906049
1082906245
1082907098
1082904151
1082905117
1082906237
1082905152
1082905031
1082905206
1082906053
1082908165
1082903064
1082903229
1082907029
1082908123
1082905132
1082908135
1082907040
1082908203
1082905124
1082905105
1082908057
1082909106
1082907196
1082909023
1082905077
1082910029
1082909094
1082908071
1082910039
1082911113
1082910035
1082912088
1082910158
1082912007
1082910067
1082910060
1082909206
1082911006
1082910161
1082908204
1082912207
1082905149
1082912226
1082912029
1082908228
1082913021
1082912194
1082912108
1082911045
1082913117
1082912056
1082909197
1082913040
1082912189
1082909072
1082910149
1082912197
1082909191
1082910066
1082915027
1082913019
1082913173
1082914187
1082913174
1082913049
1082915048
1082914062
1083104032
1083005160
1082914157
1083107151
1083012149
1082913202
1082913158
1082913217
1082913168
1082913027
1083012108
1083101042
1082916070
1082913151
1083010144
1083206049
1083204132
1082914170
1083207198
1083015221
1082915073
1082916164
1083205145
1083105089
1082914221
1083005021
1083109021
1083107197
1083210222
1083114205
1083205236
1083114201
1083207035
1083208178
1083003247
1083207216
1083216164
1083109014
1083203045
1083207158
1083216021
1083209246
1083201196
1083207250
1083213117
1083306103
1083214011
1083401055
1083401053
1083213007
1083314242
1083109141
1083216133
1083401025
1083211005
1083302189
1083204230
1083107207
1083401018
1083401045
1083309062
1083401145
1083401043
1083401146
1083401088
1083206153
1083401250
1083402051
1083401048
1083306149
1083401061
1083315167
1083402066
1083208167
1083401082
1083209183
1083402027
1083401034
1083401198
1083402088
1083402167
1083401178
1083401095
1083402045
1082906136
1083315152
1083402124
1083401077
1083402127
1083402160
1083402059
1083402065
1083402191
1083402092
1083402126
1083402198
1083401031
1083403006
1083403026
1083401240
1083402142
1083403056
1083213044
1083402162
1083403004
1083403069
1083402187
1083402208
1083403098
1083403076
1083403011
1083402070
1083403104
1083403081
1083403172
1082910182
1083403114
1083403028
1083403025
1083403090
1083403093
1083402039
1083403198
1083403238
1083403156
1083403159
1083403219
1083404175
1083403218
1083404129
1083404150
1083404001
1083404055
1083403211
1083403229
1083403182
1083403087
1083403165
1083404228
1083403166
1083403183
1083403214
1083403175
1083404012
1083404032
1083403225
1083404243
1083404044
1083404168
1083404016
1083405021
1083402181
1083404237
1083405017
1083404013
1083405091
1083404075
1083405073
1083404092
1083405235
1083404071
1083404121
1083404085
1083405052
1083405119
1083405203
1083404053
1083404246
1083405224
1083404234
1083404174
1083404103
1083404229
1083405103
1083404091
1083404169
1083404235
1083406062
1083405237
1083406124
1083405062
1083406172
1083405069
1083406107
1083406091
1083405024
1083404236
1083406223
1083405011
1083405059
1083404247
1083405053
1083407158
1083405163
1083405206
1083406230
1083406052
1083407115
1083407025
1083406103
1083407086
1083405242
1083406068
1083405158
1083408008
1083407106
1083407234
1083407217
1083405161
1083407003
1083406120
1083407073
1083408058
1083405144
1083407181
1083406209
1083406174
1083408092
1083408069
1083407041
1083407220
1083408148
1083408015
1083407048
1083409027
1083407223
1083407090
1083407241
1083408141
1083409128
1083408181
1083409073
1083407225
1083407089
1083401111
1083409154
1083407228
1083409170
1083409104
1083409061
1083408232
1083401112
1083407116
1083408115
1083410011
1083409099
1083408217
1083410046
1083409001
1083409096
1083410124
1083409246
1083409200
1083410156
1083409012
1083410009
1083410105
1083410008
1083409133
1083409195
1083409198
1083410026
1083410174
1083410205
1083409222
1083409116
1083409241
1083409164
1083411011
1083408046
1083410206
1083410010
1083410093
1083410112
1083411045
1083410230
1083410055
1083410082
1083411177
1083410036
1083411093
1083411001
1083410081
1083410220
1083410080
1083411052
1083411192
1083411169
1083410222
1083410128
1083410214
1083411234
1083410037
1083412056
1083411132
1083411185
1083410044
1083412078
1083411156
1083410219
1083410250
1083410231
1083410196
1083404185
1083412164
1083410243
1083412170
1083411031
1083412055
1083411202
1083411012
1083411079
1083412004
1083412129
1083412176
1083412211
1083412183
1083411191
1083412241
1083412177
1083412207
1083412196
1083413111
1083413238
1083411164
1083412077
1083413079
1083412210
1083412184
1083412136
1083412157
1083413179
1083413021
1083413158
1083414105
1083413112
1083413160
1083414090
1083411120
1083414107
1083413173
1083413235
1083414042
1083414149
1083414185
1083414069
1083413126
1083414019
1083413247
1083415048
1083413213
1083414239
1083410090
1083414067
1083414008
1083414116
1083415070
1083416060
1083414087
1083415003
1083414004
1083414219
1083415198
1083414208
1083414065
1083415009
1083415038
1083415190
1083414150
1083416014
1083415197
1083416074
1083415023
1083414140
1083416088
1083416122
1083414218
1083415012
1083416059
1083415049
1083415044
1083415045
1083416161
1083416175
1083416174
1083416176
1083416126
1083415052
1083416224
1083415071
1083414094
1083415025
1083415072
1083415118
1083415062
1083416117
1083416239
1083501066
1083502076
1083415139
1083501244
1083415149
1083416221
1083415085
1083415144
1083502250
1083415142
1083502070
1083416232
1083415206
1083502087
1083502165
1083502120
1083502203
1083415215
1083502048
1083416006
1083502197
1083416020
1083505069
1083508027
1083416021
1083510031
1083510172
1083415145
1083416024
1083416044
1083508223
1083416129
1083505188
1083416063
1083601090
1083510249
1083510234
1083510067
1083510196
1083416149
1083416097
1083602239
1083416164
1083502080
1083416112
1083409197
1083602066
1083416180
1083602194
1083604145
1083416080
1083416032
1083411172
1083603186
1083603052
1083416231
1083611190
1083603034
1083604098
1083416207
1083607098
1083605022
1083416225
1083501131
1083416247
1083604167
1083611006
1083502039
1083611088
1083607205
1083502060
1083612112
1083611237
1083612167
1083416183
1083504162
1083416234
1083502055
1083614149
1083504169
1083416238
1083702005
1083612061
1083701115
1083701148
1083411247
1083701001
1083502109
1083701199
1083502194
1083416233
1083504154
1083504120
1083702062
1083505084
1083701167
1083502005
1083703001
1083505014
1083614161
1083702088
1083702207
1083703046
1083703002
1083703087
1083502195
1083505209
1083702135
1083703114
1083508094
1083705149
1083505074
1083502206
1083508135
1083504069
1083508217
1083704231
1083508111
1083510009
1083505245
1083510084
1083703225
1083508212
1083705154
1083601096
1083705177
1083505215
1083603239
1083703147
1083703103
1083415216
1083602245
1083705241
1083706099
1083508131
1083605175
1083706038
1083510195
1083605009
1083603021
1083707170
1083707197
1083707123
1083706187
1083602071
1083609154
1083610222
1083709050
1083612021
1083611061
1083602197
1083706176
1083707174
1083608100
1083611115
1083612047
1083708129
1083614186
1083710067
1083710212
1083615100
1083709176
1083709104
1083615215
1083710037
1083612046
1083616095
1083709199
1083616121
1083611161
1083614205
1083710249
1083710222
1083616199
1083616102
1083616191
1083710231
1083616185
1083710040
1083616215
1083710031
1083701041
1083616021
1083701042
1083711080
1083711159
1083711086
1083701165
1083701031
1083712065
1083711195
1083701088
1083711157
1083712047
1083709165
1083701126
1083711216
1083701082
1083702053
1083702043
1083702030
1083701198
1083702060
1083701221
1083701136
1083712162
1083701160
1083712119
1083714043
1083711174
1083712198
1083713131
1083702072
1083701057
1083702130
1083713234
1083702178
1083703193
1083702215
1083703027
1083715073
1083714197
1083715143
1083714123
1083704176
1083703138
1083703080
1083715168
1083714058
1083704057
1083704082
1083716127
1083716117
1083714239
1083703073
1083716009
1083714145
1083703112
1083714205
1083706151
1083705113
1083716135
1083804113
1083706068
1083702123
1083706186
1083801043
1083705161
1083716082
1083705250
1083705172
1083716133
1083705028
1083705240
1083801082
1083716237
1083707216
1083806234
1083706209
1083707203
1083708033
1083706227
1083810250
1083707181
1083811250
1083707016
1083811184
1083905036
1083703170
1083709002
1083910103
1083807158
1083709197
1083708246
1083709102
1083903052
1084005204
1084001051
1083813222
1083904127
1083708001
1083709135
1083710239
1083710185
1083914091
1083912035
1083916103
1084003121
1083710150
1083709099
1083709155
1083909174
1083711005
1084004108
1083710198
1083712077
1083710055
1083711002
1083711187
1084004247
1084009047
1083711192
1083711038
1083709217
1084002142
1083711206
1083712157
1083710245
1084015009
1083714071
1083712176
1083712177
1083713233
1083714204
1083715015
1084206169
1083714028
1083715190
1083715113
1083714234
1084205236
1084114226
1083716072
1083715201
1083715162
1084104023
1083716108
1084207198
1084206195
1083716134
1083714010
1083802208
1084205145
1083716031
1083716106
1083716016
1083715192
1084014142
1084207250
1083716250
1083808240
1084209246
1084209183
1083710007
1083716221
1084213044
1083805114
1083807089
1083813046
1084210222
1084212056
1083814091
1084305158
1083811086
1084216164
1084208178
1084214011
1083813202
1084214225
1083812209
1084307056
1084216021
1083814132
1083816194
1084308053
1083810030
1083901133
1083911246
1084301097
1084311157
1083906206
1084410156
1084402153
1084407243
1084314233
1084001247
1083916102
1083908184
1083912219
1084001123
1084301081
1084312200
1084007127
1084407115
1084002018
1083911184
1084007225
1084404232
1084014201
1084010081
1084510141
1084101171
1084005045
1084510014
1084501233
1084101212
1084206049
1084511124
1084108029
1084203045
1084207158
1084207216
1084201196
1084207035
1084514103
1084515099
1084009110
1084501005
1084516088
1084206083
1084505023
1084208167
1084214071
1084213117
1084208108
1084601023
1084213007
1084211005
1084209191
1084211069
1084206153
1084311038
1084416194
1084302174
1084303030
1084516080
1084213079
1084601146
1084602044
1084601180
1084406038
1084306099
1084601177
1084308010
1084407225
1084315088
1084315193
1084413009
1084412006
1084602144
1084408133
1084602014
1084602219
1084602089
1084601053
1084412200
1083805183
1084505179
1084602239
1084411238
1083806080
1084501018
1084412157
1084516059
1084512125
1084413207
1084414195
1084510030
1084602172
1084601057
1084601031
1084602018
1084602058
1084603033
1084515087
1084211058
1084601059
1084602036
1084602009
1084601158
1084604023
1084603018
1084603088
1084601185
1084603156
1084602116
1084601131
1084604162
1084602115
1084603012
1084605156
1084602161
1084603142
1084601017
1084605243
1084606059
1084603048
1084604237
1084603194
1084605034
1084606086
1084602174
1084606194
1084602153
1084604108
1084604083
1084603203
1084607086
1084606114
1084604085
1084607045
1084606145
1084607137
1084605044
1084604152
1084607197
1084605027
1084501015
1084604121
1084605060
1084605014
1084604100
1084604168
1084607158
1084607090
1084605068
1084602128
1084606247
1084607100
1084605021
1084607213
1084607068
1084607234
1084606004
1084605048
1084607238
1084606029
1084609016
1084608047
1084608152
1084605073
1084606111
1084609014
1084607240
1084606227
1084606197
1084606077
1084605180
1084608223
1084606167
1084606230
1084609061
1084606180
1084511174
1084608150
1084606174
1084609221
1084609170
1084607121
1084607163
1084607169
1084607026
1084608212
1084608226
1084609191
1084607110
1084610024
1084609104
1084609005
1084607245
1084609127
1084609020
1084609130
1084609085
1084610135
1084609071
1084610049
1084610035
1084610111
1084609149
1084609080
1084610040
1084610010
1084610007
1084611074
1084611006
1084610041
1084610099
1084610103
1084610112
1084610082
1084611020
1084610137
1084610125
1084610123
1084610151
1084601198
1084610171
1084612145
1084610195
1084610124
1084610036
1084611045
1084610207
1084610127
1084611234
1084611132
1084612177
1084611183
1084611185
1084611082
1084612077
1084612162
1084610140
1084612183
1084610245
1084614180
1084611035
1084613099
1084504153
1084611034
1084611098
1084612226
1084613027
1084614225
1084612188
1084614206
1084612108
1084611202
1084614183
1084613057
1084611200
1084612125
1084613147
1084613231
1084615041
1084614107
1084615169
1084612055
1084613075
1084612045
1084614218
1084615131
1084614242
1084615225
1084613111
1084611169
1084615034
1084614033
1084616060
1084611161
1084616135
1084612065
1084615224
1084614043
1084614132
1084616122
1084614046
1084614057
1084613034
1084614041
1084616214
1084616091
1084613172
1084614085
1084616189
1084614202
1084614116
1084615147
1084616119
1084614140
1084701195
1084614171
1084616136
1084616234
1084616144
1084706238
1084616246
1084613202
1084706091
1084706038
1084616231
1084706008
1084616012
1084705062
1084712097
1084709233
1084615106
1084713062
1084715144
1084708228
1084710132
1084614151
1084810194
1084615044
1084801133
1084901123
1084906102
1084615116
1084712141
1084812130
1084806091
1084715111
1084905045
1084909136
1084804084
1084716028
1084807096
1084903147
1084904127
1085006138
1084904132
1084912207
1084807097
1084615151
1084901175
1084913029
1084912012
1084914174
1085003188
1084801030
1084801051
1085003047
1085107109
1084904126
1084910130
1085101193
1085011166
1085005222
1084815009
1085104041
1084911031
1085011009
1085014057
1085103096
1085113064
1085003097
1085113127
1085109042
1084902115
1085112086
1085111113
1084609134
1085111042
1085113109
1085115139
1085105222
1085112130
1085201195
1085103244
1085201204
1085107068
1085112241
1084615128
1085101211
1085115087
1085009127
1085114238
1085113095
1085201069
1085201013
1085201047
1085201121
1085201075
1085115002
1085116080
1085202066
1085111008
1085201232
1085116045
1085201014
1085201020
1085202138
1085202073
1085202142
1085101167
1085201169
1085202211
1085202118
1085202162
1084616013
1085202044
1085202070
1085202227
1085202139
1085202182
1085202036
1085202127
1085203049
1085202233
1085202222
1085202232
1085203003
1085203113
1085203030
1085203135
1085203051
1085202218
1085203147
1085203056
1085202141
1085202161
1085203141
1085205071
1085203084
1085202082
1085205185
1085203037
1085205175
1085104120
1085203050
1085203166
1085207110
1085203215
1085203242
1085203068
1085205020
1085203116
1085203144
1085203159
1085203200
1085203093
1085205102
1085203203
1085207192
1085205032
1085203145
1085203206
1085203240
1085205190
1085207090
1085207093
1085203218
1085207248
1085207247
1085207097
1085207106
1085205048
1085203249
1085205208
1085205064
1085207163
1085301180
1085207242
1085205186
1085302072
1085205125
1085205017
1085207140
1085207046
1085211220
1085304089
1085203193
1085301247
1085205146
1085211068
1085211239
1085207007
1085205179
1085205107
1085211174
1085205142
1085506167
1085302171
1085305240
1085315011
1085313147
1085607089
1085205198
1085207094
1085207074
1085207085
1085306100
1085207101
1085610006
1085610005
1085207179
1085207139
1085604023
1085604092
1085207160
1085603094
1085603249
1085602117
1085608071
1085610022
1085207245
1085207234
1085614036
1085207116
1085514222
1085503037
1085614245
1085207047
1085207250
1085207237
1085207246
1085616020
1085211079
1085707220
1085704044
1085714004
1085308055
1085211158
1085207241
1085211098
1085901075
1085705238
1085712184
1085211211
1085607203
1085211248
1085701240
1085211250
1085301098
1085301115
1085711164
1085302005
1085901033
1085807246
1085211142
1085301118
1085201170
1085901158
1085901230
1085308069
1085607139
1085314069
1085902040
1085308068
1085902080
1085314218
1085308116
1085716053
1085202025
1085902109
1085901131
1085304141
1085902130
1085902107
1085308042
1085902244
1085902208
1085902206
1085903014
1085903008
1085901155
1085508071
1085903045
1085201143
1085303213
1085503113
1085903037
1085903076
1085903147
1085903149
1085903018
1085307118
1085509047
1085903028
1085903121
1085904016
1085903200
1085904170
1085903197
1085903206
1085602152
1085514051
1085904084
1085904144
1085505001
1085903201
1085604068
1085603097
1085904071
1085904009
1085603185
1085604069
1085605164
1085905053
1085601001
1085904160
1085904105
1085602168
1085905064
1085904237
1085604178
1085904248
1085608015
1085504091
1085606235
1085905217
1085609079
1085905168
1085608116
1085905151
1085905221
1085615085
1085905066
1085607088
1085615197
1085905249
1085616146
1085904228
1085905131
1085703229
1085906124
1085907131
1085907094
1085715062
1085612246
1085708060
1085609005
1085907139
1085906067
1085709006
1085907116
1085613228
1085816211
1085907181
1085906046
1085712021
1085907179
1085901064
1085906027
1085615113
1085906239
1085901082
1085901139
1085901130
1085709058
1085908049
1085907199
1085901056
1085907213
1085907087
1085806197
1085907238
1085909041
1085901192
1085901141
1085909079
1085908240
1085909100
1085909233
1085901148
1085910016
1085901199
1085207180
1085905240
1085910015
1085902119
1085909166
1085902129
1085908125
1085902118
1085901167
1085908042
1085902102
1085910071
1085902088
1085902181
1085908178
1085902232
1085903046
1085910198
1085910010
1085902227
1085910160
1085207145
1085910170
1085903116
1085903182
1085903108
1085903006
1085911063
1085903090
1085911092
1085904010
1085911038
1085903025
1085903203
1085903138
1085903215
1085902213
1085910062
1085911138
1085911008
1085912077
1085911087
1085910099
1085912196
1085904075
1085911194
1085914051
1085904150
1085904023
1085601111
1085904069
1085912153
1085513021
1085904108
1085904243
1085905138
1085914133
1085911113
1085905074
1085914169
1085904154
1085904176
1085904250
1085914010
1085914193
1085905224
1085904151
1085904246
1085905191
1085914229
1085914043
1085905241
1085903227
1085906004
1085906019
1085903194
1085915156
1085905172
1085905163
1085913047
1085907117
1085906028
1085915077
1085915051
1085915105
1085913196
1085907103
1085915178
1085915152
1085915220
1085907151
1085906104
1085907209
1085915114
1085906025
1085906165
1085905165
1085916097
1085908001
1085916210
1085908015
1085907196
1085916221
1085916144
1085916016
1085916111
1085908210
1085908108
1086001033
1086001016
1085907134
1086001062
1085909094
1085908103
1085909022
1085916231
1086002071
1085909123
1085916106
1085908167
1085908150
1085910050
1085910116
1086001131
1086001152
1085910011
1085910185
1086001110
1086001118
1086002040
1086001133
1086001069
1086001059
1085908039
1086002080
1086002088
1085911027
1085910159
1086002102
1086002144
1086002141
1085911163
1085913154
1086002138
1085911201
1086002097
1085911225
1085908243
1086002153
1085911190
1086002140
1085910093
1085911094
1086003002
1086002166
1085912236
1086003025
1085912129
1085914045
1085914042
1086002196
1085913170
1086002236
1085913248
1085914107
1086003089
1086002179
1086003081
1086003096
1085914091
1085914170
1085914182
1086003138
1086003217
1085910249
1086003218
1086003045
1085901217
1085914060
1085914063
1085914239
1085915097
1085914200
1086004051
1086004013
1086003159
1085915025
1085915063
1086003156
1085915034
1086003227
1086004086
1085915117
1086004079
1086003198
1086004075
1085913079
1085915058
1086004053
1086004141
1085916077
1086004113
1085915059
1086004148
1085916126
1085916137
1085913162
1085916095
1086004159
1085915094
1085916237
1086004121
1085911227
1086004178
1085916012
1085916042
1086004147
1085904113
1085916091
1086004166
1085916225
1086001078
1086004155
1086005022
1086005016
1086004232
1086005023
1086004242
1086005025
1086005096
1086001148
1086004085
1086005086
1086001130
1086005041
1086005046
1085916129
1086006235
1086005102
1086006024
1086006167
1086005151
1086005042
1086001112
1086005029
1086002064
1086005093
1086007119
1086007174
1086002030
1086002073
1086007228
1086002115
1086001050
1085915112
1086004068
1086008082
1086008049
1086001172
1086002051
1086008033
1086007106
1086001047
1086002232
1086004083
1086008250
1086008102
1086005103
1086004240
1086007048
1086009047
1086009013
1086009097
1086009099
1086007223
1086005213
1086009046
1086008133
1086008008
1086005127
1086005218
1086005190
1086002039
1086009151
1086005177
1086008208
1086005171
1086006006
1086006045
1086009246
1086009206
1086005221
1086006072
1086006071
1086006038
1086010130
1086009158
1086010209
1086009250
1086004087
1086009221
1086009231
1086006046
1086005242
1086010024
1086010007
1086009002
1086004026
1086010164
1086006148
1086007090
1086007110
1086006226
1086009117
1086006075
1086007032
1086011172
1086011052
1086007117
1086011011
1086007099
1086007087
1086007205
1086006238
1086009101
1086006229
1086007093
1086007164
1086008001
1086010222
1086011179
1086008029
1086007216
1086012029
1086012021
1086007219
1086008027
1086012078
1086011138
1086011077
1086010124
1086008026
1086012035
1086012022
1086011186
1086006183
1086012050
1086008062
1086007220
1086008048
1086008117
1086008235
1086008226
1086008120
1086008151
1086008110
1086012161
1086008056
1086008129
1086013097
1086008230
1086009005
1086008150
1086009028
1086013130
1086012230
1086009006
1086013023
1086013174
1086009045
1086013196
1086008247
1086008242
1086009096
1086013236
1086008100
1086009157
1086012218
1086009081
1086009050
1086009172
1086009169
1086009203
1086013163
1086009244
1086009173
1086009214
1086009241
1086014126
1086010006
1086009135
1086009238
1086009243
1086004250
1086014157
1086010036
1086014189
1086014140
1086009155
1086014185
1086014187
1086010091
1086010031
1086010128
1086010172
1086011056
1086010226
1086014202
1086010134
1086014231
1086010069
1086015003
1086011017
1086015022
1086011082
1086015106
1086015030
1086011092
1086011234
1086011200
1086011113
1086010159
1086015147
1086015206
1086010250
1086011175
1086015023
1086012060
1086011209
1086016097
1086015190
1086012028
1086011248
1086016031
1086011227
1086012068
1086015192
1086012072
1086012073
1086016210
1086015215
1086016122
1086012048
1086012097
1086016111
1086015195
1086012064
1086012086
1086016129
1086012151
1086016124
1086012119
1086012200
1086012246
1086012071
1086013026
1086016130
1086012162
1086016232
1086016119
1086013009
1086104042
1086016175
1086012197
1086013019
1086013006
1086105246
1086101190
1086103182
1086107233
1086106209
1086013136
1086013131
1086016230
1086013099
1086013031
1086013158
1086013220
1086013186
1086012025
1086013132
1086108200
1086104156
1086013142
1086109058
1086107077
1086105144
1086109051
1086108021
1086111157
1086101033
1086013242
1086013195
1086109038
1086013229
1086111127
1086110042
1086014004
1086013055
1086109190
1086014045
1086113221
1086109124
1086014132
1086111120
1086013178
1086111031
1086014026
1086013246
1086013233
1086112228
1086013223
1086201013
1086111060
1086116142
1086115024
1086112220
1086111174
1086115130
1086014104
1086014170
1086010161
1086014117
1086111175
1086014188
1086014218
1086116239
1086114039
1086203165
1086203188
1086014182
1086201210
1086015009
1086015028
1086114034
1086014136
1086202220
1086206217
1086015001
1086010078
1086206041
1086015040
1086015095
1086209229
1086015170
1086014167
1086204042
1086015145
1086205044
1086201034
1086015116
1086207196
1086015138
1086205096
1086209241
1086016021
1086213008
1086015188
1086015131
1086015200
1086215192
1086015177
1086016074
1086016115
1086016174
1086214170
1086015034
1086016110
1086301084
1086016137
1086016213
1086016135
1086016077
1086301045
1086105047
1086105067
1086016244
1086302045
1086105116
1086016113
1086302142
1086102232
1086101035
1086108010
1086107110
1086103222
1086210146
1086102007
1086301005
1086109099
1086303028
1086303018
1086102036
1086303222
1086109231
1086103218
1086303080
1086213133
1086108141
1086109131
1086111156
1086111185
1086303124
1086301139
1086108247
1086304159
1086201064
1086107101
1086111238
1086114204
1086305146
1086304078
1086202045
1086305138
1086112015
1086303182
1086116113
1086201001
1086303013
1086116006
1086305179
1086203089
1086203166
1086203016
1086308017
1086305207
1086305197
1086108226
1086202219
1086305243
1086306217
1086205197
1086202088
1086205013
1086202189
1086215189
1086307094
1086311158
1086206167
1086205231
1086205109
1086205165
1086310103
1086307234
1086305119
1086205207
1086312084
1086311096
1086312123
1086205117
1086207240
1086207077
1086312108
1086207049
1086312125
1086208017
1086311046
1086209116
1086112047
1086205119
1086313142
1086314231
1086314107
1086208060
1086210170
1086314117
1086313131
1086312220
1086212035
1086315023
1086315028
1086313021
1086210116
1086213099
1086212154
1086314041
1086406110
1086214010
1086316249
1086416224
1086215030
1086213064
1086509025
1086213130
1086503082
1086214167
1086409045
1086301158
1086216211
1086215201
1086405146
1086214174
1086505249
1086503156
1086303085
1086210234
1086707103
1086301226
1086801210
1086515029
1086211020
1086302082
1086303142
1086803016
1086802220
1086802189
1086802045
1086803037
1086209062
1086315087
1086301097
1086801001
1086303186
1086304099
1086805197
1086305130
1086805013
1086303094
1086803166
1086804042
1086303002
1086803188
1086802095
1086302088
1086805207
1086803089
1086015201
1086806167
1086809062
1086214034
1086301198
1086805044
1086805231
1086806041
1086309021
1086307203
1086805103
1086811020
1086307049
1086810170
1086307121
1086807240
1086903080
1086901226
1086901084
1086809229
1086304057
1086814029
1086303165
1086816194
1086306077
1086016224
1086307209
1086902142
1086902088
1086311127
1086901005
1086311003
1086306070
1086312156
1086309141
1086905138
1086313195
1086815192
1086314076
1086903222
1086313186
1086306120
1086314179
1086905243
1086506027
1086905109
1086506059
1086903085
1086904099
1086514133
1086909021
1086906077
1086315150
1086903186
1086314142
1086312057
1086314199
1086504169
1086515190
1086802088
1086806217
1086907124
1086907207
1086907203
1086907234
1086314136
1086805119
1086514136
1086807077
1086803165
1086406145
1086908017
1086310164
1086807049
1086807192
1086801034
1086911046
1086914041
1086808017
1086801013
1086907209
1086805165
1086812154
1086812035
1086810116
1086808060
1086813008
1086911096
1086910103
1086805096
1086813130
1086911003
1086814167
1086913186
1086813133
1086911158
1086916249
1086813186
1086916185
1086814034
1086915023
1086912125
1086914136
1086814174
1086814010
1086813064
1086813099
1086913103
1086914076
1086915061
1087012194
1086814170
1087107244
1087012230
1086810234
1087108194
1086901097
1087001198
1086815201
1087011234
1086901158
1087005161
1086903002
1086901045
1086902045
1086903028
1087113156
1087213003
1086902082
1087109142
1086901139
1086814201
1086902009
1087109184
1087110074
1086903182
1086903165
1087010134
1087208026
1086904159
1086816211
1086905119
1086904057
1087211020
1087209115
1086901198
1086904027
1087303046
1086906070
1086904078
1086906240
1087303088
1087013081
1086905179
1086905146
1086905235
1087205075
1087207050
1087303053
1086910164
1087303013
1086907121
1086905207
1087303195
1087303156
1087315051
1086903018
1086910235
1086912108
1087303145
1086912084
1086909141
1086912123
1086912156
1087304074
1087303194
1086911127
1086914117
1087402030
1086907049
1086913142
1087315114
1087315178
1086906120
1087315190
1086913195
1087315061
1087315194
1086912220
1086914107
1086914179
1087405103
1087315149
1087407099
1087304166
1087402044
1086913131
1087315205
1086913021
1087404060
1086914231
1086915048
1086915028
1086915087
1087409020
1087001077
1087107155
1087304157
1087005122
1087414085
1087303200
1087402059
1087014104
1087410234
1087303234
1087409241
1087408158
1087405165
1087109072
1087111031
1087113158
1087012131
1087112141
1087413133
1087414049
1087216244
1086915150
1087303030
1087116025
1087511157
1087513036
1087209241
1087208151
1087505092
1087608229
1087303111
1087509159
1087116074
1087303203
1087303147
1087608151
1087303058
1087608013
1087303214
1087303049
1087303127
1087303139
1087613064
1087609171
1087704041
1087712027
1087303212
1087304087
1087613180
1087704071
1087304078
1087304047
1087304097
1087303186
1087315002
1087304015
1087304103
1087304147
1087913230
1087902051
1087904237
1087914244
1087902071
1087304141
1087304136
1087315100
1087910214
1087315188
1087905195
1087315206
1088003013
1087315054
1087315193
1088001114
1087402045
1088003048
1087402076
1088003011
1088003064
1088001169
1087315153
1087404144
1087402174
1088001031
1087404149
1087402088
1088003033
1087405151
1087315103
1088003039
1087315113
1087405197
1088001234
1087408017
1087410093
1088003135
1087408133
1088003116
1088003081
1088003088
1086907094
1088003109
1087413099
1087507092
1088003241
1087512124
1088003094
1088005071
1087409238
1088005055
1088003240
1087515170
1087505174
1088003195
1088005017
1088003229
1088003096
1087511173
1087502062
1088005084
1087513041
1087508165
1087510187
1087516013
1088005091
1087515182
1088005127
1087516024
1087601235
1088005114
1087605050
1087405231
1087603124
1088003239
1088005156
1088005233
1088005166
1087602129
1088005215
1088007041
1088005150
1087605141
1088006081
1088007190
1088006068
1088007099
1087602243
1087608123
1087614034
1088008136
1088007045
1087608166
1087605012
1088007195
1087610082
1088008123
1088008039
1088008061
1088005182
1087616214
1087614207
1088009138
1087610062
1088010013
1087702024
1088006077
1088008226
1087603144
1087712073
1087714091
1087715138
1087708133
1088010149
1087713118
1087605250
1087601020
1087902247
1088010078
1087903099
1088010213
1087304150
1088010214
1087910013
1087908069
1088010092
1088001042
1088010161
1088012017
1087906068
1087903240
1088001025
1088012022
1088012060
1088010247
1088010238
1087914111
1088001177
1088001075
1088001111
1088012049
1088001173
1088012007
1088001115
1088013102
1088003030
1088012154
1088013062
1088003121
1088012102
1088001119
1088013219
1088003104
1088003034
1088003186
1088003181
1088003157
1088003045
1088013099
1088013235
1088012248
1088013204
1088005102
1088003086
1088005023
1088003235
1088005076
1088005161
1088003214
1088015168
1088003248
1088013029
1088101173
1088003200
1088001088
1088006176
1088003247
1088005229
1088006025
1088105221
1088005211
1088107134
1088105027
1088007085
1088007007
1088007172
1088107160
1088005124
1088003227
1088107207
1088005188
1088008030
1088007194
1088005178
1088008148
1088007113
1088008029
1088008118
1088008049
1088009002
1088008133
1088008154
1088403147
1088010127
1088404154
1088104241
1088008242
1088405045
1088010015
1088010219
1088010250
1088009166
1088404127
1088010202
1088006008
1088010230
1088012048
1088411074
1088010243
1088012184
1088012226
1088012149
1088012197
1088013054
1088013001
1088013004
1088013220
1088013091
1088013123
1088015087
1088013180
1088015094
1088015108
1088015100
1088010107
1088015116
1088009222
1088015130
1087911020
1088703025
1088015157
1088015153
1088103070
1088015220
1088101148
1088103196
1088015187
1088807203
1088104013
1088103084
1088015143
1088104173
1088015221
1088104074
1088105022
1088107019
1088104234
1088713110
1088015162
1088107228
1088115170
1088115176
1088107233
1088009164
1088202060
1088108135
1089101136
1088105113
1088213149
1088010050
1088205059
1088205174
1088107158
1088205160
1088212149
1089102190
1088307011
1089102051
1088203247
1088401123
1088313048
1088301110
1088310107
1088311184
1088215221
1088306110
1088404132
1088309006
1088402115
1088403218
1088403093
1088404089
1088410132
1088407038
1089104013
1088315134
1088410146
1089104018
1088408184
1088409194
1089104064
1088411031
1088502071
1088413019
1088408027
1088414174
1088416010
1089105073
1088413029
1089105062
1088408226
1088503099
1089105113
1088504237
1089105032
1089105031
1089105041
1088502247
1088506068
1088505174
1089104147
1089105150
1088508069
1088502142
1089104057
1089105117
1089106041
1088410158
1089105166
1088513230
1088511020
1088510214
1089107026
1088514111
1088513083
1089106104
1089107088
1088704042
1089105177
1088701245
1088704178
1088105094
1088709037
1088704237
1089107114
1088714004
1089106145
1088704069
1088514244
1089107208
1088713048
1088505062
1088711187
1089106189
1088708058
1089107177
1089107250
1089107093
1089107174
1089108097
1089108153
1088802163
1088803244
1088808246
1088811060
1089109018
1088815134
1089106037
1089109072
1088811184
1089110051
1089109079
1088715092
1089101045
1089109177
1088902187
1088815190
1088811248
1088809006
1089109194
1089110036
1088910103
1089101129
1088813048
1089101196
1089110155
1089101199
1089111056
1089109136
1089101228
1089101128
1089109221
1089111158
1089111142
1089102160
1089101169
1089102001
1089111080
1089101062
1089103138
1089102174
1089102015
1089111069
1089101020
1089102162
1089103011
1089102064
1089102044
1089103141
1089111170
1089102215
1089112063
1089103212
1089103213
1089111234
1089103153
1089103063
1089113102
1089103166
1089103104
1089112048
1089112049
1089112093
1089103142
1089111216
1089112207
1089103183
1089112168
1089104111
1089104063
1089113232
1089104151
1089111156
1089105079
1089104019
1089105149
1089106148
1089113151
1089106069
1089113004
1089114192
1089103217
1089105127
1089105112
1089114221
1089104042
1089106034
1089105204
1089106107
1089106155
1089114090
1089106184
1089105039
1089106233
1089115002
1089107016
1089105114
1089115026
1089113154
1089106103
1089112199
1089115046
1089107244
1089115080
1089107074
1089107238
1089115071
1089107231
1089106047
1089115224
1089107196
1089115094
1089115132
1089109062
1089108102
1089108117
1089109167
1089116095
1089115149
1089109110
1089114205
1089115162
1089109190
1089115142
1089106112
1089201044
1089111064
1089116182
1089109042
1089110019
1089109233
1089111002
1089111065
1089111096
1089116235
1089201057
1089108008
1089201069
1089116248
1089110105
1089116215
1089111162
1089112102
1089109046
1089112047
1089111225
1089111071
1089110024
1089116063
1089112100
1089201051
1089111011
1089201243
1089113228
1089201235
1089112209
1089201195
1089112177
1089202060
1089201079
1089201234
1089112078
1089201126
1089202078
1089113161
1089113091
1089113030
1089201244
1089202080
1089107227
1089114038
1089202087
1089202126
1089202105
1089202071
1089114058
1089201098
1089202181
1089111082
1089114079
1089113015
1089202208
1089113247
1089113236
1089114145
1089115062
1089115058
1089114233
1089202129
1089203016
1089203214
1089114197
1089202179
1089203026
1089114028
1089116024
1089115150
1089115085
1089115152
1089203227
1089203249
1089203093
1089204001
1089116133
1089202227
1089113239
1089203244
1089116042
1089203104
1089202116
1089115097
1089115099
1089115186
1089201092
1089204082
1089201033
1089203089
1089201041
1089204063
1089203194
1089201065
1089201043
1089116213
1089112147
1089201074
1089204013
1089204161
1089204041
1089205042
1089205031
1089116175
1089201152
1089201038
1089201050
1089204173
1089201121
1089112110
1089205109
1089204241
1089202020
1089205138
1089201221
1089202055
1089205211
1089204121
1089202022
1089202111
1089202118
1089206163
1089202076
1089206010
1089206081
1089202140
1089205249
1089205186
1089202205
1089202219
1089203030
1089202059
1089202130
1089207082
1089206177
1089206031
1089202228
1089207079
1089202152
1089202107
1089202186
1089203103
1089203181
1089207088
1089207090
1089203070
1089206165
1089203098
1089202206
1089204085
1089204111
1089207135
1089206039
1089203215
1089207099
1089203076
1089203219
1089204054
1089207180
1089204176
1089207117
1089204178
1089207240
1089203240
1089204092
1089204232
1089205045
1089207077
1089207176
1089205069
1089204075
1089204181
1089205079
1089207140
1089205146
1089206006
1089207162
1089205122
1089207243
1089205080
1089208165
1089207207
1089206013
1089208047
1089208223
1089206046
1089208151
1089207170
1089206111
1089209016
1089208194
1089209051
1089204171
1089209079
1089205194
1089208102
1089209193
1089207011
1089209129
1089209236
1089206036
1089209151
1089207093
1089207050
1089207092
1089209142
1089209198
1089208200
1089209081
1089205158
1089209123
1089206034
1089209199
1089207056
1089207071
1089210114
1089211064
1089211035
1089207158
1089207080
1089210132
1089207188
1089209212
1089209122
1089210239
1089207049
1089207233
1089109174
1089210135
1089211174
1089211080
1089211176
1089211185
1089207220
1089111192
1089207169
1089207237
1089210049
1089211044
1089207107
1089211098
1089208048
1089208084
1089212088
1089211200
1089207192
1089211188
1089207108
1089211215
1089211074
1089211186
1089208125
1089212220
1089212209
1089212047
1089212179
1089209013
1089212046
1089212129
1089209044
1089212143
1089213089
1089209032
1089213096
1089213036
1089208108
1089213129
1089213117
1089213068
1089209071
1089209089
1089209137
1089209005
1089213023
1089209222
1089208001
1089209067
1089209154
1089213170
1089213127
1089213160
1089213073
1089210012
1089214171
1089213021
1089209190
1089209174
1089213235
1089213152
1089213190
1089210041
1089210050
1089209176
1089210070
1089210044
1089214133
1089209046
1089209205
1089209178
1089213247
1089210086
1089210151
1089214042
1089210149
1089210161
1089215105
1089116221
1089213213
1089216025
1089216080
1089210162
1089210127
1089210205
1089215196
1089210225
1089216223
1089315178
1089210051
1089215177
1089306080
1089210227
1089211011
1089303244
1089216077
1089214237
1089304127
1089210235
1089211109
1089211067
1089211183
1089211068
1089211058
1089215188
1089510140
1089513160
1089210222
1089505086
1089515087
1089404127
1089510112
1089211220
1089210107
1089211092
1089210018
1089211239
1089210158
1089516111
1089515025
1089211016
1089504157
1089212160
1089512209
1089212170
1089212101
1089212135
1089212180
1089212006
1089213003
1089212057
1089601014
1089207191
1089601038
1089601035
1089601043
1089601057
1089601113
1089601069
1089213158
1089213040
1089213161
1089601110
1089212172
1089213049
1089213103
1089601053
1089213238
1089601130
1089212167
1089213163
1089213042
1089601142
1089601134
1089601086
1089212219
1089213205
1089214045
1089601081
1089212188
1089601226
1089602030
1089213231
1089601239
1089213173
1089214069
1089601215
1089214001
1089213178
1089602045
1089214076
1089601155
1089214063
1089213228
1089602088
1089602232
1089601184
1089213244
1089214146
1089602206
1089601246
1089602168
1089603008
1089602072
1089215176
1089215040
1089214128
1089603070
1089603147
1089215215
1089602234
1089214185
1089215049
1089214174
1089603145
1089603183
1089603093
1089603116
1089603028
1089216092
1089216164
1089603198
1089604016
1089214110
1089216191
1089303144
1089603186
1089603225
1089602163
1089603214
1089604060
1089216178
1089216097
1089604151
1089603250
1089604078
1089216122
1089604094
1089315225
1089406054
1089311161
1089603218
1089216049
1089508219
1089604241
1089604175
1089407082
1089415182
1089604099
1089509013
1089604156
1089503135
1089604162
1089308116
1089502239
1089510156
1089605057
1089511165
1089506233
1089604166
1089503219
1089605031
1089604247
1089510114
1089605093
1089512141
1089605019
1089515195
1089604229
1089515106
1089601001
1089604160
1089511068
1089605137
1089514187
1089605149
1089514114
1089605107
1089604248
1089601020
1089601008
1089605132
1089605190
1089606027
1089515054
1089605161
1089605207
1089605114
1089605159
1089601048
1089601090
1089601027
1089601056
1089214150
1089605233
1089601030
1089601087
1089606152
1089606120
1089606182
1089601111
1089601106
1089601119
1089601121
1089606031
1089601212
1089601190
1089601211
1089602076
1089601097
1089602082
1089602087
1089602094
1089601075
1089607003
1089607106
1089607213
1089602152
1089602044
1089607237
1089607187
1089607238
1089602181
1089602097
1089602140
1089608129
1089607161
1089607085
1089603021
1089608053
1089603076
1089607134
1089603088
1089603156
1089603203
1089603213
1089603096
1089602194
1089602052
1089603234
1089602233
1089603215
1089608171
1089604032
1089608152
1089603045
1089603153
1089603227
1089603190
1089608108
1089604096
1089603241
1089604015
1089604121
1089608228
1089608174
1089609087
1089604051
1089609065
1089604141
1089609071
1089604157
1089604069
1089604249
1089604129
1089609038
1089604138
1089609152
1089604148
1089609171
1089604228
1089609222
1089609137
1089604181
1089609206
1089604236
1089601059
1089605033
1089605047
1089605099
1089605041
1089610039
1089605131
1089601061
1089605072
1089605119
1089605194
1089605152
1089610091
1089605095
1089605092
1089610046
1089606012
1089610092
1089610186
1089610194
1089605195
1089610214
1089610050
1089605143
1089605185
1089610021
1089610227
1089609151
1089610250
1089606010
1089606047
1089606148
1089611011
1089605122
1089606059
1089611106
1089611162
1089610213
1089606225
1089610219
1089606159
1089611072
1089606038
1089606032
1089612003
1089610149
1089607048
1089611158
1089611243
1089605158
1089606029
1089607097
1089611080
1089606239
1089611248
1089607080
1089611201
1089606104
1089606169
1089607112
1089612071
1089612048
1089613076
1089612244
1089613170
1089607135
1089607040
1089606106
1089607174
1089611180
1089613122
1089607105
1089607160
1089611202
1089613202
1089613213
1089613133
1089608033
1089607139
1089607049
1089614012
1089613232
1089614079
1089614052
1089607091
1089607138
1089613211
1089608219
1089608015
1089607190
1089608167
1089613099
1089609094
1089614133
1089614167
1089614028
1089609089
1089614122
1089613172
1089609048
1089609106
1089607208
1089613220
1089614055
1089609011
1089614106
1089614225
1089614114
1089614004
1089609135
1089614138
1089609047
1089615009
1089614231
1089609233
1089608049
1089609214
1089608073
1089615036
1089615046
1089610040
1089614244
1089609163
1089610035
1089609185
1089614173
1089608111
1089609138
1089615059
1089609115
1089616021
1089614145
1089610029
1089610014
1089615213
1089615070
1089610031
1089610084
1089615118
1089616077
1089610066
1089610140
1089610067
1089615094
1089616108
1089610212
1089616106
1089616016
1089616117
1089610080
1089611071
1089611067
1089605147
1089611156
1089610238
1089611211
1089612025
1089611113
1089615206
1089610009
1089611141
1089701074
1089701005
1089611115
1089616247
1089616164
1089612053
1089612129
1089611232
1089701167
1089701061
1089612161
1089701086
1089701196
1089612072
1089701128
1089612013
1089612110
1089612065
1089611194
1089613111
1089701226
1089702020
1089701113
1089611089
1089613023
1089613040
1089613130
1089613003
1089702024
1089701239
1089612230
1089613008
1089702043
1089701195
1089702102
1089614076
1089701244
1089702127
1089613186
1089702062
1089614094
1089701212
1089614026
1089702167
1089613010
1089613174
1089614034
1089613234
1089703064
1089614152
1089613215
1089614080
1089614128
1089613235
1089614148
1089703011
1089614222
1089702245
1089702144
1089614174
1089702215
1089703073
1089703045
1089614117
1089614144
1089703091
1089703093
1089703086
1089614238
1089615041
1089615087
1089614211
1089615028
1089704097
1089703156
1089704063
1089615088
1089615152
1089703234
1089615112
1089703112
1089704094
1089616024
1089703144
1089704144
1089704041
1089704120
1089614247
1089615095
1089616092
1089616075
1089704103
1089616134
1089704175
1089616014
1089704179
1089616026
1089616149
1089616194
1089616091
1089614242
1089616239
1089616231
1089616010
1089705011
1089705055
1089705114
1089616110
1089704246
1089701011
1089616235
1089705077
1089704181
1089705020
1089616137
1089705084
1089615193
1089705090
1089701075
1089701020
1089705119
1089616199
1089705046
1089701066
1089705130
1089701077
1089701168
1089701171
1089701208
1089701035
1089705222
1089701076
1089701104
1089701169
1089705159
1089616232
1089701050
1089701246
1089705208
1089705146
1089706018
1089701211
1089702036
1089705238
1089706248
1089701177
1089706110
1089702082
1089706225
1089701030
1089707041
1089705198
1089701221
1089702152
1089707093
1089707099
1089702076
1089701233
1089707135
1089707162
1089702055
1089702140
1089702165
1089707169
1089703030
1089707131
1089702233
1089707038
1089703058
1089703028
1089707208
1089702198
1089614132
1089703025
1089703021
1089703140
1089702219
1089707214
1089703138
1089703085
1089707240
1089703124
1089707191
1089708219
1089703203
1089703111
1089704015
1089708151
1089709024
1089703147
1089707244
1089704076
1089709052
1089703229
1089704026
1089709094
1089708217
1089704099
1089704074
1089703212
1089704129
1089709073
1089703225
1089709165
1089703241
1089709127
1089709173
1089704171
1089709147
1089704138
1089709207
1089709110
1089704235
1089704166
1089710024
1089710137
1089704155
1089710081
1089709233
1089710086
1089710091
1089704236
1089710135
1089705053
1089705014
1089705060
1089705094
1089710111
1089710146
1089710154
1089710160
1089710139
1089709198
1089710214
1089704151
1089710205
1089711060
1089710194
1089705022
1089704242
1089701131
1089705122
1089704156
1089705118
1089705071
1089705131
1089710093
1089705145
1089711069
1089711084
1089711094
1089705151
1089711127
1089711071
1089710212
1089705199
1089711089
1089711162
1089705171
1089711158
1089705241
1089711124
1089705125
1089710238
1089706014
1089711165
1089705193
1089701033
1089706047
1089711179
1089711184
1089706054
1089706052
1089705134
1089711232
1089711195
1089706153
1089706111
1089711200
1089711216
1089712082
1089712007
1089706031
1089706091
1089712226
1089706104
1089712135
1089712110
1089712233
1089713094
1089707013
1089711173
1089706141
1089713065
1089707138
1089713076
1089707085
1089707110
1089707109
1089713144
1089707137
1089713161
1089707056
1089707155
1089713189
1089713168
1089707181
1089707112
1089713112
1089707205
1089713193
1089707174
1089713217
1089708094
1089713131
1089713247
1089713228
1089713232
1089712025
1089707159
1089709075
1089714036
1089709001
1089708172
1089714051
1089708082
1089713242
1089713014
1089708240
1089709081
1089714058
1089705010
1089714060
1089709152
1089714122
1089714116
1089709176
1089714076
1089709048
1089714091
1089709155
1089714078
1089714207
1089709138
1089710016
1089714073
1089707212
1089709200
1089710021
1089710003
1089713089
1089714185
1089710035
1089714150
1089714198
1089714094
1089715009
1089714157
1089710008
1089714211
1089714186
1089715029
1089710085
1089710055
1089715025
1089715073
1089715077
1089710066
1089714242
1089710124
1089713007
1089715114
1089715138
1089713062
1089710080
1089715170
1089715121
1089709210
1089715100
1089714106
1089715144
1089711067
1089712101
1089715187
1089715193
1089716021
1089714167
1089715176
1089714138
1089715098
1089711005
1089802108
1089714111
1089716013
1089709185
1089715094
1089715200
1089714160
1089715220
1089714173
1089716056
1089715151
1089716110
1089809025
1089716072
1089716122
1089804111
1089809145
1089809195
1089715039
1089808068
1089809147
1089716065
1089803198
1089716207
1089809197
1089706169
1089809200
1089716135
1089809072
1089716231
1089812077
1089812006
1089813058
1089811005
1089813057
1089811113
1089811109
1089716232
1089716178
1089813229
1089815152
1089716095
1089801072
1089812134
1089813202
1089813232
1089815190
1089816243
1089801078
1089801165
1089713186
1089801023
1089707145
1089904007
1089801055
1089903125
1089801045
1089901159
1089802094
1089914110
1089801168
1089802082
1089815105
1089802058
1089815193
1089904083
1090103096
1090101155
1089803147
1090008116
1089802191
1089802196
1089803145
1089911008
1090003244
1090003144
1089804151
1089905107
1089801238
1090103153
1089805048
1090109163
1089816185
1089804012
1090110139
1089805064
1090104084
1090112086
1089805073
1089803172
1089804241
1090113030
1089807029
1089806238
1096802176
1090209014
1090215087
1096801139
1090201047
1089807092
1096801040
1089715040
1090107213
1096803052
1089807062
1089803021
1089715092
1090206221
1089807017
1089806223
1089807026
1089807158
1096805031
1089807238
1089808087
1096804083
1089807198
1096804134
1089807097
1096802024
1096805211
1096805195
1096805067
1089808075
1089809241
1089809097
1096805146
1089808015
1089811174
1096807179
1096803147
1089811250
1089811142
1089812230
1089812129
1096806033
1096807080
1089812180
1089813213
1096808229
1089814238
1096805172
1089811020
1096808245
1089815061
1096807238
1089815221
1096809205
1096809124
1089716230
1096805236
1089815206
1089816221
1096809199
1089816164
1089816194
1096810137
1096810195
1096809062
1096809231
1096811052
1096813042
1096809214
1089912248
1096810013
1089816224
1089905140
1096813008
1089816124
1096812092
1096809195
1089907105
1090107112
1096814026
1096814112
1090015225
1090102144
1089916070
1096810079
1089813196
1096814198
1090015162
1096815029
1096814011
1096801114
1096814234
1090209166
1096815081
1096813046
1096815073
1096801173
1090104169
1089916224
1096802127
1096804126
1096816028
1096814219
1096805070
1096801014
1096801001
1096813073
1096816185
1096816134
1096804009
1096816174
1096805193
1096816019
1096805046
1097003212
1096813131
1096805177
1096804236
1097003099
1096805100
1096807134
1096805237
1096804133
1097014219
1096807113
1096805208
1096808181
1096806103
1096816230
1096806162
1097202043
1097307104
1097009085
1096807223
1097011161
1097104171
1097303135
1096811005
1096809011
1096809141
1096807038
1097303008
1096810107
1096813160
1097401110
1089905007
1096810140
1096812246
1096805231
1097402043
1097401191
1096808242
1096814192
1096816012
1097401032
1097308165
1097401078
1097401215
1096816137
1096807035
1096814106
1097401190
1097402088
1096815195
1097403025
1097404168
1096813097
1097402139
1097402055
1097003248
1097404076
1097009075
1096814173
1097301226
1097406080
1096815003
1097405020
1097404057
1089814080
1096816144
1097303196
1097104007
1097405064
1097404154
1097405103
1097401034
1096816239
1096813051
1097310224
1097406217
1097406155
1097404012
1097407003
1097403240
1097402091
1097407213
1097409178
1097402070
1097401056
1097408202
1097411142
1097412168
1097403181
1097405090
1097407066
1097304235
1097411158
1097406025
1097411046
1097404113
1097402014
1097416102
1097406188
1097413046
1097415148
1097401247
1097415034
1097404122
1097416033
1097405042
1097407139
1097402195
1097408004
1097501030
1097416144
1097407011
1097407034
1097414100
1097407216
1097404148
1097411247
1097501090
1097501031
1097412141
1097407112
1097408042
1097409191
1097501221
1097412025
1097415073
1097414167
1097501032
1097416060
1097501142
1097501069
1097504001
1097501169
1097502088
1097501140
1097501040
1097502082
1097504144
1097504229
1097412196
1097501075
1097506234
1097416230
1097502198
1097501115
1097504177
1097501016
1097504047
1097416240
1097501121
1097504149
1097501247
1097504023
1097504055
1097504159
1097504070
1097505103
1097510222
1097504129
1097504085
1097504054
1097505211
1097514116
1097504076
1097510231
1097513174
1097512003
1097505011
1097504236
1097512026
1097514226
1097514148
1097515200
1097510042
1097502044
1098004123
1097907213
1097506208
1097505218
1097510109
1097505147
1097512150
1097505055
1097506033
1098010135
1097510037
1097516097
1097510130
1097504153
1097514113
1097510230
1097512208
1097510244
1098004153
1097514123
1097512065
1097510196
1097510035
1098104064
1097514157
1097510112
1098410070
1097512111
1097512239
1097514128
1098405179
1097510187
1097514219
1097904232
1097514149
1097514185
1097612220
1097807082
1097914053
1098413048
1097516063
1098413198
1097916102
1097913042
1098515080
1097905096
1098513180
1097516042
1097515103
1098509183
1098002045
1098516072
1097909142
1098003029
1098001032
1098002195
1098002222
1098001198
1098511132
1098514192
1098004076
1098003086
1098004053
1098003099
1098003194
1098910039
1098003080
1098909006
1098010080
1098003008
1098004047
1098010137
1099003248
1099003212
1098001021
1098014011
1098011121
1098004082
1098011020
1099401021
1098014173
1098101085
1098014046
1098211174
1098016248
1098110187
1098101213
1098205232
1098110046
1098113058
1098402150
1099403085
1099402081
1098403008
1099404083
1099404126
1098403003
1098401037
1098404057
1098401211
1098403247
1098403127
1098406110
1098405017
1099404243
1098403238
1098406183
1098406182
1098407062
1098405020
1098406037
1099405022
1098404074
1098408181
1098409116
1098405249
1098010051
1098404083
1098407218
1098010086
1098414104
1098408131
1099409159
1098414113
1098410250
1099409183
1098501090
1098501168
1098414152
1098501011
1098414036
1098502140
1099412057
1099412076
1098502166
1098504127
1099415200
1099413099
1098414231
1099413062
1098505118
1099414045
1099415029
1099414033
1098504138
1099412015
1098509024
1098103006
1099416189
1099501069
1098502108
1098515095
1098506162
1098511058
1099416174
1098516089
1098503227
1098505099
1098514112
1099414060
1098514063
1099503250
1098516096
1098807246
1098516176
1098901173
1098909052
1098801038
1099502208
1099502091
1098716185
1098903231
1099504053
1098908208
1099512170
1098914058
1099015062
1099003007
1099011161
1099504147
1099506155
1098511234
1099313059
1099507070
1099105195
1098910160
1099009085
1099512135
1099511238
1099512123
1099511184
1099514177
1099516065
1099504169
1099401054
1099515206
1099514229
1099401087
1099205246
1099515035
1099401051
1099401208
1099516162
1099401111
1099401204
1099702087
1099401175
1099604060
1099602196
1099704109
1099403198
1099705043
1099709102
1099401230
1098404085
1099704165
1099403206
1099016059
1099709196
1099711045
1099404144
1099404147
1099403003
1099713202
1099404091
1099902233
1100001233
1099807194
1099903112
1099404241
1099903018
1099714145
1099404233
1099405147
1099407007
1099405030
1100213174
1100315092
1100302179
1098408022
1100216105
1100303203
1099702194
1099407038
1099405153
1099405138
1099706108
1099403006
1100402210
1100315121
1100401033
1100205042
1099712239
1099409046
1100209075
1099408036
1099408131
1100316162
1100405195
1099409006
1099409071
1100701049
1100404132
1099408212
1099412088
1099407234
1099416126
1100605246
1099407197
1100702116
1099409064
1099416074
1100702009
1100604242
1100412026
1100703030
1100702130
1100703094
1099416080
1099502051
1099501184
1100702147
1100704064
1100704079
1100704078
1100704015
1099412007
1100701112
1099501194
1099501106
1099501198
1099501211
1099502109
1100704054
1099505036
1099504075
1099502125
1099503135
1099506122
1100703218
1100703211
1099504087
1100707159
1100704167
1099416233
1099502202
1100704091
1100706162
1099507218
1100704100
1100705107
1099516049
1100708049
1099511234
1099515121
1099514020
1100706020
1099514045
1100707112
1100708048
1099702070
1100706014
1099602234
1099701174
1100709205
1100708073
1099708093
1100710234
1099710212
1100710039
1100709137
1100708243
1099516248
1099708245
1099714061
1100710082
1100703241
1100711215
1100709039
1100710170
1100213227
1100710103
1099803094
1100711074
1100711072
1100711220
1099708036
1099709203
1099912169
1100206136
1099804051
1099907159
1100301228
1099710029
1100301220
1100715078
1100712150
1100713064
1100710250
1100713160
1100815034
1100601240
1099402208
1100713213
1099713179
1099716213
1100715015
1100916162
1100607112
1100310058
1100301155
1100913126
1100610099
1100903139
1100711235
1100307121
1101105075
1101101135
1101110149
1100916234
1100402208
1100702088
1100903203
1100305208
1099714136
1101105178
1100701011
1100610157
1101202244
1101115139
1101206202
1101201196
1100703195
1100701001
1100704152
1100702197
1100703250
1101207026
1100705208
1101215073
1101207017
1100001148
1101213117
1101207172
1100707224
1101214075
1100706225
1101206155
1100707190
1100705034
1101107232
1101302043
1100707060
1100705119
1101207127
1100709006
1101302102
1101501023
1100714041
1101302195
1100709075
1101501001
1100704227
1100715121
1101502045
1101501078
1100714198
1101416138
1101502087
1100712063
1101503114
1100715003
1100710158
1101501123
1101502039
1101501229
1101502001
1101504023
1101502178
1100805042
1100901155
1101501031
1100710139
1101504013
1101503240
1101504078
1100903177
1101504147
1101504047
1101505142
1101502153
1100902179
1101504233
1100915121
1101504082
1100715114
1100708179
1100903176
1100904242
1100904249
1101505073
1101103005
1101508073
1100710097
1100905118
1101506081
1101505126
1101508162
1101509167
1101510037
1101202108
1101506162
1101507197
1101504122
1100715059
1101509137
1101205183
1100715071
1101115039
1100914171
1101514150
1101506248
1100907172
1100910058
1101105241
1101511122
1101514132
1101510039
1101206020
1101205047
1101515106
1101511120
1101205147
1101508222
1101511243
1101215215
1101206071
1101810213
1101514229
1101210056
1101204070
1101510050
1102106048
1101216023
1101207140
1101804051
1101216188
1109001155
1101515187
1109001119
1101303179
1101201230
1101510111
1101501231
1101501013
1101502070
1101514188
1101706036
1101502179
1109003112
1101802111
1101803244
1101501098
1101502244
1101502171
1109003029
1109002168
1101416214
1101502142
1100702243
1109004126
1109004051
1109007049
1101502095
1109006233
1101503244
1101504155
1101503203
1109001031
1109007205
1109005158
1101505070
1101504099
1101504070
1109013021
1109010012
1109003240
1109010029
1109011101
1109014246
1101505079
1101502150
1109011158
1109103002
1109116227
1109110107
1109009121
1101505215
1101505197
1109109167
1109202208
1101507164
1100803080
1109201173
1101507216
1101508021
1101510021
1109209017
1109209170
1109213161
1109210003
1109208118
1101509205
1109204132
1109205027
1101505071
1101509207
1109302020
1101508052
1109302092
1101508178
1109301065
1101514096
1101114247
1109304167
1101508219
1101509236
1109301137
1101510132
1109304106
1101514072
1109304151
1101802150
1109315111
1109312233
1101514199
1101510044
1101510227
1101803158
1101515145
1101706217
1101515101
1109315138
1101511060
1109310243
1109209200
1109315196
1109402111
1102004100
1102015198
1109402020
1109005228
1101912143
1101905232
1109408135
1109005013
1101803181
1101812248
1109007097
1109507134
1109507038
1101510220
1109008100
1109405241
1109009115
1109504181
1109415025
1101405033
1109005229
1109509122
1109007246
1109011082
1109012037
1109008167
1109015147
1109015046
1109513040
1109015118
1109509142
1109512080
1109110003
1109014126
1109602009
1109601148
1109011247
1109515207
1109101042
1109701098
1109514133
1109516021
1109201048
1109514173
1109003239
1109107214
1109215097
1109103009
1109302111
1109610142
1109115208
1109302147
1109610076
1109015038
1109011179
1109305246
1109701020
1109315194
1109607190
1109205095
1109301111
1109309011
1109702160
1109212167
1109203084
1109602237
1109501217
1109702111
1109702165
1109306096
1109413078
1109702039
1109702116
1109307237
1109309065
1109404069
1109504051
1109513151
1109414045
1109506250
1109616232
1109703013
1109013169
1109516148
1109702141
1109703033
1109701053
1109704127
1109703175
1109606114
1109607105
1109703063
1109512240
1109701203
1109704099
1109702213
1109703233
1109703101
1109702005
1109704241
1109510123
1109705023
1109703124
1109704168
1109705117
1109708073
1109705206
1109215201
1109705150
1109708017
1109511020
1109709198
1109710112
1109707073
1109705094
1109707114
1109705130
1109707100
1109704246
1109705188
1109703206
1109714048
1109702203
1109713058
1109802097
1109705241
1109707131
1109705238
1109714196
1109707159
1109705152
1109816179
1109708246
1109716096
1109707234
1109816235
1109706131
1109807117
1109708178
1109705208
1109909200
1109708202
1109710155
1109708020
1109710051
1109710049
1110009157
1109709122
1109710039
1109710140
1109714100
1109710231
1109710125
1109710159
1109716129
1109710115
1109710162
1109711089
1109712007
1109711158
1109711216
1109713031
1109710247
1109712125
1110010230
1109710173
1109711034
1109710029
1110203176
1109701140
1110201018
1109714001
1109712015
1109711132
1109704055
1109714052
1109712215
1109510142
1109715017
1109712204
1109715186
1109716112
1109714188
1109715116
1110310161
1109714206
1109801083
1109716082
1110307090
1109803111
1109716117
1109801202
1109513154
1109716235
1109803140
1109713084
1109802116
1110406114
1110401107
1109803215
1109803165
1109810095
1109810025
1109807107
1109815193
1109810134
1109810105
1109814051
1109816140
1109816006
1109816113
1109902058
1110503159
1110503149
1109901048
1109710238
1109816215
1110615182
1109902091
1110510056
1109902208
1109910076
1109909017
1109903084
1110710161
1109905095
1109911177
1109913161
1109908118
1110709151
1109913174
1109915097
1110004103
1109814107
1109914154
1110801020
1110002153
1110711002
1109714133
1110712172
1110013099
1110006180
1110010096
1110014174
1110002138
1110015039
1110015023
1110104151
1110107195
1110105250
1110801145
1109714104
1110108136
1110107007
1110102150
1109801158
1110116246
1110801215
1110116072
1110108195
1110802088
1110115041
1110206141
1110112229
1110210084
1110213102
1110209207
1110207077
1110304071
1110210015
1110103182
1110308153
1110802160
1110109015
1110214250
1110205241
1110208240
1110207049
1110216164
1110310007
1110311237
1110311002
1110308181
1110105043
1110311194
1110214218
1110407162
1110402237
1110410076
1110308008
1110309151
1110402009
1110416232
1110513095
1110410142
1110502141
1110407105
1110502135
1110507192
1110310185
1110312172
1109910003
1110803165
1110503014
1110404150
1110401148
1110601041
1110703225
1110513180
1110615058
1110704071
1110602195
1110611087
1110507160
1110804032
1110609203
1110708008
1110605147
1110711237
1110708181
1110804055
1110804016
1110708209
1110411076
1110708153
1110801043
1110801025
1110801045
1110804150
1110801031
1110801053
1110801018
1110801055
1110801061
1110801033
1110801082
1110711194
1110804246
1110801198
1110801048
1110801085
1110801250
1110801146
1110802070
1110802105
1110801088
1110802066
1110802092
1110802027
1110801095
1110801077
1110802059
1110802143
1110802056
1110802124
1110802165
1110802078
1110802187
1110802174
1110805011
1110802190
1110806052
1110803025
1110802228
1110803070
1110803006
1110803056
1110802167
1110806120
1110802208
1110803001
1110803090
1110803011
1110802039
1110803104
1110803048
1110803093
1110806107
1110803159
1110803098
1110803175
1110803076
1110802191
1110803081
1110803096
1110803156
1110803166
1110803172
1110803152
1110808069
1110807217
1110803210
1110803114
1110806209
1110803214
1110803198
1110803211
1110803191
1110803141
1110803183
1110804070
1110803182
1110803225
1110808015
1110807241
1110807234
1110804071
1110809121
1110804092
1110803234
1110804085
1110804013
1110804132
1110804103
1110803238
1110804012
1110804121
1110803219
1110804109
1110804174
1110804235
1110804185
1110804234
1110804236
1110805017
1110804229
1110804237
1110804169
1110804168
1110804129
1110810105
1110804075
1110805024
1110805003
1110805103
1110805059
1110805163
1110805091
1110805073
1110805021
1110805144
1110805069
1110805052
1110805062
1110805237
1110805053
1110805242
1110805235
1110805206
1110811172
1110806091
1110811164
1110806103
1110806102
1110806062
1110806174
1110806238
1110805158
1110806223
1110806172
1110807090
1110807089
1110806122
1110807158
1110807086
1110812157
1110807225
1110811234
1110807228
1110811202
1110807223
1110808046
1110808141
1110808169
1110808058
1110808181
1110807181
1110812177
1110809027
1110809073
1110814065
1110808148
1110809096
1110808192
1110809104
1110808217
1110809012
1110808173
1110813112
1110809061
1110809041
1110809195
1110809198
1110809200
1110809164
1110809133
1110810011
1110810008
1110810036
1110809170
1110810010
1110810081
1110809129
1110815014
1110804176
1110809225
1110810082
1110810046
1110810112
1110806047
1110810219
1110810090
1110810196
1110810009
1110810089
1110815054
1110810174
1110810214
1110810243
1110815062
1110810044
1110815072
1110810220
1110810222
1110811052
1110811045
1110811011
1110811076
1110810156
1110811120
1110811001
1110811132
1110810231
1110811012
1110811177
1110811079
1110811156
1110810230
1110815215
1110812004
1110811191
1110811247
1110815147
1110811185
1110811192
1110811169
1110812077
1110812129
1110812056
1110812055
1110815197
1110816080
1110812164
1110812101
1110812196
1110816044
1110812170
1110813004
1110812207
1110812230
1110812136
1110813023
1110812241
1110813111
1110816218
1110813126
1110813238
1110813160
1110813235
1110811235
1110812184
1110813161
1110814043
1110814067
1110814004
1110814008
1110814087
1110814140
1110814107
1110814105
1110813179
1110814069
1110812183
1110814149
1110814218
1110814239
1111005244
1110814094
1110814208
1110814117
1110814093
1111008058
1110814019
1110815025
1110815001
1110815009
1110815023
1110815010
1110815003
1110815038
1110815037
1110815044
1110815045
1110815046
1110814116
1110815094
1110815049
1110815118
1110815048
1110815071
1110815138
1110815139
1110815178
1110815196
1111014221
1110815188
1110815143
1110815144
1110815206
1111016188
1111009229
1110816021
1110815145
1110815142
1110816063
1111111122
1111203094
1111202027
1110816006
1110816059
1110816107
1110815149
1111212246
1110815070
1110816074
1110816088
1110816020
1110816032
1110816112
1110816033
1110816129
1111213172
1111213163
1110816117
1110816102
1110816122
1110816060
1111206076
1110816097
1111214058
1111202088
1110816149
1111213229
1110816224
1111211084
1110816234
1110816126
1111301001
1111213161
1110816232
1110816231
1111303053
1111310141
1111402094
1110816176
1111216019
1111403249
1110816164
1110816244
1111206169
1110816207
1111404240
1111302066
1110907235
1110816233
1110816247
1110904051
1111405078
1111410049
1110904056
1111312246
1110903084
1111405175
1110816175
1111410086
1111315147
1110903021
1110913132
1110910112
1111413043
1111405060
1111411205
1111403056
1111413248
1110910163
1110915008
1111413072
1111410114
1111007217
1111003250
1110816225
1110916231
1111009190
1111007238
1110908057
1111002047
1111605245
1111603006
1111605096
1111603153
1111607153
1111008162
1111604099
1111007139
1111007151
1111615215
1111009147
1111416016
1110814090
1111009149
1111008226
1111608042
1111605001
1111704180
1111008243
1111103235
1111701221
1111707058
1111606245
1111116111
1111016124
1111012093
1111104133
1111616119
1111010151
1111703042
1111111164
1111103200
1111616043
1111104076
1111206188
1111107139
1111110185
1111707145
1111203250
1111701245
1111705077
1111011120
1111708043
1111207208
1111712207
1111209011
1111205099
1111201221
1111710244
1111605005
1111203031
1111206223
1111215029
1111014085
1111206245
1111801155
1111716013
1111801076
1111801061
1111207066
1111108020
1111803080
1111015077
1111213235
1111803109
1111204082
1111211071
1111301221
1111803124
1111401011
1111315121
1111314136
1111804023
1111304084
1111806127
1111213033
1111610036
1111811246
1111804053
1111610159
1111216239
1111801168
1111804243
1111806110
1111808174
1111616042
1111812103
1111304091
1111608096
1111611061
1111809174
1111209236
1111702085
1111901113
1111910043
1111813168
1111705085
1111711205
1111712044
1111708168
1111910213
1111816070
1111707195
1111712182
1111708021
1111912226
1111704122
1111710144
1111816228
1111316009
1111803125
1111713033
1111715097
1111710245
1112407161
1111616041
1111803111
1111812108
1111907193
1111913226
1111803226
1111713248
1111816039
1112801001
1111808111
1111911044
1112802153
1112415071
1111715197
1111803014
1112803191
1111809221
1112803116
1111812101
1112811046
1112814245
1112808090
1112810025
1111901239
1111814055
1112810137
1111804179
1112902103
1111811248
1112815061
1111905137
1111808049
1112808200
1111913151
1111811187
1111811209
1111804242
1112816070
1112804083
1111813130
1111913169
1112911141
1112911144
1113003242
1111913038
1112404109
1113005193
1112401019
1111904071
1112816012
1112802027
1113010049
1112903125
1111815147
1111808126
1113010036
1112802080
1113010219
1112415177
1111903031
1113016032
1112808126
1112804236
1112810161
1112808181
1112803217
1113014100
1113006094
1112805013
1113007013
1112814028
1113102141
1112805221
1113103013
1112903033
1113010056
1113107231
1113116246
1112914113
1112803053
1113013003
1112811179
1113003030
1112804148
1113109045
1112915062
1112810114
1113016063
1113107151
1113004054
1113103063
1113005141
1113011225
1113104089
1113312228
1113102111
1113114100
1113403194
1113015049
1113014063
1113314133
1113102047
1113404171
1113403097
1113015029
1113116149
1113107121
1113105235
1113403103
1113402116
1113102139
1113408217
1113405105
1113305052
1113408020
1113304138
1113415095
1113409158
1113414080
1113401158
1113407117
1113403109
1113411194
1113411215
1113411002
1113403031
1113303051
1113315178
1113107118
1113411080
1113504156
1113403203
1113401110
1113404071
1113409080
1113403198
1113505163
1113415079
1113509104
1113405165
1113408015
1113005117
1113407073
1113513156
1113415193
1113405070
1113510037
1113514186
1113508168
1113405159
1113611248
1113512086
1113611187
1113413099
1113612147
1113514244
1113512131
1113607190
1113515131
1113601017
1113405062
1113408229
1113515072
1113515200
1113604231
1113605064
1113608248
1113703031
1113703001
1113512183
1113716016
1113409183
1113504026
1113711059
1113615132
1113705237
1113712226
1113606205
1113812127
1113610196
1113813220
1113803214
1113703037
1113806068
1113611195
1113810134
1113810050
1113811141
1113815039
1113815079
1113702001
1116903045
1116904108
1113813242
1113809006
1113613029
1113609017
1113613208
1116907192
1113609233
1113715044
1113615225
1113608053
1116913095
1116814234
1113613078
1113606012
1116909073
1116903149
1116908039
1116914104
1113802230
1116913180
1113709214
1116916240
1113802078
1117005190
1117009080
1113709088
1117014060
1116916060
1117101118
1117102058
1117112077
1116910092
1117007160
1113803225
1113804237
1117116023
1117107011
1113803002
1117008148
1113803127
1113713095
1113705166
1117904169
1117006185
1113804132
1117903153
1117009185
1117114061
1113803244
1117901155
1116811069
1117909236
1117907067
1117906231
1113808008
1117910076
1113815192
1117114218
1120012143
1120002202
1116814207
1120012068
1116803021
1116815079
1117904132
1113815040
1117909163
1120002030
1116907160
1116910238
1113403142
1120004147
1120013202
1120013019
1120014217
1120105230
1120013205
1116915038
1116914219
1116914036
1120014046
1120012122
1120110150
1120104100
1116903159
1117007011
1120105241
1117008080
1120007145
1117008152
1120208177
1116904168
1116912133
1117009134
1120112228
1120015130
1120111098
1120109198
1117015195
1120104076
1117007168
1120304152
1117007192
1117010007
1120308001
1117016049
1120115025
1117101173
1120308141
1120311209
1117105245
1117111228
1120214031
1120308036
1117101246
1120309079
1117016103
1120205132
1116906185
1123303142
1120302097
1117115194
1117010231
1117902065
1120212170
1123301032
1120309134
1123301053
1117903096
1117901221
1123302144
1123302164
1123301076
1120314182
1123302056
1113702047
1120002109
1123304045
1117903101
1123303159
1123306210
1113705186
1123304089
1117115225
1120004184
1123306094
1120001065
1120001210
1123305235
1123305007
1123304013
1117913072
1120003116
1117113163
1120005060
1123305167
1117903163
1120009149
1123308160
1123307148
1120008126
1123307017
1120008013
1123310066
1120011089
1123311082
1123310162
1123310146
1120012093
1117907213
1120101051
1120103016
1123312019
1120104015
1120110160
1123313147
1123404099
1123315112
1120015094
1120111159
1120103025
1123405005
1123311205
1120104103
1123403006
1123313009
1120201095
1123405096
1123308009
1120109220
1123313076
1120202020
1120115101
1120114195
1120113040
1123405245
1123410159
1120208100
1120105023
1123416042
1120115186
1120215077
1123407153
1123803084
1120210207
1120307025
1123410036
1120305078
1120303025
1123805050
1120304078
1123814205
1120312147
1120314133
1120307003
1123804136
1120301032
1123416119
1120113021
1123303213
1123816095
1123302230
1123902203
1120313099
1123804240
1123901250
1123903049
1123902108
1123302015
1123808076
1120301177
1123304116
1123902111
1123909158
1120112235
1123903141
1123916174
1123303235
1123905220
1123908203
1123914090
1123304015
1123902169
1123909209
1123303248
1123907128
1124002108
1123304133
1123909243
1123304153
1123910058
1123913099
1120313238
1123305188
1123305086
1123304147
1123309155
1123306076
1123914041
1123306229
1123308226
1124203227
1123305013
1123310026
1124202127
1123310010
1123308039
1124203138
1124203186
1123310123
1123312119
1123312220
1123311201
1123311169
1124211005
1124204147
1124205150
1124210066
1123311034
1123312162
1123311126
1123312029
1124210227
1123315145
1123310250
1124005217
1123315148
1124215002
1123408096
1124216065
1123405053
1123315187
1124212124
1123316092
1123404010
1123803097
1124405246
1124213027
1124216246
1124212035
1123411061
1124210130
1123406245
1123313081
1124216234
1124209116
1123809131
1123808060
1124407231
1120001134
1123416041
1123803149
1124403012
1123809165
1124412110
1123416043
1124412009
1124408108
1123901075
1124414169
1123902168
1123805243
1124216225
1120014213
1123901034
1124415108
1124407208
1123901061
1124605179
1124609048
1124601155
1123903240
1123904133
1124616215
1123905246
1124613179
1124701136
1124413161
1123810173
1123910068
1123903247
1124612013
1124701202
1123904249
1123908123
1123904181
1124708094
1123908058
1124802030
1123911183
1123808126
1124802097
1123911059
1123913123
1123902199
1123913145
1123908162
1124712013
1124803196
1123914207
1123912183
1123914031
1123916249
1124814004
1124809200
1124901018
1124812017
1123912234
1124814083
1124803053
1123915208
1123914136
1124001086
1123916004
1124015051
1124203002
1124203031
1124902130
1124203233
1124008242
1124203001
1124901221
1124204054
1124907100
1124904055
1124205036
1123914072
1124208010
1124205232
1124207060
1124908029
1124907203
1124016092
1124907049
1124213031
1124211085
1124903149
1124815220
1124209046
1124209231
1124905020
1124205203
1124215139
1124909045
1124904129
1124904234
1124215193
1124216243
1124405152
1124211069
1124909129
1124213102
1124910086
1124204023
1124203116
1124407201
1124908243
1124601008
1124914026
1124402194
1124410247
1124911097
1124607169
1124414053
1124412196
1124604236
1124914151
1124412228
1124913065
1124609039
1124614187
1124602073
1124608094
1124701146
1124613033
1124413238
1124610015
1124703195
1124713107
1125101247
1125103039
1124611231
1124716240
1124916012
1124707090
1125102081
1124709045
1125101198
1124808061
1124805188
1124709097
1124812182
1124711072
1124808019
1124809039
1125105037
1124816077
1125105029
1124815026
1125103213
1125108210
1124810011
1124814140
1125108243
1125109065
1125104078
1125113031
1124814128
1125108223
1124903030
1124901020
1124910224
1125101060
1124902199
1124608207
1124901150
1124904227
1124816225
1124904174
1124902190
1124904056
1124904019
1125114063
1125201141
1125114096
1125114193
1124905128
1124905186
1124905194
1125114229
1124907080
1125203225
1125208202
1124909121
1124907243
1125210003
1124909202
1125205022
1124910011
1125211006
1124910194
1124908010
1125216189
1125212111
1124909011
1124901114
1125115049
1124908064
1125215167
1124910040
1124910250
1124903139
1124911157
1124910080
1125302220
1124912057
1124911098
1124913176
1125309144
1124912092
1125307029
1124905240
1125212017
1125005029
1125310056
1125312041
1124911006
1124915118
1125308100
1125315001
1125012126
1125315055
1124915148
1125010244
1127101221
1124914056
1125315152
1127101184
1125101192
1127102047
1125101178
1125101126
1125102127
1125101036
1124916243
1125102197
1127103075
1125103088
1124907214
1125103112
1124202233
1127105200
1125103242
1127105074
1124903056
1127105064
1127105148
1125105245
1125104084
1125315114
1125104085
1127108053
1127108042
1127105113
1125108036
1127103151
1125108226
1127108060
1125105041
1127103088
1125113248
1127111052
1127106070
1125109058
1127106073
1127108108
1127108230
1127108115
1127108082
1127109058
1125110135
1125202187
1125114006
1125110154
1127115087
1127111031
1127106039
1125201038
1125110006
1125114085
1125212073
1127113229
1127202211
1127111072
1125210140
1124915100
1127202130
1125204157
1125208120
1125209201
1125215044
1127202210
1125214027
1127203217
1125212127
1127203029
1127205246
1125214091
1125216162
1125203037
1127113097
1127212130
1125215106
1127203213
1127211183
1127210140
1125212167
1127212183
1127203218
1125303030
1127212071
1127302174
1125302108
1127209153
1125309147
1125301001
1127303027
1127213162
1125303200
1125308008
1127304110
1127302198
1125309143
1125314045
1127302091
1124914205
1127214140
1125314195
1127305217
1127101243
1127301217
1125308229
1125305138
1127306062
1124907194
1125315148
1127304100
1127303239
1127216091
1127305231
1127101018
1127106040
1127309130
1127310140
1127103039
1127306220
1127105034
1124914197
1127307079
1127105199
1127307230
1127309040
1127309097
1127103233
1127308125
1125307169
1127105207
1127109231
1127105149
1127101250
1127308165
1127311128
1127108093
1127313064
1127109130
1127108167
1127109096
1127114182
1127201126
1127313208
1127103196
1127315118
1127314250
1127110082
1127314075
1127111248
1127110247
1127109127
1127101025
1127113003
1127114078
1127316105
1127312037
1127204018
1127316115
1127312250
1127315162
1127203022
1127114073
1127312031
1127108195
1127202190
1127204060
1127316213
1125314237
1127401020
1127202191
1127115039
1127205086
1127312003
1127209196
1127204250
1127315025
1127401142
1127215221
1127313225
1127212045
1127207052
1127203028
1127213136
1127401015
1127208192
1127401191
1127216185
1127407209
1127403045
1127301208
1127209233
1127301238
1127406233
1127302195
1127303028
1127409012
1127214171
1127408004
1127305013
1127408115
1127303240
1127405242
1127404166
1127306023
1127303116
1127413156
1127211231
1127416024
1127416232
1127411009
1127413026
1127305068
1127416234
1127305023
1127305014
1127306225
1127306229
1127302197
1127416148
1127502044
1127502189
1127307080
1127508027
1127405165
1127507050
1127308056
1127507049
1127415001
1127503006
1127501115
1127511072
1127506234
1127310232
1127510014
1127308133
1127308232
1127309023
1127311012
1127309022
1127512141
1127310084
1127305193
1127308075
1127506231
1127602130
1127515077
1127610081
1127307146
1127312111
1127311075
1127604106
1127703108
1127312122
1127310235
1127701078
1127705024
1127604250
1127305052
1127502160
1127701159
1127507016
1127710139
1127313072
1127313214
1127708158
1127705168
1127608080
1127703242
1127513168
1127504171
1127509201
1127710051
1127506023
1127508116
1127514146
1127706123
1127505207
1127712078
1127504176
1127511074
1127711175
1127510235
1127509088
1127707163
1127506187
1127714149
1127510080
1127507145
1127716115
1127714100
1127605099
1127603241
1127714080
1127905178
1127713148
1127611126
1127607132
1127612112
1128007223
1128008097
1127615220
1128003222
1127703053
1127615215
1127908154
1128005034
1128007135
1127708056
1128002236
1127912127
1127702181
1128009209
1127703080
1128010225
1127616088
1128011006
1127704141
1127615001
1128012077
1128101208
1127911250
1127703170
1128009169
1128101200
1128010227
1127708082
1127707135
1128108061
1128104084
1127903139
1128114128
1127706149
1127710012
1127706047
1127707191
1128116075
1128114198
1127709152
1128108148
1128012182
1127709157
1127708136
1128115028
1128105175
1127712143
1127710042
1127712250
1127713242
1128105014
1127712141
1128013062
1127714202
1127905149
1127710124
1127715096
1127908133
1127906189
1127907211
1127715070
1127715038
1127911016
1127911128
1127909196
1128001010
1127907168
1128004236
1127912149
1128008088
1128002190
1128009173
1128013196
1128006094
1128007181
1128010150
1128015176
1128105009
1128015036
1128101130
1128011096
1128110174
1128113221
1128110076
1128113223
1128113064
1127607241
1128114245
1127608088
1128113134
1128112065
1127606077
1127706031
1128105080
1128108049
1128116149
1127616012
